mun,1,11,12,13,21,22,23,24,31,32,33,34,41,42,51,52,61,71,72,73,74,81,82,83,91,92,93,98,MUNTOTAL,share1,share11,share12,share13,share21,share22,share23,share24,share31,share32,share33,share34,share41,share42,share51,share52,share61,share71,share72,share73,share74,share81,share82,share83,share91,share92,share93,share98
101,281,18,248,435,616,548,712,1410,431,83,88,1359,2041,885,864,1671,70,442,596,143,454,15,363,484,2544,4,334,218,17357,0.0161894336579,0.00103704557239,0.0142881834418,0.0250619346661,0.035490004033,0.031572276315,0.0410209137524,0.081235236504,0.0248314800945,0.00478193236158,0.00507000057614,0.0782969407156,0.117589445181,0.0509880739759,0.0497781874748,0.0962723973037,0.00403295500374,0.0254652301665,0.0343377311747,0.00823875093622,0.0261565938814,0.00086420464366,0.0209137523766,0.0278850031688,0.146569107565,0.000230454571643,0.0192429567322,0.0125597741545
201,24,3,5,2,2,47,69,20,10,16,26,31,54,29,33,73,61,55,42,2,26,3,6,54,162,23,44,15,937,0.025613660619,0.00320170757737,0.00533617929562,0.00213447171825,0.00213447171825,0.0501600853789,0.0736392742796,0.0213447171825,0.0106723585912,0.017075773746,0.0277481323372,0.0330843116329,0.0576307363927,0.0309498399146,0.0352187833511,0.0779082177161,0.0651013874066,0.0586979722519,0.0448239060832,0.00213447171825,0.0277481323372,0.00320170757737,0.00640341515475,0.0576307363927,0.172892209178,0.0245464247599,0.0469583778015,0.0160085378869
202,5,2,0,1,0,30,8,1,1,0,4,6,10,2,8,35,40,12,10,0,7,0,3,8,62,23,15,5,298,0.0167785234899,0.00671140939597,0.0,0.00335570469799,0.0,0.10067114094,0.0268456375839,0.00335570469799,0.00335570469799,0.0,0.0134228187919,0.0201342281879,0.0335570469799,0.00671140939597,0.0268456375839,0.11744966443,0.134228187919,0.0402684563758,0.0335570469799,0.0,0.0234899328859,0.0,0.010067114094,0.0268456375839,0.208053691275,0.0771812080537,0.0503355704698,0.0167785234899
203,1,16,3,0,0,12,16,2,1,3,3,1,9,2,4,15,17,14,1,0,5,0,3,8,27,4,12,3,182,0.00549450549451,0.0879120879121,0.0164835164835,0.0,0.0,0.0659340659341,0.0879120879121,0.010989010989,0.00549450549451,0.0164835164835,0.0164835164835,0.00549450549451,0.0494505494505,0.010989010989,0.021978021978,0.0824175824176,0.0934065934066,0.0769230769231,0.00549450549451,0.0,0.0274725274725,0.0,0.0164835164835,0.043956043956,0.148351648352,0.021978021978,0.0659340659341,0.0164835164835
204,6,1,4,1,0,28,18,4,2,2,7,8,31,18,10,20,43,15,10,1,4,1,5,18,60,15,12,8,352,0.0170454545455,0.00284090909091,0.0113636363636,0.00284090909091,0.0,0.0795454545455,0.0511363636364,0.0113636363636,0.00568181818182,0.00568181818182,0.0198863636364,0.0227272727273,0.0880681818182,0.0511363636364,0.0284090909091,0.0568181818182,0.122159090909,0.0426136363636,0.0284090909091,0.00284090909091,0.0113636363636,0.00284090909091,0.0142045454545,0.0511363636364,0.170454545455,0.0426136363636,0.0340909090909,0.0227272727273
205,5,2,0,1,0,30,8,1,1,0,4,6,10,2,8,35,40,12,10,0,7,0,3,8,62,23,15,5,298,0.0167785234899,0.00671140939597,0.0,0.00335570469799,0.0,0.10067114094,0.0268456375839,0.00335570469799,0.00335570469799,0.0,0.0134228187919,0.0201342281879,0.0335570469799,0.00671140939597,0.0268456375839,0.11744966443,0.134228187919,0.0402684563758,0.0335570469799,0.0,0.0234899328859,0.0,0.010067114094,0.0268456375839,0.208053691275,0.0771812080537,0.0503355704698,0.0167785234899
206,6,1,4,1,0,28,18,4,2,2,7,8,31,18,10,20,43,15,10,1,4,1,5,18,60,15,12,8,352,0.0170454545455,0.00284090909091,0.0113636363636,0.00284090909091,0.0,0.0795454545455,0.0511363636364,0.0113636363636,0.00568181818182,0.00568181818182,0.0198863636364,0.0227272727273,0.0880681818182,0.0511363636364,0.0284090909091,0.0568181818182,0.122159090909,0.0426136363636,0.0284090909091,0.00284090909091,0.0113636363636,0.00284090909091,0.0142045454545,0.0511363636364,0.170454545455,0.0426136363636,0.0340909090909,0.0227272727273
207,24,3,5,2,2,47,69,20,10,16,26,31,54,29,33,73,61,55,42,2,26,3,6,54,162,23,44,15,937,0.025613660619,0.00320170757737,0.00533617929562,0.00213447171825,0.00213447171825,0.0501600853789,0.0736392742796,0.0213447171825,0.0106723585912,0.017075773746,0.0277481323372,0.0330843116329,0.0576307363927,0.0309498399146,0.0352187833511,0.0779082177161,0.0651013874066,0.0586979722519,0.0448239060832,0.00213447171825,0.0277481323372,0.00320170757737,0.00640341515475,0.0576307363927,0.172892209178,0.0245464247599,0.0469583778015,0.0160085378869
208,1,16,3,0,0,12,16,2,1,3,3,1,9,2,4,15,17,14,1,0,5,0,3,8,27,4,12,3,182,0.00549450549451,0.0879120879121,0.0164835164835,0.0,0.0,0.0659340659341,0.0879120879121,0.010989010989,0.00549450549451,0.0164835164835,0.0164835164835,0.00549450549451,0.0494505494505,0.010989010989,0.021978021978,0.0824175824176,0.0934065934066,0.0769230769231,0.00549450549451,0.0,0.0274725274725,0.0,0.0164835164835,0.043956043956,0.148351648352,0.021978021978,0.0659340659341,0.0164835164835
209,1,16,3,0,0,12,16,2,1,3,3,1,9,2,4,15,17,14,1,0,5,0,3,8,27,4,12,3,182,0.00549450549451,0.0879120879121,0.0164835164835,0.0,0.0,0.0659340659341,0.0879120879121,0.010989010989,0.00549450549451,0.0164835164835,0.0164835164835,0.00549450549451,0.0494505494505,0.010989010989,0.021978021978,0.0824175824176,0.0934065934066,0.0769230769231,0.00549450549451,0.0,0.0274725274725,0.0,0.0164835164835,0.043956043956,0.148351648352,0.021978021978,0.0659340659341,0.0164835164835
210,5,2,0,1,0,30,8,1,1,0,4,6,10,2,8,35,40,12,10,0,7,0,3,8,62,23,15,5,298,0.0167785234899,0.00671140939597,0.0,0.00335570469799,0.0,0.10067114094,0.0268456375839,0.00335570469799,0.00335570469799,0.0,0.0134228187919,0.0201342281879,0.0335570469799,0.00671140939597,0.0268456375839,0.11744966443,0.134228187919,0.0402684563758,0.0335570469799,0.0,0.0234899328859,0.0,0.010067114094,0.0268456375839,0.208053691275,0.0771812080537,0.0503355704698,0.0167785234899
301,22,4,3,1,2,11,47,2,5,5,12,13,30,9,17,20,16,25,9,0,8,3,2,11,68,14,15,14,388,0.0567010309278,0.0103092783505,0.00773195876289,0.00257731958763,0.00515463917526,0.0283505154639,0.121134020619,0.00515463917526,0.0128865979381,0.0128865979381,0.0309278350515,0.0335051546392,0.0773195876289,0.0231958762887,0.0438144329897,0.0515463917526,0.0412371134021,0.0644329896907,0.0231958762887,0.0,0.020618556701,0.00773195876289,0.00515463917526,0.0283505154639,0.175257731959,0.0360824742268,0.0386597938144,0.0360824742268
302,22,4,3,1,2,11,47,2,5,5,12,13,30,9,17,20,16,25,9,0,8,3,2,11,68,14,15,14,388,0.0567010309278,0.0103092783505,0.00773195876289,0.00257731958763,0.00515463917526,0.0283505154639,0.121134020619,0.00515463917526,0.0128865979381,0.0128865979381,0.0309278350515,0.0335051546392,0.0773195876289,0.0231958762887,0.0438144329897,0.0515463917526,0.0412371134021,0.0644329896907,0.0231958762887,0.0,0.020618556701,0.00773195876289,0.00515463917526,0.0283505154639,0.175257731959,0.0360824742268,0.0386597938144,0.0360824742268
303,6,2,1,0,1,4,9,12,4,4,4,2,6,2,9,12,38,13,3,0,1,3,2,20,47,35,5,4,249,0.0240963855422,0.00803212851406,0.00401606425703,0.0,0.00401606425703,0.0160642570281,0.0361445783133,0.0481927710843,0.0160642570281,0.0160642570281,0.0160642570281,0.00803212851406,0.0240963855422,0.00803212851406,0.0361445783133,0.0481927710843,0.152610441767,0.0522088353414,0.0120481927711,0.0,0.00401606425703,0.0120481927711,0.00803212851406,0.0803212851406,0.18875502008,0.140562248996,0.0200803212851,0.0160642570281
304,22,4,3,1,2,11,47,2,5,5,12,13,30,9,17,20,16,25,9,0,8,3,2,11,68,14,15,14,388,0.0567010309278,0.0103092783505,0.00773195876289,0.00257731958763,0.00515463917526,0.0283505154639,0.121134020619,0.00515463917526,0.0128865979381,0.0128865979381,0.0309278350515,0.0335051546392,0.0773195876289,0.0231958762887,0.0438144329897,0.0515463917526,0.0412371134021,0.0644329896907,0.0231958762887,0.0,0.020618556701,0.00773195876289,0.00515463917526,0.0283505154639,0.175257731959,0.0360824742268,0.0386597938144,0.0360824742268
305,22,4,3,1,2,11,47,2,5,5,12,13,30,9,17,20,16,25,9,0,8,3,2,11,68,14,15,14,388,0.0567010309278,0.0103092783505,0.00773195876289,0.00257731958763,0.00515463917526,0.0283505154639,0.121134020619,0.00515463917526,0.0128865979381,0.0128865979381,0.0309278350515,0.0335051546392,0.0773195876289,0.0231958762887,0.0438144329897,0.0515463917526,0.0412371134021,0.0644329896907,0.0231958762887,0.0,0.020618556701,0.00773195876289,0.00515463917526,0.0283505154639,0.175257731959,0.0360824742268,0.0386597938144,0.0360824742268
401,34,3,4,7,7,29,66,25,21,7,6,27,64,28,66,66,21,31,38,2,30,3,61,28,167,22,36,15,914,0.0371991247265,0.00328227571116,0.00437636761488,0.00765864332604,0.00765864332604,0.0317286652079,0.0722100656455,0.027352297593,0.0229759299781,0.00765864332604,0.00656455142232,0.0295404814004,0.0700218818381,0.0306345733042,0.0722100656455,0.0722100656455,0.0229759299781,0.0339168490153,0.0415754923414,0.00218818380744,0.0328227571116,0.00328227571116,0.0667396061269,0.0306345733042,0.182713347921,0.0240700218818,0.0393873085339,0.0164113785558
402,16,1,0,1,2,7,10,1,0,5,6,3,14,2,17,8,16,8,2,0,3,0,6,6,36,22,15,2,209,0.0765550239234,0.00478468899522,0.0,0.00478468899522,0.00956937799043,0.0334928229665,0.0478468899522,0.00478468899522,0.0,0.0239234449761,0.0287081339713,0.0143540669856,0.066985645933,0.00956937799043,0.0813397129187,0.0382775119617,0.0765550239234,0.0382775119617,0.00956937799043,0.0,0.0143540669856,0.0,0.0287081339713,0.0287081339713,0.172248803828,0.105263157895,0.0717703349282,0.00956937799043
403,2,3,1,0,1,6,15,1,2,3,3,5,11,2,7,5,41,8,5,0,0,0,0,5,51,44,8,1,230,0.00869565217391,0.0130434782609,0.00434782608696,0.0,0.00434782608696,0.0260869565217,0.0652173913043,0.00434782608696,0.00869565217391,0.0130434782609,0.0130434782609,0.0217391304348,0.0478260869565,0.00869565217391,0.0304347826087,0.0217391304348,0.178260869565,0.0347826086957,0.0217391304348,0.0,0.0,0.0,0.0,0.0217391304348,0.221739130435,0.191304347826,0.0347826086957,0.00434782608696
404,2,3,1,0,1,6,15,1,2,3,3,5,11,2,7,5,41,8,5,0,0,0,0,5,51,44,8,1,230,0.00869565217391,0.0130434782609,0.00434782608696,0.0,0.00434782608696,0.0260869565217,0.0652173913043,0.00434782608696,0.00869565217391,0.0130434782609,0.0130434782609,0.0217391304348,0.0478260869565,0.00869565217391,0.0304347826087,0.0217391304348,0.178260869565,0.0347826086957,0.0217391304348,0.0,0.0,0.0,0.0,0.0217391304348,0.221739130435,0.191304347826,0.0347826086957,0.00434782608696
405,12,1,1,0,0,5,11,0,2,2,3,2,7,7,8,3,21,8,2,0,2,2,1,8,28,17,11,2,166,0.0722891566265,0.00602409638554,0.00602409638554,0.0,0.0,0.0301204819277,0.066265060241,0.0,0.0120481927711,0.0120481927711,0.0180722891566,0.0120481927711,0.0421686746988,0.0421686746988,0.0481927710843,0.0180722891566,0.126506024096,0.0481927710843,0.0120481927711,0.0,0.0120481927711,0.0120481927711,0.00602409638554,0.0481927710843,0.168674698795,0.102409638554,0.066265060241,0.0120481927711
406,34,3,4,7,7,29,66,25,21,7,6,27,64,28,66,66,21,31,38,2,30,3,61,28,167,22,36,15,914,0.0371991247265,0.00328227571116,0.00437636761488,0.00765864332604,0.00765864332604,0.0317286652079,0.0722100656455,0.027352297593,0.0229759299781,0.00765864332604,0.00656455142232,0.0295404814004,0.0700218818381,0.0306345733042,0.0722100656455,0.0722100656455,0.0229759299781,0.0339168490153,0.0415754923414,0.00218818380744,0.0328227571116,0.00328227571116,0.0667396061269,0.0306345733042,0.182713347921,0.0240700218818,0.0393873085339,0.0164113785558
407,34,3,4,7,7,29,66,25,21,7,6,27,64,28,66,66,21,31,38,2,30,3,61,28,167,22,36,15,914,0.0371991247265,0.00328227571116,0.00437636761488,0.00765864332604,0.00765864332604,0.0317286652079,0.0722100656455,0.027352297593,0.0229759299781,0.00765864332604,0.00656455142232,0.0295404814004,0.0700218818381,0.0306345733042,0.0722100656455,0.0722100656455,0.0229759299781,0.0339168490153,0.0415754923414,0.00218818380744,0.0328227571116,0.00328227571116,0.0667396061269,0.0306345733042,0.182713347921,0.0240700218818,0.0393873085339,0.0164113785558
408,34,3,4,7,7,29,66,25,21,7,6,27,64,28,66,66,21,31,38,2,30,3,61,28,167,22,36,15,914,0.0371991247265,0.00328227571116,0.00437636761488,0.00765864332604,0.00765864332604,0.0317286652079,0.0722100656455,0.027352297593,0.0229759299781,0.00765864332604,0.00656455142232,0.0295404814004,0.0700218818381,0.0306345733042,0.0722100656455,0.0722100656455,0.0229759299781,0.0339168490153,0.0415754923414,0.00218818380744,0.0328227571116,0.00328227571116,0.0667396061269,0.0306345733042,0.182713347921,0.0240700218818,0.0393873085339,0.0164113785558
409,16,1,0,1,2,7,10,1,0,5,6,3,14,2,17,8,16,8,2,0,3,0,6,6,36,22,15,2,209,0.0765550239234,0.00478468899522,0.0,0.00478468899522,0.00956937799043,0.0334928229665,0.0478468899522,0.00478468899522,0.0,0.0239234449761,0.0287081339713,0.0143540669856,0.066985645933,0.00956937799043,0.0813397129187,0.0382775119617,0.0765550239234,0.0382775119617,0.00956937799043,0.0,0.0143540669856,0.0,0.0287081339713,0.0287081339713,0.172248803828,0.105263157895,0.0717703349282,0.00956937799043
410,16,1,0,1,2,7,10,1,0,5,6,3,14,2,17,8,16,8,2,0,3,0,6,6,36,22,15,2,209,0.0765550239234,0.00478468899522,0.0,0.00478468899522,0.00956937799043,0.0334928229665,0.0478468899522,0.00478468899522,0.0,0.0239234449761,0.0287081339713,0.0143540669856,0.066985645933,0.00956937799043,0.0813397129187,0.0382775119617,0.0765550239234,0.0382775119617,0.00956937799043,0.0,0.0143540669856,0.0,0.0287081339713,0.0287081339713,0.172248803828,0.105263157895,0.0717703349282,0.00956937799043
411,12,1,1,0,0,5,11,0,2,2,3,2,7,7,8,3,21,8,2,0,2,2,1,8,28,17,11,2,166,0.0722891566265,0.00602409638554,0.00602409638554,0.0,0.0,0.0301204819277,0.066265060241,0.0,0.0120481927711,0.0120481927711,0.0180722891566,0.0120481927711,0.0421686746988,0.0421686746988,0.0481927710843,0.0180722891566,0.126506024096,0.0481927710843,0.0120481927711,0.0,0.0120481927711,0.0120481927711,0.00602409638554,0.0481927710843,0.168674698795,0.102409638554,0.066265060241,0.0120481927711
501,32,0,0,0,1,17,25,2,1,9,9,7,26,11,15,27,18,7,6,1,5,1,7,11,52,4,13,0,307,0.104234527687,0.0,0.0,0.0,0.00325732899023,0.0553745928339,0.0814332247557,0.00651465798046,0.00325732899023,0.0293159609121,0.0293159609121,0.0228013029316,0.0846905537459,0.0358306188925,0.0488599348534,0.0879478827362,0.0586319218241,0.0228013029316,0.0195439739414,0.00325732899023,0.0162866449511,0.00325732899023,0.0228013029316,0.0358306188925,0.169381107492,0.0130293159609,0.042345276873,0.0
502,21,1,1,1,0,14,33,7,4,5,10,5,24,21,25,18,33,15,4,1,4,4,8,22,64,8,12,1,366,0.0573770491803,0.00273224043716,0.00273224043716,0.00273224043716,0.0,0.0382513661202,0.0901639344262,0.0191256830601,0.0109289617486,0.0136612021858,0.0273224043716,0.0136612021858,0.0655737704918,0.0573770491803,0.068306010929,0.0491803278689,0.0901639344262,0.0409836065574,0.0109289617486,0.00273224043716,0.0109289617486,0.0109289617486,0.0218579234973,0.0601092896175,0.174863387978,0.0218579234973,0.0327868852459,0.00273224043716
503,21,1,1,1,0,14,33,7,4,5,10,5,24,21,25,18,33,15,4,1,4,4,8,22,64,8,12,1,366,0.0573770491803,0.00273224043716,0.00273224043716,0.00273224043716,0.0,0.0382513661202,0.0901639344262,0.0191256830601,0.0109289617486,0.0136612021858,0.0273224043716,0.0136612021858,0.0655737704918,0.0573770491803,0.068306010929,0.0491803278689,0.0901639344262,0.0409836065574,0.0109289617486,0.00273224043716,0.0109289617486,0.0109289617486,0.0218579234973,0.0601092896175,0.174863387978,0.0218579234973,0.0327868852459,0.00273224043716
504,21,1,1,1,0,14,33,7,4,5,10,5,24,21,25,18,33,15,4,1,4,4,8,22,64,8,12,1,366,0.0573770491803,0.00273224043716,0.00273224043716,0.00273224043716,0.0,0.0382513661202,0.0901639344262,0.0191256830601,0.0109289617486,0.0136612021858,0.0273224043716,0.0136612021858,0.0655737704918,0.0573770491803,0.068306010929,0.0491803278689,0.0901639344262,0.0409836065574,0.0109289617486,0.00273224043716,0.0109289617486,0.0109289617486,0.0218579234973,0.0601092896175,0.174863387978,0.0218579234973,0.0327868852459,0.00273224043716
505,21,1,1,1,0,14,33,7,4,5,10,5,24,21,25,18,33,15,4,1,4,4,8,22,64,8,12,1,366,0.0573770491803,0.00273224043716,0.00273224043716,0.00273224043716,0.0,0.0382513661202,0.0901639344262,0.0191256830601,0.0109289617486,0.0136612021858,0.0273224043716,0.0136612021858,0.0655737704918,0.0573770491803,0.068306010929,0.0491803278689,0.0901639344262,0.0409836065574,0.0109289617486,0.00273224043716,0.0109289617486,0.0109289617486,0.0218579234973,0.0601092896175,0.174863387978,0.0218579234973,0.0327868852459,0.00273224043716
601,11,8,10,45,14,89,163,53,34,36,27,87,233,107,159,257,316,229,135,9,151,4,92,135,516,126,155,29,3230,0.00340557275542,0.00247678018576,0.0030959752322,0.0139318885449,0.00433436532508,0.0275541795666,0.0504643962848,0.0164086687307,0.0105263157895,0.0111455108359,0.00835913312693,0.0269349845201,0.0721362229102,0.0331269349845,0.049226006192,0.0795665634675,0.0978328173375,0.0708978328173,0.0417956656347,0.00278637770898,0.0467492260062,0.00123839009288,0.0284829721362,0.0417956656347,0.159752321981,0.0390092879257,0.0479876160991,0.00897832817337
602,3,5,5,10,1,23,60,9,14,6,7,28,53,41,54,57,213,60,33,3,18,1,18,46,140,102,67,7,1084,0.00276752767528,0.00461254612546,0.00461254612546,0.00922509225092,0.000922509225092,0.0212177121771,0.0553505535055,0.00830258302583,0.0129151291513,0.00553505535055,0.00645756457565,0.0258302583026,0.0488929889299,0.0378228782288,0.049815498155,0.0525830258303,0.196494464945,0.0553505535055,0.030442804428,0.00276752767528,0.0166051660517,0.000922509225092,0.0166051660517,0.0424354243542,0.129151291513,0.0940959409594,0.0618081180812,0.00645756457565
603,7,5,6,14,1,26,74,10,14,9,10,30,59,38,59,64,234,60,31,3,17,2,22,43,157,113,66,6,1180,0.00593220338983,0.00423728813559,0.00508474576271,0.0118644067797,0.000847457627119,0.0220338983051,0.0627118644068,0.00847457627119,0.0118644067797,0.00762711864407,0.00847457627119,0.0254237288136,0.05,0.0322033898305,0.05,0.0542372881356,0.198305084746,0.0508474576271,0.0262711864407,0.00254237288136,0.014406779661,0.00169491525424,0.0186440677966,0.0364406779661,0.133050847458,0.0957627118644,0.0559322033898,0.00508474576271
604,1,4,5,9,1,23,54,8,14,6,6,27,49,34,47,52,196,50,29,3,16,1,18,37,122,86,57,5,960,0.00104166666667,0.00416666666667,0.00520833333333,0.009375,0.00104166666667,0.0239583333333,0.05625,0.00833333333333,0.0145833333333,0.00625,0.00625,0.028125,0.0510416666667,0.0354166666667,0.0489583333333,0.0541666666667,0.204166666667,0.0520833333333,0.0302083333333,0.003125,0.0166666666667,0.00104166666667,0.01875,0.0385416666667,0.127083333333,0.0895833333333,0.059375,0.00520833333333
605,3,5,5,10,1,23,60,9,14,6,7,28,53,41,54,57,213,60,33,3,18,1,18,46,140,102,67,7,1084,0.00276752767528,0.00461254612546,0.00461254612546,0.00922509225092,0.000922509225092,0.0212177121771,0.0553505535055,0.00830258302583,0.0129151291513,0.00553505535055,0.00645756457565,0.0258302583026,0.0488929889299,0.0378228782288,0.049815498155,0.0525830258303,0.196494464945,0.0553505535055,0.030442804428,0.00276752767528,0.0166051660517,0.000922509225092,0.0166051660517,0.0424354243542,0.129151291513,0.0940959409594,0.0618081180812,0.00645756457565
606,1,4,5,9,1,23,54,8,14,6,6,27,49,34,47,52,196,50,29,3,16,1,18,37,122,86,57,5,960,0.00104166666667,0.00416666666667,0.00520833333333,0.009375,0.00104166666667,0.0239583333333,0.05625,0.00833333333333,0.0145833333333,0.00625,0.00625,0.028125,0.0510416666667,0.0354166666667,0.0489583333333,0.0541666666667,0.204166666667,0.0520833333333,0.0302083333333,0.003125,0.0166666666667,0.00104166666667,0.01875,0.0385416666667,0.127083333333,0.0895833333333,0.059375,0.00520833333333
607,7,5,6,14,1,26,74,10,14,9,10,30,59,38,59,64,234,60,31,3,17,2,22,43,157,113,66,6,1180,0.00593220338983,0.00423728813559,0.00508474576271,0.0118644067797,0.000847457627119,0.0220338983051,0.0627118644068,0.00847457627119,0.0118644067797,0.00762711864407,0.00847457627119,0.0254237288136,0.05,0.0322033898305,0.05,0.0542372881356,0.198305084746,0.0508474576271,0.0262711864407,0.00254237288136,0.014406779661,0.00169491525424,0.0186440677966,0.0364406779661,0.133050847458,0.0957627118644,0.0559322033898,0.00508474576271
701,23,5,3,0,0,5,23,1,1,1,4,6,33,4,12,8,14,2,0,0,6,2,0,7,46,4,7,5,222,0.103603603604,0.0225225225225,0.0135135135135,0.0,0.0,0.0225225225225,0.103603603604,0.0045045045045,0.0045045045045,0.0045045045045,0.018018018018,0.027027027027,0.148648648649,0.018018018018,0.0540540540541,0.036036036036,0.0630630630631,0.00900900900901,0.0,0.0,0.027027027027,0.00900900900901,0.0,0.0315315315315,0.207207207207,0.018018018018,0.0315315315315,0.0225225225225
702,23,5,3,0,0,5,23,1,1,1,4,6,33,4,12,8,14,2,0,0,6,2,0,7,46,4,7,5,222,0.103603603604,0.0225225225225,0.0135135135135,0.0,0.0,0.0225225225225,0.103603603604,0.0045045045045,0.0045045045045,0.0045045045045,0.018018018018,0.027027027027,0.148648648649,0.018018018018,0.0540540540541,0.036036036036,0.0630630630631,0.00900900900901,0.0,0.0,0.027027027027,0.00900900900901,0.0,0.0315315315315,0.207207207207,0.018018018018,0.0315315315315,0.0225225225225
703,1,1,1,0,0,3,9,1,0,2,2,3,10,6,7,9,11,2,2,0,0,0,0,0,15,11,1,2,99,0.010101010101,0.010101010101,0.010101010101,0.0,0.0,0.030303030303,0.0909090909091,0.010101010101,0.0,0.020202020202,0.020202020202,0.030303030303,0.10101010101,0.0606060606061,0.0707070707071,0.0909090909091,0.111111111111,0.020202020202,0.020202020202,0.0,0.0,0.0,0.0,0.0,0.151515151515,0.111111111111,0.010101010101,0.020202020202
704,1,1,1,0,0,3,9,1,0,2,2,3,10,6,7,9,11,2,2,0,0,0,0,0,15,11,1,2,99,0.010101010101,0.010101010101,0.010101010101,0.0,0.0,0.030303030303,0.0909090909091,0.010101010101,0.0,0.020202020202,0.020202020202,0.030303030303,0.10101010101,0.0606060606061,0.0707070707071,0.0909090909091,0.111111111111,0.020202020202,0.020202020202,0.0,0.0,0.0,0.0,0.0,0.151515151515,0.111111111111,0.010101010101,0.020202020202
705,23,5,3,0,0,5,23,1,1,1,4,6,33,4,12,8,14,2,0,0,6,2,0,7,46,4,7,5,222,0.103603603604,0.0225225225225,0.0135135135135,0.0,0.0,0.0225225225225,0.103603603604,0.0045045045045,0.0045045045045,0.0045045045045,0.018018018018,0.027027027027,0.148648648649,0.018018018018,0.0540540540541,0.036036036036,0.0630630630631,0.00900900900901,0.0,0.0,0.027027027027,0.00900900900901,0.0,0.0315315315315,0.207207207207,0.018018018018,0.0315315315315,0.0225225225225
706,1,1,1,0,0,3,9,1,0,2,2,3,10,6,7,9,11,2,2,0,0,0,0,0,15,11,1,2,99,0.010101010101,0.010101010101,0.010101010101,0.0,0.0,0.030303030303,0.0909090909091,0.010101010101,0.0,0.020202020202,0.020202020202,0.030303030303,0.10101010101,0.0606060606061,0.0707070707071,0.0909090909091,0.111111111111,0.020202020202,0.020202020202,0.0,0.0,0.0,0.0,0.0,0.151515151515,0.111111111111,0.010101010101,0.020202020202
801,6,1,3,4,4,21,38,12,4,3,8,14,25,24,67,25,150,20,15,1,23,3,34,38,104,178,26,5,856,0.00700934579439,0.00116822429907,0.0035046728972,0.00467289719626,0.00467289719626,0.0245327102804,0.0443925233645,0.0140186915888,0.00467289719626,0.0035046728972,0.00934579439252,0.0163551401869,0.0292056074766,0.0280373831776,0.0782710280374,0.0292056074766,0.17523364486,0.0233644859813,0.017523364486,0.00116822429907,0.0268691588785,0.0035046728972,0.0397196261682,0.0443925233645,0.121495327103,0.207943925234,0.0303738317757,0.00584112149533
802,2,3,0,3,1,9,11,1,2,0,3,2,7,7,17,12,36,20,2,1,3,0,2,14,47,25,11,3,244,0.00819672131148,0.0122950819672,0.0,0.0122950819672,0.00409836065574,0.0368852459016,0.0450819672131,0.00409836065574,0.00819672131148,0.0,0.0122950819672,0.00819672131148,0.0286885245902,0.0286885245902,0.0696721311475,0.0491803278689,0.147540983607,0.0819672131148,0.00819672131148,0.00409836065574,0.0122950819672,0.0,0.00819672131148,0.0573770491803,0.19262295082,0.102459016393,0.0450819672131,0.0122950819672
901,8,2,8,29,17,39,113,49,31,15,23,109,191,81,138,273,226,152,171,32,202,2,345,122,400,79,96,34,2987,0.00267827251423,0.000669568128557,0.00267827251423,0.00970873786408,0.00569132909274,0.0130565785069,0.0378305992635,0.0164044191496,0.0103783059926,0.00502176096418,0.00770003347841,0.0364914630064,0.0639437562772,0.0271175092066,0.0462002008704,0.091396049548,0.075661198527,0.0508871777703,0.0572480749916,0.0107130900569,0.0676263809843,0.000669568128557,0.115500502176,0.040843655842,0.133913625711,0.026447941078,0.0321392701707,0.0113826581855
902,8,2,8,29,17,39,113,49,31,15,23,109,191,81,138,273,226,152,171,32,202,2,345,122,400,79,96,34,2987,0.00267827251423,0.000669568128557,0.00267827251423,0.00970873786408,0.00569132909274,0.0130565785069,0.0378305992635,0.0164044191496,0.0103783059926,0.00502176096418,0.00770003347841,0.0364914630064,0.0639437562772,0.0271175092066,0.0462002008704,0.091396049548,0.075661198527,0.0508871777703,0.0572480749916,0.0107130900569,0.0676263809843,0.000669568128557,0.115500502176,0.040843655842,0.133913625711,0.026447941078,0.0321392701707,0.0113826581855
903,6,4,2,6,5,5,49,6,5,3,18,20,58,33,87,105,133,62,32,1,51,0,46,46,160,46,39,12,1040,0.00576923076923,0.00384615384615,0.00192307692308,0.00576923076923,0.00480769230769,0.00480769230769,0.0471153846154,0.00576923076923,0.00480769230769,0.00288461538462,0.0173076923077,0.0192307692308,0.0557692307692,0.0317307692308,0.0836538461538,0.100961538462,0.127884615385,0.0596153846154,0.0307692307692,0.000961538461538,0.0490384615385,0.0,0.0442307692308,0.0442307692308,0.153846153846,0.0442307692308,0.0375,0.0115384615385
904,6,4,2,6,5,5,49,6,5,3,18,20,58,33,87,105,133,62,32,1,51,0,46,46,160,46,39,12,1040,0.00576923076923,0.00384615384615,0.00192307692308,0.00576923076923,0.00480769230769,0.00480769230769,0.0471153846154,0.00576923076923,0.00480769230769,0.00288461538462,0.0173076923077,0.0192307692308,0.0557692307692,0.0317307692308,0.0836538461538,0.100961538462,0.127884615385,0.0596153846154,0.0307692307692,0.000961538461538,0.0490384615385,0.0,0.0442307692308,0.0442307692308,0.153846153846,0.0442307692308,0.0375,0.0115384615385
1001,61,7,2,2,2,9,35,3,2,11,7,20,22,5,33,11,21,11,5,0,4,7,4,15,84,15,9,4,411,0.148418491484,0.0170316301703,0.00486618004866,0.00486618004866,0.00486618004866,0.021897810219,0.0851581508516,0.00729927007299,0.00486618004866,0.0267639902676,0.0170316301703,0.0486618004866,0.0535279805353,0.0121654501217,0.0802919708029,0.0267639902676,0.0510948905109,0.0267639902676,0.0121654501217,0.0,0.00973236009732,0.0170316301703,0.00973236009732,0.036496350365,0.204379562044,0.036496350365,0.021897810219,0.00973236009732
1002,61,7,2,2,2,9,35,3,2,11,7,20,22,5,33,11,21,11,5,0,4,7,4,15,84,15,9,4,411,0.148418491484,0.0170316301703,0.00486618004866,0.00486618004866,0.00486618004866,0.021897810219,0.0851581508516,0.00729927007299,0.00486618004866,0.0267639902676,0.0170316301703,0.0486618004866,0.0535279805353,0.0121654501217,0.0802919708029,0.0267639902676,0.0510948905109,0.0267639902676,0.0121654501217,0.0,0.00973236009732,0.0170316301703,0.00973236009732,0.036496350365,0.204379562044,0.036496350365,0.021897810219,0.00973236009732
1003,61,7,2,2,2,9,35,3,2,11,7,20,22,5,33,11,21,11,5,0,4,7,4,15,84,15,9,4,411,0.148418491484,0.0170316301703,0.00486618004866,0.00486618004866,0.00486618004866,0.021897810219,0.0851581508516,0.00729927007299,0.00486618004866,0.0267639902676,0.0170316301703,0.0486618004866,0.0535279805353,0.0121654501217,0.0802919708029,0.0267639902676,0.0510948905109,0.0267639902676,0.0121654501217,0.0,0.00973236009732,0.0170316301703,0.00973236009732,0.036496350365,0.204379562044,0.036496350365,0.021897810219,0.00973236009732
1004,61,7,2,2,2,9,35,3,2,11,7,20,22,5,33,11,21,11,5,0,4,7,4,15,84,15,9,4,411,0.148418491484,0.0170316301703,0.00486618004866,0.00486618004866,0.00486618004866,0.021897810219,0.0851581508516,0.00729927007299,0.00486618004866,0.0267639902676,0.0170316301703,0.0486618004866,0.0535279805353,0.0121654501217,0.0802919708029,0.0267639902676,0.0510948905109,0.0267639902676,0.0121654501217,0.0,0.00973236009732,0.0170316301703,0.00973236009732,0.036496350365,0.204379562044,0.036496350365,0.021897810219,0.00973236009732
1005,61,7,2,2,2,9,35,3,2,11,7,20,22,5,33,11,21,11,5,0,4,7,4,15,84,15,9,4,411,0.148418491484,0.0170316301703,0.00486618004866,0.00486618004866,0.00486618004866,0.021897810219,0.0851581508516,0.00729927007299,0.00486618004866,0.0267639902676,0.0170316301703,0.0486618004866,0.0535279805353,0.0121654501217,0.0802919708029,0.0267639902676,0.0510948905109,0.0267639902676,0.0121654501217,0.0,0.00973236009732,0.0170316301703,0.00973236009732,0.036496350365,0.204379562044,0.036496350365,0.021897810219,0.00973236009732
1006,61,7,2,2,2,9,35,3,2,11,7,20,22,5,33,11,21,11,5,0,4,7,4,15,84,15,9,4,411,0.148418491484,0.0170316301703,0.00486618004866,0.00486618004866,0.00486618004866,0.021897810219,0.0851581508516,0.00729927007299,0.00486618004866,0.0267639902676,0.0170316301703,0.0486618004866,0.0535279805353,0.0121654501217,0.0802919708029,0.0267639902676,0.0510948905109,0.0267639902676,0.0121654501217,0.0,0.00973236009732,0.0170316301703,0.00973236009732,0.036496350365,0.204379562044,0.036496350365,0.021897810219,0.00973236009732
1101,10,2,11,42,4,36,62,26,26,11,14,90,134,158,467,250,161,162,68,16,90,2,39,147,375,78,60,31,2572,0.00388802488336,0.000777604976672,0.0042768273717,0.0163297045101,0.00155520995334,0.0139968895801,0.0241057542768,0.0101088646967,0.0101088646967,0.0042768273717,0.0054432348367,0.0349922239502,0.052099533437,0.0614307931571,0.181570762053,0.097200622084,0.0625972006221,0.0629860031104,0.0264385692068,0.00622083981337,0.0349922239502,0.000777604976672,0.0151632970451,0.0571539657854,0.145800933126,0.0303265940902,0.0233281493002,0.0120528771384
1102,1,1,3,5,0,0,9,4,5,2,2,7,19,24,73,27,72,27,6,2,11,6,5,24,90,87,18,10,540,0.00185185185185,0.00185185185185,0.00555555555556,0.00925925925926,0.0,0.0,0.0166666666667,0.00740740740741,0.00925925925926,0.0037037037037,0.0037037037037,0.012962962963,0.0351851851852,0.0444444444444,0.135185185185,0.05,0.133333333333,0.05,0.0111111111111,0.0037037037037,0.0203703703704,0.0111111111111,0.00925925925926,0.0444444444444,0.166666666667,0.161111111111,0.0333333333333,0.0185185185185
1201,13,4,9,24,53,50,101,82,81,29,20,162,228,106,406,249,138,254,197,11,232,10,617,177,517,127,125,48,4070,0.0031941031941,0.000982800982801,0.0022113022113,0.00589680589681,0.0130221130221,0.012285012285,0.0248157248157,0.0201474201474,0.0199017199017,0.00712530712531,0.004914004914,0.0398034398034,0.0560196560197,0.0260442260442,0.0997542997543,0.0611793611794,0.0339066339066,0.0624078624079,0.0484029484029,0.0027027027027,0.0570024570025,0.002457002457,0.151597051597,0.0434889434889,0.127027027027,0.0312039312039,0.0307125307125,0.0117936117936
1202,13,4,9,24,53,50,101,82,81,29,20,162,228,106,406,249,138,254,197,11,232,10,617,177,517,127,125,48,4070,0.0031941031941,0.000982800982801,0.0022113022113,0.00589680589681,0.0130221130221,0.012285012285,0.0248157248157,0.0201474201474,0.0199017199017,0.00712530712531,0.004914004914,0.0398034398034,0.0560196560197,0.0260442260442,0.0997542997543,0.0611793611794,0.0339066339066,0.0624078624079,0.0484029484029,0.0027027027027,0.0570024570025,0.002457002457,0.151597051597,0.0434889434889,0.127027027027,0.0312039312039,0.0307125307125,0.0117936117936
1203,0,0,0,0,0,0,0,0,0,0,0,0,0,0,0,0,0,0,0,0,0,0,0,0,0,0,0,0,0,,,,,,,,,,,,,,,,,,,,,,,,,,,,
1301,30,3,7,14,19,158,117,79,57,27,29,90,186,131,156,366,293,206,160,27,337,8,507,178,533,130,179,46,4073,0.00736557819789,0.000736557819789,0.00171863491284,0.00343726982568,0.004664866192,0.0387920451755,0.0287257549718,0.0193960225878,0.013994598576,0.0066290203781,0.00712005892463,0.0220967345937,0.0456665848269,0.0321630247974,0.038301006629,0.0898600540142,0.071937147066,0.0505769702922,0.0392830837221,0.0066290203781,0.0827399950896,0.0019641541861,0.124478271544,0.0437024306408,0.130861772649,0.0319175055242,0.0439479499141,0.0112938865701
1302,18,2,4,4,3,62,36,12,6,3,2,16,37,36,32,87,146,47,38,8,49,1,57,61,139,148,74,10,1138,0.0158172231986,0.00175746924429,0.00351493848858,0.00351493848858,0.00263620386643,0.0544815465729,0.0316344463972,0.0105448154657,0.00527240773286,0.00263620386643,0.00175746924429,0.0140597539543,0.0325131810193,0.0316344463972,0.0281195079086,0.0764499121265,0.128295254833,0.0413005272408,0.0333919156415,0.00702987697715,0.0430579964851,0.000878734622144,0.0500878734622,0.0536028119508,0.122144112478,0.130052724077,0.0650263620387,0.00878734622144
1303,5,3,3,6,2,76,50,12,8,4,10,18,48,31,50,86,179,83,47,9,56,3,68,59,186,90,81,28,1301,0.00384319754035,0.00230591852421,0.00230591852421,0.00461183704842,0.00153727901614,0.0584166026134,0.0384319754035,0.00922367409685,0.00614911606457,0.00307455803228,0.00768639508071,0.0138355111453,0.0368946963874,0.0238278247502,0.0384319754035,0.0661029976941,0.137586471945,0.0637970791699,0.0361260568793,0.00691775557264,0.043043812452,0.00230591852421,0.0522674865488,0.0453497309762,0.142966948501,0.0691775557264,0.0622598001537,0.021521906226
1304,4,1,1,3,1,35,26,6,5,7,1,12,30,16,30,62,124,32,34,7,52,1,68,42,109,79,62,11,861,0.00464576074332,0.00116144018583,0.00116144018583,0.00348432055749,0.00116144018583,0.0406504065041,0.0301974448316,0.00696864111498,0.00580720092915,0.00813008130081,0.00116144018583,0.01393728223,0.0348432055749,0.0185830429733,0.0348432055749,0.0720092915215,0.144018583043,0.0371660859466,0.0394889663182,0.00813008130081,0.0603948896632,0.00116144018583,0.0789779326365,0.0487804878049,0.126596980256,0.0917537746806,0.0720092915215,0.0127758420441
1401,7,0,4,4,1,54,74,9,7,7,7,23,66,59,52,116,100,76,39,4,35,0,9,45,168,50,42,9,1067,0.00656044985942,0.0,0.0037488284911,0.0037488284911,0.000937207122774,0.0506091846298,0.0693533270853,0.00843486410497,0.00656044985942,0.00656044985942,0.00656044985942,0.0215557638238,0.0618556701031,0.0552952202437,0.0487347703843,0.108716026242,0.0937207122774,0.0712277413308,0.0365510777882,0.0037488284911,0.0328022492971,0.0,0.00843486410497,0.0421743205248,0.157450796626,0.0468603561387,0.0393626991565,0.00843486410497
1402,5,1,2,3,0,29,61,5,6,3,8,16,38,34,59,73,93,40,21,3,17,1,6,26,150,43,37,9,789,0.0063371356147,0.00126742712294,0.00253485424588,0.00380228136882,0.0,0.0367553865653,0.0773130544994,0.0063371356147,0.00760456273764,0.00380228136882,0.0101394169835,0.020278833967,0.0481622306717,0.04309252218,0.0747782002535,0.0925221799747,0.117870722433,0.0506970849176,0.0266159695817,0.00380228136882,0.02154626109,0.00126742712294,0.00760456273764,0.0329531051965,0.190114068441,0.0544993662864,0.0468948035488,0.0114068441065
1403,0,0,1,2,0,23,24,3,2,1,4,7,20,23,18,39,58,22,14,0,12,0,4,22,90,30,27,5,451,0.0,0.0,0.00221729490022,0.00443458980044,0.0,0.0509977827051,0.0532150776053,0.00665188470067,0.00443458980044,0.00221729490022,0.00886917960089,0.0155210643016,0.0443458980044,0.0509977827051,0.039911308204,0.0864745011086,0.128603104213,0.0487804878049,0.0310421286031,0.0,0.0266075388027,0.0,0.00886917960089,0.0487804878049,0.19955654102,0.0665188470067,0.059866962306,0.0110864745011
1404,5,1,2,3,0,29,61,5,6,3,8,16,38,34,59,73,93,40,21,3,17,1,6,26,150,43,37,9,789,0.0063371356147,0.00126742712294,0.00253485424588,0.00380228136882,0.0,0.0367553865653,0.0773130544994,0.0063371356147,0.00760456273764,0.00380228136882,0.0101394169835,0.020278833967,0.0481622306717,0.04309252218,0.0747782002535,0.0925221799747,0.117870722433,0.0506970849176,0.0266159695817,0.00380228136882,0.02154626109,0.00126742712294,0.00760456273764,0.0329531051965,0.190114068441,0.0544993662864,0.0468948035488,0.0114068441065
1501,5,1,3,4,4,15,38,10,7,10,8,23,40,15,35,41,103,24,17,2,22,4,8,31,116,93,63,3,745,0.00671140939597,0.00134228187919,0.00402684563758,0.00536912751678,0.00536912751678,0.0201342281879,0.0510067114094,0.0134228187919,0.00939597315436,0.0134228187919,0.0107382550336,0.0308724832215,0.0536912751678,0.0201342281879,0.0469798657718,0.055033557047,0.138255033557,0.0322147651007,0.0228187919463,0.00268456375839,0.0295302013423,0.00536912751678,0.0107382550336,0.041610738255,0.155704697987,0.124832214765,0.0845637583893,0.00402684563758
1502,4,1,2,4,1,19,35,5,9,0,6,19,22,18,28,37,127,18,15,1,24,2,10,36,80,97,77,5,702,0.00569800569801,0.0014245014245,0.002849002849,0.00569800569801,0.0014245014245,0.0270655270655,0.0498575498575,0.00712250712251,0.0128205128205,0.0,0.00854700854701,0.0270655270655,0.031339031339,0.025641025641,0.039886039886,0.0527065527066,0.180911680912,0.025641025641,0.0213675213675,0.0014245014245,0.034188034188,0.002849002849,0.014245014245,0.0512820512821,0.11396011396,0.138176638177,0.109686609687,0.00712250712251
1503,3,1,1,2,2,17,34,4,11,4,4,12,17,18,18,33,96,29,11,0,23,3,14,29,67,99,71,3,626,0.00479233226837,0.00159744408946,0.00159744408946,0.00319488817891,0.00319488817891,0.0271565495208,0.0543130990415,0.00638977635783,0.017571884984,0.00638977635783,0.00638977635783,0.0191693290735,0.0271565495208,0.0287539936102,0.0287539936102,0.0527156549521,0.153354632588,0.0463258785942,0.017571884984,0.0,0.0367412140575,0.00479233226837,0.0223642172524,0.0463258785942,0.107028753994,0.158146964856,0.113418530351,0.00479233226837
1504,3,1,1,2,2,17,34,4,11,4,4,12,17,18,18,33,96,29,11,0,23,3,14,29,67,99,71,3,626,0.00479233226837,0.00159744408946,0.00159744408946,0.00319488817891,0.00319488817891,0.0271565495208,0.0543130990415,0.00638977635783,0.017571884984,0.00638977635783,0.00638977635783,0.0191693290735,0.0271565495208,0.0287539936102,0.0287539936102,0.0527156549521,0.153354632588,0.0463258785942,0.017571884984,0.0,0.0367412140575,0.00479233226837,0.0223642172524,0.0463258785942,0.107028753994,0.158146964856,0.113418530351,0.00479233226837
1505,5,1,3,4,4,15,38,10,7,10,8,23,40,15,35,41,103,24,17,2,22,4,8,31,116,93,63,3,745,0.00671140939597,0.00134228187919,0.00402684563758,0.00536912751678,0.00536912751678,0.0201342281879,0.0510067114094,0.0134228187919,0.00939597315436,0.0134228187919,0.0107382550336,0.0308724832215,0.0536912751678,0.0201342281879,0.0469798657718,0.055033557047,0.138255033557,0.0322147651007,0.0228187919463,0.00268456375839,0.0295302013423,0.00536912751678,0.0107382550336,0.041610738255,0.155704697987,0.124832214765,0.0845637583893,0.00402684563758
1506,4,1,2,4,1,19,35,5,9,0,6,19,22,18,28,37,127,18,15,1,24,2,10,36,80,97,77,5,702,0.00569800569801,0.0014245014245,0.002849002849,0.00569800569801,0.0014245014245,0.0270655270655,0.0498575498575,0.00712250712251,0.0128205128205,0.0,0.00854700854701,0.0270655270655,0.031339031339,0.025641025641,0.039886039886,0.0527065527066,0.180911680912,0.025641025641,0.0213675213675,0.0014245014245,0.034188034188,0.002849002849,0.014245014245,0.0512820512821,0.11396011396,0.138176638177,0.109686609687,0.00712250712251
1601,7,3,4,0,1,5,12,1,3,1,1,8,17,5,10,12,22,5,16,1,1,0,4,8,47,19,2,0,215,0.0325581395349,0.0139534883721,0.0186046511628,0.0,0.0046511627907,0.0232558139535,0.0558139534884,0.0046511627907,0.0139534883721,0.0046511627907,0.0046511627907,0.0372093023256,0.0790697674419,0.0232558139535,0.046511627907,0.0558139534884,0.102325581395,0.0232558139535,0.0744186046512,0.0046511627907,0.0046511627907,0.0,0.0186046511628,0.0372093023256,0.218604651163,0.0883720930233,0.0093023255814,0.0
1602,7,3,4,0,1,5,12,1,3,1,1,8,17,5,10,12,22,5,16,1,1,0,4,8,47,19,2,0,215,0.0325581395349,0.0139534883721,0.0186046511628,0.0,0.0046511627907,0.0232558139535,0.0558139534884,0.0046511627907,0.0139534883721,0.0046511627907,0.0046511627907,0.0372093023256,0.0790697674419,0.0232558139535,0.046511627907,0.0558139534884,0.102325581395,0.0232558139535,0.0744186046512,0.0046511627907,0.0046511627907,0.0,0.0186046511628,0.0372093023256,0.218604651163,0.0883720930233,0.0093023255814,0.0
1701,43,6,6,9,9,47,80,29,21,12,10,36,97,58,102,242,96,146,66,7,113,6,173,91,312,61,77,28,1983,0.0216843166919,0.00302571860817,0.00302571860817,0.00453857791225,0.00453857791225,0.0237014624307,0.0403429147756,0.0146243066062,0.0105900151286,0.00605143721634,0.00504286434695,0.018154311649,0.0489157841654,0.0292486132123,0.0514372163389,0.122037317196,0.0484114977307,0.0736258194655,0.0332829046899,0.00353000504286,0.0569843671205,0.00302571860817,0.0872415532022,0.0458900655572,0.157337367625,0.0307614725164,0.0388300554715,0.0141200201715
1702,17,3,1,2,2,25,19,11,8,4,4,15,42,25,51,88,55,65,27,4,39,4,73,43,163,39,29,9,867,0.0196078431373,0.00346020761246,0.00115340253749,0.00230680507497,0.00230680507497,0.0288350634371,0.0219146482122,0.0126874279123,0.00922722029988,0.00461361014994,0.00461361014994,0.0173010380623,0.0484429065744,0.0288350634371,0.0588235294118,0.101499423299,0.0634371395617,0.0749711649366,0.0311418685121,0.00461361014994,0.0449826989619,0.00461361014994,0.0841983852364,0.0495963091119,0.18800461361,0.0449826989619,0.0334486735871,0.0103806228374
1801,9,6,7,14,16,30,67,42,35,13,12,75,124,118,341,185,61,106,76,22,83,7,59,93,342,15,72,30,2060,0.00436893203883,0.00291262135922,0.00339805825243,0.00679611650485,0.00776699029126,0.0145631067961,0.0325242718447,0.0203883495146,0.0169902912621,0.00631067961165,0.00582524271845,0.0364077669903,0.0601941747573,0.0572815533981,0.165533980583,0.0898058252427,0.0296116504854,0.0514563106796,0.0368932038835,0.0106796116505,0.0402912621359,0.00339805825243,0.028640776699,0.045145631068,0.166019417476,0.00728155339806,0.0349514563107,0.0145631067961
1802,2,1,1,1,0,19,30,5,5,6,10,6,13,10,21,20,42,13,4,1,18,0,22,20,83,16,14,3,386,0.00518134715026,0.00259067357513,0.00259067357513,0.00259067357513,0.0,0.0492227979275,0.0777202072539,0.0129533678756,0.0129533678756,0.0155440414508,0.0259067357513,0.0155440414508,0.0336787564767,0.0259067357513,0.0544041450777,0.0518134715026,0.108808290155,0.0336787564767,0.0103626943005,0.00259067357513,0.0466321243523,0.0,0.0569948186528,0.0518134715026,0.215025906736,0.0414507772021,0.0362694300518,0.00777202072539
1803,2,1,1,1,0,19,30,5,5,6,10,6,13,10,21,20,42,13,4,1,18,0,22,20,83,16,14,3,386,0.00518134715026,0.00259067357513,0.00259067357513,0.00259067357513,0.0,0.0492227979275,0.0777202072539,0.0129533678756,0.0129533678756,0.0155440414508,0.0259067357513,0.0155440414508,0.0336787564767,0.0259067357513,0.0544041450777,0.0518134715026,0.108808290155,0.0336787564767,0.0103626943005,0.00259067357513,0.0466321243523,0.0,0.0569948186528,0.0518134715026,0.215025906736,0.0414507772021,0.0362694300518,0.00777202072539
1804,2,2,1,0,0,8,22,2,5,5,3,5,16,10,34,32,34,17,17,7,13,0,24,27,53,20,26,3,388,0.00515463917526,0.00515463917526,0.00257731958763,0.0,0.0,0.020618556701,0.0567010309278,0.00515463917526,0.0128865979381,0.0128865979381,0.00773195876289,0.0128865979381,0.0412371134021,0.0257731958763,0.0876288659794,0.0824742268041,0.0876288659794,0.0438144329897,0.0438144329897,0.0180412371134,0.0335051546392,0.0,0.0618556701031,0.069587628866,0.136597938144,0.0515463917526,0.0670103092784,0.00773195876289
1805,8,3,5,3,1,21,42,4,7,5,4,14,30,18,36,23,81,21,9,0,17,0,3,26,101,15,17,5,519,0.0154142581888,0.00578034682081,0.00963391136802,0.00578034682081,0.0019267822736,0.0404624277457,0.0809248554913,0.00770712909441,0.0134874759152,0.00963391136802,0.00770712909441,0.0269749518304,0.0578034682081,0.0346820809249,0.0693641618497,0.0443159922929,0.156069364162,0.0404624277457,0.0173410404624,0.0,0.0327552986513,0.0,0.00578034682081,0.0500963391137,0.194605009634,0.028901734104,0.0327552986513,0.00963391136802
1806,8,3,5,3,1,21,42,4,7,5,4,14,30,18,36,23,81,21,9,0,17,0,3,26,101,15,17,5,519,0.0154142581888,0.00578034682081,0.00963391136802,0.00578034682081,0.0019267822736,0.0404624277457,0.0809248554913,0.00770712909441,0.0134874759152,0.00963391136802,0.00770712909441,0.0269749518304,0.0578034682081,0.0346820809249,0.0693641618497,0.0443159922929,0.156069364162,0.0404624277457,0.0173410404624,0.0,0.0327552986513,0.0,0.00578034682081,0.0500963391137,0.194605009634,0.028901734104,0.0327552986513,0.00963391136802
1807,12,3,2,6,4,8,21,6,5,4,6,26,39,40,142,78,60,74,31,6,24,2,5,44,159,25,48,12,892,0.0134529147982,0.00336322869955,0.00224215246637,0.0067264573991,0.00448430493274,0.00896860986547,0.0235426008969,0.0067264573991,0.00560538116592,0.00448430493274,0.0067264573991,0.0291479820628,0.0437219730942,0.0448430493274,0.159192825112,0.0874439461883,0.067264573991,0.0829596412556,0.0347533632287,0.0067264573991,0.0269058295964,0.00224215246637,0.00560538116592,0.0493273542601,0.178251121076,0.0280269058296,0.0538116591928,0.0134529147982
1808,8,3,5,3,1,21,42,4,7,5,4,14,30,18,36,23,81,21,9,0,17,0,3,26,101,15,17,5,519,0.0154142581888,0.00578034682081,0.00963391136802,0.00578034682081,0.0019267822736,0.0404624277457,0.0809248554913,0.00770712909441,0.0134874759152,0.00963391136802,0.00770712909441,0.0269749518304,0.0578034682081,0.0346820809249,0.0693641618497,0.0443159922929,0.156069364162,0.0404624277457,0.0173410404624,0.0,0.0327552986513,0.0,0.00578034682081,0.0500963391137,0.194605009634,0.028901734104,0.0327552986513,0.00963391136802
1809,12,3,2,6,4,8,21,6,5,4,6,26,39,40,142,78,60,74,31,6,24,2,5,44,159,25,48,12,892,0.0134529147982,0.00336322869955,0.00224215246637,0.0067264573991,0.00448430493274,0.00896860986547,0.0235426008969,0.0067264573991,0.00560538116592,0.00448430493274,0.0067264573991,0.0291479820628,0.0437219730942,0.0448430493274,0.159192825112,0.0874439461883,0.067264573991,0.0829596412556,0.0347533632287,0.0067264573991,0.0269058295964,0.00224215246637,0.00560538116592,0.0493273542601,0.178251121076,0.0280269058296,0.0538116591928,0.0134529147982
1901,5,2,4,2,2,27,40,8,3,7,10,16,47,20,29,44,57,27,24,0,23,2,14,27,96,25,27,2,590,0.00847457627119,0.00338983050847,0.00677966101695,0.00338983050847,0.00338983050847,0.0457627118644,0.0677966101695,0.0135593220339,0.00508474576271,0.0118644067797,0.0169491525424,0.0271186440678,0.0796610169492,0.0338983050847,0.0491525423729,0.0745762711864,0.0966101694915,0.0457627118644,0.0406779661017,0.0,0.0389830508475,0.00338983050847,0.0237288135593,0.0457627118644,0.162711864407,0.0423728813559,0.0457627118644,0.00338983050847
1902,1,0,0,1,1,8,14,2,1,4,2,9,26,9,22,36,33,31,18,1,11,1,6,8,66,15,21,2,349,0.00286532951289,0.0,0.0,0.00286532951289,0.00286532951289,0.0229226361032,0.0401146131805,0.00573065902579,0.00286532951289,0.0114613180516,0.00573065902579,0.025787965616,0.0744985673352,0.025787965616,0.0630372492837,0.103151862464,0.0945558739255,0.0888252148997,0.0515759312321,0.00286532951289,0.0315186246418,0.00286532951289,0.0171919770774,0.0229226361032,0.189111747851,0.0429799426934,0.0601719197708,0.00573065902579
1903,4,1,1,3,0,9,18,4,2,5,8,9,26,7,14,19,44,11,11,0,8,1,9,19,55,12,18,2,320,0.0125,0.003125,0.003125,0.009375,0.0,0.028125,0.05625,0.0125,0.00625,0.015625,0.025,0.028125,0.08125,0.021875,0.04375,0.059375,0.1375,0.034375,0.034375,0.0,0.025,0.003125,0.028125,0.059375,0.171875,0.0375,0.05625,0.00625
2001,12,1,1,2,0,22,20,1,7,9,1,9,19,11,53,24,17,21,11,4,6,1,0,18,67,2,19,9,367,0.0326975476839,0.00272479564033,0.00272479564033,0.00544959128065,0.0,0.0599455040872,0.0544959128065,0.00272479564033,0.0190735694823,0.0245231607629,0.00272479564033,0.0245231607629,0.0517711171662,0.0299727520436,0.144414168937,0.0653950953678,0.0463215258856,0.0572207084469,0.0299727520436,0.0108991825613,0.016348773842,0.00272479564033,0.0,0.0490463215259,0.182561307902,0.00544959128065,0.0517711171662,0.0245231607629
2002,7,0,2,2,1,21,23,5,1,4,7,9,18,14,65,22,35,36,6,0,14,0,1,23,90,7,29,3,445,0.0157303370787,0.0,0.00449438202247,0.00449438202247,0.00224719101124,0.047191011236,0.0516853932584,0.0112359550562,0.00224719101124,0.00898876404494,0.0157303370787,0.0202247191011,0.0404494382022,0.0314606741573,0.14606741573,0.0494382022472,0.0786516853933,0.0808988764045,0.0134831460674,0.0,0.0314606741573,0.0,0.00224719101124,0.0516853932584,0.202247191011,0.0157303370787,0.0651685393258,0.00674157303371
2003,7,0,2,2,1,21,23,5,1,4,7,9,18,14,65,22,35,36,6,0,14,0,1,23,90,7,29,3,445,0.0157303370787,0.0,0.00449438202247,0.00449438202247,0.00224719101124,0.047191011236,0.0516853932584,0.0112359550562,0.00224719101124,0.00898876404494,0.0157303370787,0.0202247191011,0.0404494382022,0.0314606741573,0.14606741573,0.0494382022472,0.0786516853933,0.0808988764045,0.0134831460674,0.0,0.0314606741573,0.0,0.00224719101124,0.0516853932584,0.202247191011,0.0157303370787,0.0651685393258,0.00674157303371
2101,90,2,9,32,43,69,117,91,77,33,21,108,187,72,162,172,55,138,164,13,102,15,412,150,458,12,165,44,3013,0.0298705609028,0.000663790242283,0.00298705609028,0.0106206438765,0.0142714902091,0.0229007633588,0.0388317291736,0.0302024560239,0.0255559243279,0.0109525389977,0.00696979754398,0.0358446730833,0.0620643876535,0.0238964487222,0.053767009625,0.0570859608364,0.0182542316628,0.0458015267176,0.0544307998672,0.00431463657484,0.0338533023565,0.00497842681713,0.13674078991,0.0497842681713,0.152007965483,0.0039827414537,0.0547626949884,0.0146033853302
2102,10,3,4,1,0,2,12,1,12,0,0,4,7,3,21,20,8,19,17,3,12,3,8,10,104,5,11,2,302,0.0331125827815,0.00993377483444,0.0132450331126,0.00331125827815,0.0,0.00662251655629,0.0397350993377,0.00331125827815,0.0397350993377,0.0,0.0,0.0132450331126,0.023178807947,0.00993377483444,0.0695364238411,0.0662251655629,0.0264900662252,0.0629139072848,0.0562913907285,0.00993377483444,0.0397350993377,0.00993377483444,0.0264900662252,0.0331125827815,0.344370860927,0.0165562913907,0.0364238410596,0.00662251655629
2103,23,0,2,9,15,27,44,18,60,5,5,59,90,45,75,77,5,74,122,5,38,2,265,87,249,0,71,22,1494,0.0153949129853,0.0,0.00133868808568,0.00602409638554,0.0100401606426,0.0180722891566,0.0294511378849,0.0120481927711,0.0401606425703,0.00334672021419,0.00334672021419,0.0394912985274,0.0602409638554,0.0301204819277,0.0502008032129,0.0515394912985,0.00334672021419,0.04953145917,0.0816599732262,0.00334672021419,0.0254350736278,0.00133868808568,0.177376171352,0.0582329317269,0.166666666667,0.0,0.0475234270415,0.0147255689424
2104,9,0,0,5,3,4,12,6,5,4,2,4,22,4,15,22,17,6,13,0,9,0,21,12,58,16,25,7,301,0.0299003322259,0.0,0.0,0.0166112956811,0.00996677740864,0.0132890365449,0.0398671096346,0.0199335548173,0.0166112956811,0.0132890365449,0.00664451827243,0.0132890365449,0.0730897009967,0.0132890365449,0.0498338870432,0.0730897009967,0.0564784053156,0.0199335548173,0.0431893687708,0.0,0.0299003322259,0.0,0.0697674418605,0.0398671096346,0.1926910299,0.0531561461794,0.0830564784053,0.0232558139535
2105,22,2,4,2,3,9,45,13,19,4,3,19,44,19,56,86,54,76,57,2,29,2,167,67,268,23,53,19,1167,0.018851756641,0.00171379605827,0.00342759211654,0.00171379605827,0.0025706940874,0.00771208226221,0.0385604113111,0.0111396743787,0.0162810625536,0.00342759211654,0.0025706940874,0.0162810625536,0.0377035132819,0.0162810625536,0.0479862896315,0.0736932305056,0.0462724935733,0.0651242502142,0.0488431876607,0.00171379605827,0.0248500428449,0.00171379605827,0.143101970865,0.057412167952,0.229648671808,0.0197086546701,0.0454155955441,0.0162810625536
2106,11,2,2,2,1,6,14,2,9,1,5,8,24,8,23,18,15,59,63,4,6,0,22,38,132,12,45,15,547,0.0201096892139,0.0036563071298,0.0036563071298,0.0036563071298,0.0018281535649,0.0109689213894,0.0255941499086,0.0036563071298,0.0164533820841,0.0018281535649,0.0091407678245,0.0146252285192,0.0438756855576,0.0146252285192,0.0420475319927,0.0329067641682,0.0274223034735,0.107861060329,0.115173674589,0.0073126142596,0.0109689213894,0.0,0.0402193784278,0.0694698354662,0.241316270567,0.0219378427788,0.0822669104205,0.0274223034735
2107,7,0,0,1,0,4,14,3,5,2,2,7,13,9,13,17,14,18,22,2,12,1,108,27,87,2,36,6,432,0.0162037037037,0.0,0.0,0.00231481481481,0.0,0.00925925925926,0.0324074074074,0.00694444444444,0.0115740740741,0.00462962962963,0.00462962962963,0.0162037037037,0.0300925925926,0.0208333333333,0.0300925925926,0.0393518518519,0.0324074074074,0.0416666666667,0.0509259259259,0.00462962962963,0.0277777777778,0.00231481481481,0.25,0.0625,0.201388888889,0.00462962962963,0.0833333333333,0.0138888888889
2108,10,3,4,1,0,2,12,1,12,0,0,4,7,3,21,20,8,19,17,3,12,3,8,10,104,5,11,2,302,0.0331125827815,0.00993377483444,0.0132450331126,0.00331125827815,0.0,0.00662251655629,0.0397350993377,0.00331125827815,0.0397350993377,0.0,0.0,0.0132450331126,0.023178807947,0.00993377483444,0.0695364238411,0.0662251655629,0.0264900662252,0.0629139072848,0.0562913907285,0.00993377483444,0.0397350993377,0.00993377483444,0.0264900662252,0.0331125827815,0.344370860927,0.0165562913907,0.0364238410596,0.00662251655629
2201,45,3,10,7,6,58,97,35,23,19,21,46,87,41,82,100,154,55,78,4,48,6,11,67,251,133,63,15,1565,0.0287539936102,0.00191693290735,0.00638977635783,0.00447284345048,0.0038338658147,0.0370607028754,0.0619808306709,0.0223642172524,0.014696485623,0.0121405750799,0.0134185303514,0.029392971246,0.0555910543131,0.0261980830671,0.0523961661342,0.0638977635783,0.0984025559105,0.0351437699681,0.0498402555911,0.00255591054313,0.0306709265176,0.0038338658147,0.00702875399361,0.0428115015974,0.160383386581,0.0849840255591,0.0402555910543,0.00958466453674
2202,45,3,10,7,6,58,97,35,23,19,21,46,87,41,82,100,154,55,78,4,48,6,11,67,251,133,63,15,1565,0.0287539936102,0.00191693290735,0.00638977635783,0.00447284345048,0.0038338658147,0.0370607028754,0.0619808306709,0.0223642172524,0.014696485623,0.0121405750799,0.0134185303514,0.029392971246,0.0555910543131,0.0261980830671,0.0523961661342,0.0638977635783,0.0984025559105,0.0351437699681,0.0498402555911,0.00255591054313,0.0306709265176,0.0038338658147,0.00702875399361,0.0428115015974,0.160383386581,0.0849840255591,0.0402555910543,0.00958466453674
2203,8,2,0,0,1,5,17,3,4,5,2,5,13,2,16,11,37,4,3,0,2,3,0,5,38,26,10,4,226,0.0353982300885,0.00884955752212,0.0,0.0,0.00442477876106,0.0221238938053,0.0752212389381,0.0132743362832,0.0176991150442,0.0221238938053,0.00884955752212,0.0221238938053,0.0575221238938,0.00884955752212,0.070796460177,0.0486725663717,0.163716814159,0.0176991150442,0.0132743362832,0.0,0.00884955752212,0.0132743362832,0.0,0.0221238938053,0.16814159292,0.115044247788,0.0442477876106,0.0176991150442
2204,45,3,10,7,6,58,97,35,23,19,21,46,87,41,82,100,154,55,78,4,48,6,11,67,251,133,63,15,1565,0.0287539936102,0.00191693290735,0.00638977635783,0.00447284345048,0.0038338658147,0.0370607028754,0.0619808306709,0.0223642172524,0.014696485623,0.0121405750799,0.0134185303514,0.029392971246,0.0555910543131,0.0261980830671,0.0523961661342,0.0638977635783,0.0984025559105,0.0351437699681,0.0498402555911,0.00255591054313,0.0306709265176,0.0038338658147,0.00702875399361,0.0428115015974,0.160383386581,0.0849840255591,0.0402555910543,0.00958466453674
2205,19,2,0,2,1,23,42,0,2,9,5,5,12,2,22,31,34,9,7,0,4,4,0,9,41,18,12,2,317,0.0599369085174,0.00630914826498,0.0,0.00630914826498,0.00315457413249,0.0725552050473,0.132492113565,0.0,0.00630914826498,0.0283911671924,0.0157728706625,0.0157728706625,0.0378548895899,0.00630914826498,0.0694006309148,0.0977917981073,0.107255520505,0.0283911671924,0.0220820189274,0.0,0.01261829653,0.01261829653,0.0,0.0283911671924,0.129337539432,0.0567823343849,0.0378548895899,0.00630914826498
2206,8,2,0,0,1,5,17,3,4,5,2,5,13,2,16,11,37,4,3,0,2,3,0,5,38,26,10,4,226,0.0353982300885,0.00884955752212,0.0,0.0,0.00442477876106,0.0221238938053,0.0752212389381,0.0132743362832,0.0176991150442,0.0221238938053,0.00884955752212,0.0221238938053,0.0575221238938,0.00884955752212,0.070796460177,0.0486725663717,0.163716814159,0.0176991150442,0.0132743362832,0.0,0.00884955752212,0.0132743362832,0.0,0.0221238938053,0.16814159292,0.115044247788,0.0442477876106,0.0176991150442
2301,27,6,8,25,39,93,109,60,87,23,23,137,187,114,255,242,76,177,154,36,231,4,817,127,516,37,162,50,3822,0.00706436420722,0.00156985871272,0.00209314495029,0.00654107796965,0.0102040816327,0.0243328100471,0.0285190999477,0.0156985871272,0.0227629513344,0.00601779173208,0.00601779173208,0.0358451072737,0.048927263213,0.0298273155416,0.0667189952904,0.0633176347462,0.0198848770277,0.0463108320251,0.040293040293,0.0094191522763,0.0604395604396,0.00104657247514,0.213762428048,0.0332286760858,0.135007849294,0.00968079539508,0.0423861852433,0.0130821559393
2302,3,2,1,4,2,2,14,4,4,4,5,13,16,10,28,24,39,42,35,5,28,1,38,40,116,80,38,9,607,0.00494233937397,0.00329489291598,0.00164744645799,0.00658978583196,0.00329489291598,0.00329489291598,0.0230642504119,0.00658978583196,0.00658978583196,0.00658978583196,0.00823723228995,0.0214168039539,0.0263591433278,0.0164744645799,0.0461285008237,0.0395387149918,0.0642504118616,0.0691927512356,0.0576606260297,0.00823723228995,0.0461285008237,0.00164744645799,0.0626029654036,0.0658978583196,0.191103789127,0.131795716639,0.0626029654036,0.0148270181219
2303,27,6,8,25,39,93,109,60,87,23,23,137,187,114,255,242,76,177,154,36,231,4,817,127,516,37,162,50,3822,0.00706436420722,0.00156985871272,0.00209314495029,0.00654107796965,0.0102040816327,0.0243328100471,0.0285190999477,0.0156985871272,0.0227629513344,0.00601779173208,0.00601779173208,0.0358451072737,0.048927263213,0.0298273155416,0.0667189952904,0.0633176347462,0.0198848770277,0.0463108320251,0.040293040293,0.0094191522763,0.0604395604396,0.00104657247514,0.213762428048,0.0332286760858,0.135007849294,0.00968079539508,0.0423861852433,0.0130821559393
2304,9,2,2,1,2,12,23,6,6,2,3,12,27,20,47,31,8,36,31,5,21,5,67,19,97,35,21,4,554,0.0162454873646,0.00361010830325,0.00361010830325,0.00180505415162,0.00361010830325,0.0216606498195,0.0415162454874,0.0108303249097,0.0108303249097,0.00361010830325,0.00541516245487,0.0216606498195,0.0487364620939,0.0361010830325,0.0848375451264,0.0559566787004,0.014440433213,0.0649819494585,0.0559566787004,0.00902527075812,0.0379061371841,0.00902527075812,0.120938628159,0.0342960288809,0.175090252708,0.0631768953069,0.0379061371841,0.0072202166065
2305,3,2,1,4,2,2,14,4,4,4,5,13,16,10,28,24,39,42,35,5,28,1,38,40,116,80,38,9,607,0.00494233937397,0.00329489291598,0.00164744645799,0.00658978583196,0.00329489291598,0.00329489291598,0.0230642504119,0.00658978583196,0.00658978583196,0.00658978583196,0.00823723228995,0.0214168039539,0.0263591433278,0.0164744645799,0.0461285008237,0.0395387149918,0.0642504118616,0.0691927512356,0.0576606260297,0.00823723228995,0.0461285008237,0.00164744645799,0.0626029654036,0.0658978583196,0.191103789127,0.131795716639,0.0626029654036,0.0148270181219
2306,3,2,1,4,2,2,14,4,4,4,5,13,16,10,28,24,39,42,35,5,28,1,38,40,116,80,38,9,607,0.00494233937397,0.00329489291598,0.00164744645799,0.00658978583196,0.00329489291598,0.00329489291598,0.0230642504119,0.00658978583196,0.00658978583196,0.00658978583196,0.00823723228995,0.0214168039539,0.0263591433278,0.0164744645799,0.0461285008237,0.0395387149918,0.0642504118616,0.0691927512356,0.0576606260297,0.00823723228995,0.0461285008237,0.00164744645799,0.0626029654036,0.0658978583196,0.191103789127,0.131795716639,0.0626029654036,0.0148270181219
2401,12,1,2,5,5,44,92,17,9,13,17,21,52,35,35,74,87,51,36,4,40,0,26,33,144,66,34,8,963,0.01246105919,0.00103842159917,0.00207684319834,0.00519210799585,0.00519210799585,0.0456905503634,0.0955347871236,0.0176531671859,0.00934579439252,0.0134994807892,0.0176531671859,0.0218068535826,0.0539979231568,0.0363447559709,0.0363447559709,0.0768431983385,0.0903426791277,0.0529595015576,0.0373831775701,0.00415368639668,0.0415368639668,0.0,0.0269989615784,0.0342679127726,0.14953271028,0.0685358255452,0.0353063343718,0.00830737279335
2402,12,1,2,5,5,44,92,17,9,13,17,21,52,35,35,74,87,51,36,4,40,0,26,33,144,66,34,8,963,0.01246105919,0.00103842159917,0.00207684319834,0.00519210799585,0.00519210799585,0.0456905503634,0.0955347871236,0.0176531671859,0.00934579439252,0.0134994807892,0.0176531671859,0.0218068535826,0.0539979231568,0.0363447559709,0.0363447559709,0.0768431983385,0.0903426791277,0.0529595015576,0.0373831775701,0.00415368639668,0.0415368639668,0.0,0.0269989615784,0.0342679127726,0.14953271028,0.0685358255452,0.0353063343718,0.00830737279335
2403,6,1,1,1,1,13,30,5,1,2,1,10,25,10,12,29,29,11,12,0,10,0,5,5,58,20,20,0,318,0.0188679245283,0.00314465408805,0.00314465408805,0.00314465408805,0.00314465408805,0.0408805031447,0.0943396226415,0.0157232704403,0.00314465408805,0.0062893081761,0.00314465408805,0.0314465408805,0.0786163522013,0.0314465408805,0.0377358490566,0.0911949685535,0.0911949685535,0.0345911949686,0.0377358490566,0.0,0.0314465408805,0.0,0.0157232704403,0.0157232704403,0.182389937107,0.062893081761,0.062893081761,0.0
2404,5,1,1,2,2,18,14,9,4,5,4,5,14,12,19,33,67,16,16,1,10,1,7,28,71,28,48,3,444,0.0112612612613,0.00225225225225,0.00225225225225,0.0045045045045,0.0045045045045,0.0405405405405,0.0315315315315,0.0202702702703,0.00900900900901,0.0112612612613,0.00900900900901,0.0112612612613,0.0315315315315,0.027027027027,0.0427927927928,0.0743243243243,0.150900900901,0.036036036036,0.036036036036,0.00225225225225,0.0225225225225,0.00225225225225,0.0157657657658,0.0630630630631,0.15990990991,0.0630630630631,0.108108108108,0.00675675675676
2501,51,8,51,112,143,220,324,288,234,86,89,516,783,452,488,1168,92,518,625,93,1242,18,1731,462,1352,17,400,113,11676,0.00436793422405,0.000685166152792,0.00436793422405,0.00959232613909,0.0122473449812,0.0188420692018,0.0277492291881,0.0246659815005,0.0200411099692,0.00736553614251,0.00762247344981,0.0441932168551,0.0670606372045,0.0387118876328,0.0417951353203,0.100034258308,0.00787941075711,0.0443645083933,0.0535286056869,0.00796505652621,0.106372045221,0.00154162384378,0.14825282631,0.0395683453237,0.115793079822,0.00145597807468,0.0342583076396,0.00967797190819
2502,4,2,2,1,7,5,14,13,18,2,4,18,27,19,37,45,31,28,34,3,98,1,146,48,85,14,48,3,757,0.00528401585205,0.00264200792602,0.00264200792602,0.00132100396301,0.00924702774108,0.00660501981506,0.0184940554822,0.0171730515192,0.0237780713342,0.00264200792602,0.00528401585205,0.0237780713342,0.0356671070013,0.0250990752972,0.0488771466314,0.0594451783355,0.0409511228534,0.0369881109643,0.0449141347424,0.00396301188904,0.129458388375,0.00132100396301,0.1928665786,0.0634081902246,0.112285336856,0.0184940554822,0.0634081902246,0.00396301188904
2503,0,1,0,1,3,6,15,0,1,2,2,8,17,5,14,17,25,28,7,2,11,2,2,13,66,7,23,0,278,0.0,0.00359712230216,0.0,0.00359712230216,0.0107913669065,0.0215827338129,0.0539568345324,0.0,0.00359712230216,0.00719424460432,0.00719424460432,0.0287769784173,0.0611510791367,0.0179856115108,0.0503597122302,0.0611510791367,0.089928057554,0.10071942446,0.0251798561151,0.00719424460432,0.0395683453237,0.00719424460432,0.00719424460432,0.0467625899281,0.237410071942,0.0251798561151,0.0827338129496,0.0
2504,3,0,3,1,1,9,18,5,2,3,5,8,26,14,19,34,26,47,25,9,46,0,30,27,57,4,28,3,453,0.00662251655629,0.0,0.00662251655629,0.00220750551876,0.00220750551876,0.0198675496689,0.0397350993377,0.0110375275938,0.00441501103753,0.00662251655629,0.0110375275938,0.0176600441501,0.0573951434879,0.0309050772627,0.0419426048565,0.075055187638,0.0573951434879,0.103752759382,0.0551876379691,0.0198675496689,0.101545253863,0.0,0.0662251655629,0.0596026490066,0.12582781457,0.00883002207506,0.0618101545254,0.00662251655629
2505,0,1,3,3,0,24,20,7,2,3,4,9,18,8,14,28,38,37,11,1,31,0,1,26,79,24,14,5,411,0.0,0.00243309002433,0.00729927007299,0.00729927007299,0.0,0.0583941605839,0.0486618004866,0.0170316301703,0.00486618004866,0.00729927007299,0.00973236009732,0.021897810219,0.043795620438,0.0194647201946,0.0340632603406,0.0681265206813,0.0924574209246,0.0900243309002,0.0267639902676,0.00243309002433,0.0754257907543,0.0,0.00243309002433,0.0632603406326,0.192214111922,0.0583941605839,0.0340632603406,0.0121654501217
2506,7,2,0,4,1,10,12,6,7,1,1,21,38,27,28,65,29,47,25,4,162,3,35,19,122,5,60,9,750,0.00933333333333,0.00266666666667,0.0,0.00533333333333,0.00133333333333,0.0133333333333,0.016,0.008,0.00933333333333,0.00133333333333,0.00133333333333,0.028,0.0506666666667,0.036,0.0373333333333,0.0866666666667,0.0386666666667,0.0626666666667,0.0333333333333,0.00533333333333,0.216,0.004,0.0466666666667,0.0253333333333,0.162666666667,0.00666666666667,0.08,0.012
2507,2,0,1,1,3,1,12,3,3,2,2,8,20,10,7,20,18,15,15,2,129,2,53,23,35,10,26,7,430,0.0046511627907,0.0,0.00232558139535,0.00232558139535,0.00697674418605,0.00232558139535,0.0279069767442,0.00697674418605,0.00697674418605,0.0046511627907,0.0046511627907,0.0186046511628,0.046511627907,0.0232558139535,0.0162790697674,0.046511627907,0.0418604651163,0.0348837209302,0.0348837209302,0.0046511627907,0.3,0.0046511627907,0.123255813953,0.053488372093,0.0813953488372,0.0232558139535,0.0604651162791,0.0162790697674
2508,0,0,0,0,0,0,0,0,0,0,0,0,0,0,0,0,0,0,0,0,0,0,0,0,0,0,0,0,0,,,,,,,,,,,,,,,,,,,,,,,,,,,,
2509,9,4,3,0,1,39,31,9,13,1,8,11,33,26,52,73,101,54,31,4,101,3,134,48,150,27,56,18,1040,0.00865384615385,0.00384615384615,0.00288461538462,0.0,0.000961538461538,0.0375,0.0298076923077,0.00865384615385,0.0125,0.000961538461538,0.00769230769231,0.0105769230769,0.0317307692308,0.025,0.05,0.0701923076923,0.0971153846154,0.0519230769231,0.0298076923077,0.00384615384615,0.0971153846154,0.00288461538462,0.128846153846,0.0461538461538,0.144230769231,0.0259615384615,0.0538461538462,0.0173076923077
2601,2,4,1,2,4,29,47,9,5,14,6,16,44,23,34,59,52,37,22,3,50,0,14,24,103,21,22,8,655,0.0030534351145,0.00610687022901,0.00152671755725,0.0030534351145,0.00610687022901,0.0442748091603,0.0717557251908,0.0137404580153,0.00763358778626,0.0213740458015,0.00916030534351,0.024427480916,0.0671755725191,0.0351145038168,0.0519083969466,0.0900763358779,0.0793893129771,0.0564885496183,0.0335877862595,0.00458015267176,0.0763358778626,0.0,0.0213740458015,0.036641221374,0.157251908397,0.0320610687023,0.0335877862595,0.012213740458
2602,2,4,1,2,4,29,47,9,5,14,6,16,44,23,34,59,52,37,22,3,50,0,14,24,103,21,22,8,655,0.0030534351145,0.00610687022901,0.00152671755725,0.0030534351145,0.00610687022901,0.0442748091603,0.0717557251908,0.0137404580153,0.00763358778626,0.0213740458015,0.00916030534351,0.024427480916,0.0671755725191,0.0351145038168,0.0519083969466,0.0900763358779,0.0793893129771,0.0564885496183,0.0335877862595,0.00458015267176,0.0763358778626,0.0,0.0213740458015,0.036641221374,0.157251908397,0.0320610687023,0.0335877862595,0.012213740458
2603,2,4,1,2,4,29,47,9,5,14,6,16,44,23,34,59,52,37,22,3,50,0,14,24,103,21,22,8,655,0.0030534351145,0.00610687022901,0.00152671755725,0.0030534351145,0.00610687022901,0.0442748091603,0.0717557251908,0.0137404580153,0.00763358778626,0.0213740458015,0.00916030534351,0.024427480916,0.0671755725191,0.0351145038168,0.0519083969466,0.0900763358779,0.0793893129771,0.0564885496183,0.0335877862595,0.00458015267176,0.0763358778626,0.0,0.0213740458015,0.036641221374,0.157251908397,0.0320610687023,0.0335877862595,0.012213740458
2701,30,4,5,6,3,52,58,23,10,11,9,44,107,53,64,147,151,62,38,5,93,6,108,80,197,177,114,8,1665,0.018018018018,0.0024024024024,0.003003003003,0.0036036036036,0.0018018018018,0.0312312312312,0.0348348348348,0.0138138138138,0.00600600600601,0.00660660660661,0.00540540540541,0.0264264264264,0.0642642642643,0.0318318318318,0.0384384384384,0.0882882882883,0.0906906906907,0.0372372372372,0.0228228228228,0.003003003003,0.0558558558559,0.0036036036036,0.0648648648649,0.048048048048,0.118318318318,0.106306306306,0.0684684684685,0.0048048048048
2702,6,3,3,6,2,48,36,17,17,3,4,30,76,43,46,82,158,49,42,4,151,4,345,57,131,174,97,2,1636,0.00366748166259,0.0018337408313,0.0018337408313,0.00366748166259,0.00122249388753,0.0293398533007,0.0220048899756,0.010391198044,0.010391198044,0.0018337408313,0.00244498777506,0.018337408313,0.0464547677262,0.0262836185819,0.0281173594132,0.0501222493888,0.0965770171149,0.0299511002445,0.0256723716381,0.00244498777506,0.0922982885086,0.00244498777506,0.210880195599,0.0348410757946,0.0800733496333,0.106356968215,0.0592909535452,0.00122249388753
2703,5,3,3,1,2,35,30,6,3,2,4,15,51,24,22,50,128,26,14,1,55,2,83,45,90,174,71,3,948,0.00527426160338,0.00316455696203,0.00316455696203,0.00105485232068,0.00210970464135,0.0369198312236,0.0316455696203,0.00632911392405,0.00316455696203,0.00210970464135,0.0042194092827,0.0158227848101,0.0537974683544,0.0253164556962,0.0232067510549,0.0527426160338,0.135021097046,0.0274261603376,0.0147679324895,0.00105485232068,0.0580168776371,0.00210970464135,0.087552742616,0.0474683544304,0.0949367088608,0.183544303797,0.0748945147679,0.00316455696203
2801,9,1,4,14,16,55,103,28,22,9,22,61,93,65,97,179,141,131,97,15,122,7,133,83,268,51,84,25,1935,0.0046511627907,0.000516795865633,0.00206718346253,0.00723514211886,0.00826873385013,0.0284237726098,0.0532299741602,0.0144702842377,0.0113695090439,0.0046511627907,0.0113695090439,0.0315245478036,0.0480620155039,0.0335917312661,0.0501291989664,0.0925064599483,0.0728682170543,0.0677002583979,0.0501291989664,0.0077519379845,0.0630490956072,0.00361757105943,0.0687338501292,0.0428940568475,0.13850129199,0.0263565891473,0.0434108527132,0.0129198966408
2802,8,4,4,2,1,17,34,4,4,1,11,5,27,26,32,56,77,48,34,8,16,1,10,37,117,19,56,5,664,0.0120481927711,0.00602409638554,0.00602409638554,0.00301204819277,0.00150602409639,0.0256024096386,0.0512048192771,0.00602409638554,0.00602409638554,0.00150602409639,0.0165662650602,0.00753012048193,0.0406626506024,0.039156626506,0.0481927710843,0.0843373493976,0.115963855422,0.0722891566265,0.0512048192771,0.0120481927711,0.0240963855422,0.00150602409639,0.0150602409639,0.0557228915663,0.176204819277,0.0286144578313,0.0843373493976,0.00753012048193
2803,8,4,4,2,1,17,34,4,4,1,11,5,27,26,32,56,77,48,34,8,16,1,10,37,117,19,56,5,664,0.0120481927711,0.00602409638554,0.00602409638554,0.00301204819277,0.00150602409639,0.0256024096386,0.0512048192771,0.00602409638554,0.00602409638554,0.00150602409639,0.0165662650602,0.00753012048193,0.0406626506024,0.039156626506,0.0481927710843,0.0843373493976,0.115963855422,0.0722891566265,0.0512048192771,0.0120481927711,0.0240963855422,0.00150602409639,0.0150602409639,0.0557228915663,0.176204819277,0.0286144578313,0.0843373493976,0.00753012048193
2901,26,8,2,0,6,8,43,5,3,8,13,18,35,20,59,46,108,42,31,4,18,1,15,41,203,83,52,10,908,0.0286343612335,0.00881057268722,0.00220264317181,0.0,0.00660792951542,0.00881057268722,0.0473568281938,0.00550660792952,0.00330396475771,0.00881057268722,0.0143171806167,0.0198237885463,0.0385462555066,0.0220264317181,0.0649779735683,0.0506607929515,0.118942731278,0.0462555066079,0.034140969163,0.00440528634361,0.0198237885463,0.0011013215859,0.0165198237885,0.045154185022,0.223568281938,0.09140969163,0.057268722467,0.011013215859
2902,25,2,2,1,3,6,42,5,4,5,10,17,25,18,57,41,80,43,18,4,12,0,12,38,176,115,32,5,798,0.031328320802,0.00250626566416,0.00250626566416,0.00125313283208,0.00375939849624,0.00751879699248,0.0526315789474,0.0062656641604,0.00501253132832,0.0062656641604,0.0125313283208,0.0213032581454,0.031328320802,0.0225563909774,0.0714285714286,0.0513784461153,0.100250626566,0.0538847117794,0.0225563909774,0.00501253132832,0.015037593985,0.0,0.015037593985,0.047619047619,0.220551378446,0.144110275689,0.0401002506266,0.0062656641604
2903,19,2,4,1,4,5,36,4,2,9,7,6,20,22,49,38,59,25,18,2,17,0,7,29,147,40,31,1,604,0.0314569536424,0.00331125827815,0.00662251655629,0.00165562913907,0.00662251655629,0.00827814569536,0.0596026490066,0.00662251655629,0.00331125827815,0.0149006622517,0.0115894039735,0.00993377483444,0.0331125827815,0.0364238410596,0.0811258278146,0.0629139072848,0.0976821192053,0.0413907284768,0.0298013245033,0.00331125827815,0.0281456953642,0.0,0.0115894039735,0.0480132450331,0.243377483444,0.0662251655629,0.0513245033113,0.00165562913907
2904,29,2,2,3,4,6,50,3,3,6,8,9,32,18,47,36,71,25,21,2,20,0,14,22,198,45,37,6,719,0.0403337969402,0.00278164116829,0.00278164116829,0.00417246175243,0.00556328233658,0.00834492350487,0.0695410292072,0.00417246175243,0.00417246175243,0.00834492350487,0.0111265646732,0.0125173852573,0.0445062586926,0.0250347705146,0.0653685674548,0.0500695410292,0.0987482614743,0.0347705146036,0.029207232267,0.00278164116829,0.0278164116829,0.0,0.019471488178,0.0305980528512,0.275382475661,0.0625869262865,0.0514603616134,0.00834492350487
2905,19,1,1,1,3,3,27,2,2,4,4,3,11,15,37,38,48,22,14,2,8,0,8,18,135,38,23,0,487,0.0390143737166,0.00205338809035,0.00205338809035,0.00205338809035,0.00616016427105,0.00616016427105,0.0554414784394,0.0041067761807,0.0041067761807,0.0082135523614,0.0082135523614,0.00616016427105,0.0225872689938,0.0308008213552,0.0759753593429,0.0780287474333,0.0985626283368,0.0451745379877,0.0287474332649,0.0041067761807,0.0164271047228,0.0,0.0164271047228,0.0369609856263,0.277207392197,0.0780287474333,0.047227926078,0.0
3001,5,1,0,4,5,8,42,8,5,3,6,15,46,28,43,60,27,35,11,1,37,1,50,24,62,56,37,10,630,0.00793650793651,0.0015873015873,0.0,0.00634920634921,0.00793650793651,0.0126984126984,0.0666666666667,0.0126984126984,0.00793650793651,0.0047619047619,0.00952380952381,0.0238095238095,0.0730158730159,0.0444444444444,0.068253968254,0.0952380952381,0.0428571428571,0.0555555555556,0.0174603174603,0.0015873015873,0.0587301587302,0.0015873015873,0.0793650793651,0.0380952380952,0.0984126984127,0.0888888888889,0.0587301587302,0.015873015873
3002,2,4,1,3,0,20,22,6,3,3,9,5,16,10,26,27,48,29,5,0,11,0,12,31,102,77,34,3,509,0.00392927308448,0.00785854616896,0.00196463654224,0.00589390962672,0.0,0.0392927308448,0.0432220039293,0.0117878192534,0.00589390962672,0.00589390962672,0.0176817288802,0.0098231827112,0.0314341846758,0.0196463654224,0.0510805500982,0.0530451866405,0.0943025540275,0.056974459725,0.0098231827112,0.0,0.0216110019646,0.0,0.0235756385069,0.0609037328094,0.200392927308,0.151277013752,0.0667976424361,0.00589390962672
3003,2,4,1,3,0,20,22,6,3,3,9,5,16,10,26,27,48,29,5,0,11,0,12,31,102,77,34,3,509,0.00392927308448,0.00785854616896,0.00196463654224,0.00589390962672,0.0,0.0392927308448,0.0432220039293,0.0117878192534,0.00589390962672,0.00589390962672,0.0176817288802,0.0098231827112,0.0314341846758,0.0196463654224,0.0510805500982,0.0530451866405,0.0943025540275,0.056974459725,0.0098231827112,0.0,0.0216110019646,0.0,0.0235756385069,0.0609037328094,0.200392927308,0.151277013752,0.0667976424361,0.00589390962672
3101,3,1,1,4,2,32,27,8,2,2,2,9,30,7,18,37,41,19,11,5,16,1,0,12,82,32,22,1,427,0.00702576112412,0.00234192037471,0.00234192037471,0.00936768149883,0.00468384074941,0.0749414519906,0.0632318501171,0.0187353629977,0.00468384074941,0.00468384074941,0.00468384074941,0.0210772833724,0.0702576112412,0.016393442623,0.0421545667447,0.0866510538642,0.096018735363,0.0444964871194,0.0257611241218,0.0117096018735,0.0374707259953,0.00234192037471,0.0,0.0281030444965,0.192037470726,0.0749414519906,0.0515222482436,0.00234192037471
3102,1,1,1,2,1,41,9,1,3,1,3,2,8,4,7,41,63,14,10,2,9,0,2,11,55,80,16,2,390,0.0025641025641,0.0025641025641,0.0025641025641,0.00512820512821,0.0025641025641,0.105128205128,0.0230769230769,0.0025641025641,0.00769230769231,0.0025641025641,0.00769230769231,0.00512820512821,0.0205128205128,0.0102564102564,0.0179487179487,0.105128205128,0.161538461538,0.0358974358974,0.025641025641,0.00512820512821,0.0230769230769,0.0,0.00512820512821,0.0282051282051,0.141025641026,0.205128205128,0.0410256410256,0.00512820512821
3103,1,1,1,2,1,41,9,1,3,1,3,2,8,4,7,41,63,14,10,2,9,0,2,11,55,80,16,2,390,0.0025641025641,0.0025641025641,0.0025641025641,0.00512820512821,0.0025641025641,0.105128205128,0.0230769230769,0.0025641025641,0.00769230769231,0.0025641025641,0.00769230769231,0.00512820512821,0.0205128205128,0.0102564102564,0.0179487179487,0.105128205128,0.161538461538,0.0358974358974,0.025641025641,0.00512820512821,0.0230769230769,0.0,0.00512820512821,0.0282051282051,0.141025641026,0.205128205128,0.0410256410256,0.00512820512821
3201,654,9,60,73,227,278,519,590,288,108,136,821,1438,677,790,1315,49,507,498,117,535,22,475,562,1677,11,341,213,12990,0.0503464203233,0.000692840646651,0.00461893764434,0.00561970746728,0.0174749807544,0.0214010777521,0.0399538106236,0.0454195535027,0.0221709006928,0.00831408775982,0.0104695919938,0.0632024634334,0.110700538876,0.052117013087,0.0608160123172,0.101231716705,0.00377213240955,0.0390300230947,0.038337182448,0.00900692840647,0.0411855273287,0.00169361046959,0.0365665896844,0.0432640492687,0.129099307159,0.000846805234796,0.0262509622787,0.0163972286374
3202,99,2,23,45,80,98,185,239,110,25,35,345,506,279,299,502,24,235,291,50,194,3,189,260,824,6,184,85,5217,0.0189764232317,0.00038336208549,0.00440866398313,0.00862564692352,0.0153344834196,0.018784742189,0.0354609929078,0.045811769216,0.0210849147019,0.00479202606862,0.00670883649607,0.066129959747,0.0969906076289,0.0534790109258,0.0573126317807,0.0962238834579,0.00460034502588,0.045045045045,0.0557791834388,0.00958405213724,0.0371861222925,0.000575043128235,0.0362277170788,0.0498370711137,0.157945179222,0.00115008625647,0.0352693118651,0.0162928886333
3203,172,6,13,34,45,95,216,126,101,44,72,252,461,273,333,580,77,274,297,36,255,6,189,246,919,31,265,90,5508,0.0312273057371,0.00108932461874,0.0023602033406,0.00617283950617,0.00816993464052,0.0172476397967,0.0392156862745,0.0228758169935,0.0183369644154,0.0079883805374,0.0130718954248,0.0457516339869,0.0836964415396,0.0495642701525,0.0604575163399,0.105301379811,0.0139796659405,0.0497458242556,0.0539215686275,0.00653594771242,0.0462962962963,0.00108932461874,0.0343137254902,0.0446623093682,0.16684822077,0.0056281771968,0.0481118373275,0.016339869281
3204,20,2,3,1,7,14,26,12,16,6,12,35,62,34,151,102,18,100,52,21,81,3,145,58,237,5,40,23,1286,0.0155520995334,0.00155520995334,0.00233281493002,0.000777604976672,0.0054432348367,0.0108864696734,0.0202177293935,0.00933125972006,0.0124416796267,0.00466562986003,0.00933125972006,0.0272161741835,0.0482115085537,0.0264385692068,0.117418351477,0.0793157076205,0.0139968895801,0.0777604976672,0.0404354587869,0.0163297045101,0.0629860031104,0.00233281493002,0.112752721617,0.045101088647,0.184292379471,0.00388802488336,0.0311041990669,0.0178849144635
3205,28,1,1,1,0,4,12,3,2,2,4,7,14,13,31,28,33,32,15,3,14,1,19,33,97,21,27,12,458,0.061135371179,0.00218340611354,0.00218340611354,0.00218340611354,0.0,0.00873362445415,0.0262008733624,0.00655021834061,0.00436681222707,0.00436681222707,0.00873362445415,0.0152838427948,0.0305676855895,0.028384279476,0.0676855895197,0.061135371179,0.0720524017467,0.0698689956332,0.0327510917031,0.00655021834061,0.0305676855895,0.00218340611354,0.0414847161572,0.0720524017467,0.211790393013,0.0458515283843,0.0589519650655,0.0262008733624
3206,53,0,9,11,22,27,83,41,48,10,32,95,171,141,164,236,28,186,149,27,148,4,167,196,610,3,171,77,2909,0.0182193193537,0.0,0.00309384668271,0.00378136816776,0.00756273633551,0.00928154004813,0.0285321416294,0.0140941904435,0.0165005156411,0.00343760742523,0.0110003437607,0.0326572705397,0.0587830869715,0.0484702646958,0.0563767617738,0.0811275352355,0.00962530079065,0.0639394981093,0.051220350636,0.00928154004813,0.0508765898934,0.00137504297009,0.0574080440014,0.0673771055345,0.209694052939,0.00103128222757,0.0587830869715,0.0264695771743
3207,41,2,1,2,4,5,25,16,4,8,7,17,36,25,36,45,35,57,35,4,17,1,22,42,136,17,44,14,698,0.0587392550143,0.00286532951289,0.00143266475645,0.00286532951289,0.00573065902579,0.00716332378223,0.0358166189112,0.0229226361032,0.00573065902579,0.0114613180516,0.0100286532951,0.0243553008596,0.0515759312321,0.0358166189112,0.0515759312321,0.0644699140401,0.0501432664756,0.0816618911175,0.0501432664756,0.00573065902579,0.0243553008596,0.00143266475645,0.0315186246418,0.0601719197708,0.194842406877,0.0243553008596,0.0630372492837,0.0200573065903
TOTAL,3402,458,820,1400,1737,4571,7815,4332,2730,1319,1606,6607,11782,6349,10653,13936,10330,8436,6920,1020,8177,389,11390,7506,27109,6533,7453,2165,176945,0.0192263132612,0.00258837491876,0.00463420836983,0.00791206307045,0.00981660968097,0.025832885925,0.044166266354,0.0244821837294,0.0154285229874,0.00745429370708,0.00907626663653,0.0373392862189,0.0665856622114,0.0358812060245,0.0602051484925,0.0787589363927,0.0583797225126,0.0476758314731,0.0391081974625,0.00576450309418,0.046212099805,0.00219842323886,0.0643702845517,0.0424199610048,0.153205798412,0.0369210771709,0.0421204329029,0.0122354403911
