occ,mun,inctot
1,101,5869.48042705
1,201,2984.79166667
1,202,2500.0
1,203,4800.0
1,204,3383.33333333
1,205,2500.0
1,206,3383.33333333
1,207,2984.79166667
1,208,4800.0
1,209,4800.0
1,210,2500.0
1,301,3117.31818182
1,302,3117.31818182
1,303,2683.33333333
1,304,3117.31818182
1,305,3117.31818182
1,401,18776.1176471
1,402,2711.25
1,403,4000.0
1,404,4000.0
1,405,3535.33333333
1,406,18776.1176471
1,407,18776.1176471
1,408,18776.1176471
1,409,2711.25
1,410,2711.25
1,411,3535.33333333
1,501,3260.09375
1,502,2594.0
1,503,2594.0
1,504,2594.0
1,505,2594.0
1,601,3490.37388724
1,602,3035.61269147
1,603,2876.8
1,604,3000.0
1,605,3035.61269147
1,606,3000.0
1,607,2876.8
1,701,3069.56521739
1,702,3069.56521739
1,703,2400.0
1,704,2400.0
1,705,3069.56521739
1,706,2400.0
1,801,7050.0
1,802,2100.0
1,901,68144.8385443
1,902,68144.8385443
1,903,4001.52516523
1,904,4001.52516523
1,1001,3400.0
1,1002,3400.0
1,1003,3400.0
1,1004,3400.0
1,1005,3400.0
1,1006,3400.0
1,1101,10100.0
1,1102,2000.0
1,1201,3423.07692308
1,1202,3423.07692308
1,1301,3994.34608909
1,1302,3647.70209696
1,1303,3233.41535938
1,1304,2936.61971831
1,1401,4303.42857143
1,1402,3740.0
1,1404,3740.0
1,1501,2678.34482759
1,1502,2059.42467827
1,1503,4212.71729186
1,1504,4212.71729186
1,1505,2678.34482759
1,1506,2059.42467827
1,1601,2675.71428571
1,1602,2675.71428571
1,1701,3097.36904142
1,1702,3393.22041711
1,1801,3231.11111111
1,1802,2300.0
1,1803,2300.0
1,1804,4855.5
1,1805,3185.0
1,1806,3185.0
1,1807,44833.3333333
1,1808,3185.0
1,1809,44833.3333333
1,1901,3300.0
1,1902,3000.0
1,1903,2125.75
1,2001,3925.0
1,2002,2828.57142857
1,2003,2828.57142857
1,2101,3815.92222222
1,2102,2902.2
1,2103,3517.30434783
1,2104,2988.88888889
1,2105,3265.54545455
1,2106,3252.72727273
1,2107,3448.57142857
1,2108,2902.2
1,2201,3276.81946056
1,2202,3276.81946056
1,2203,3515.49195837
1,2204,3276.81946056
1,2205,3125.16233766
1,2206,3515.49195837
1,2301,3734.14814815
1,2302,1533.33333333
1,2303,3734.14814815
1,2304,3044.44444444
1,2305,1533.33333333
1,2306,1533.33333333
1,2401,3783.33333333
1,2402,3783.33333333
1,2403,4033.33333333
1,2404,3600.0
1,2501,7333.94117647
1,2502,3750.0
1,2504,3800.0
1,2506,5200.0
1,2507,1375.0
1,2509,2688.88888889
1,2601,4350.0
1,2602,4350.0
1,2603,4350.0
1,2701,5123.65653879
1,2702,15219.8670213
1,2703,6285.47727273
1,2801,70961.8629509
1,2802,4980.85553997
1,2803,4980.85553997
1,2901,3970.01990446
1,2902,3367.5487988
1,2903,2773.08384774
1,2904,3651.45654459
1,2905,3998.0668277
1,3001,3710.0
1,3002,2300.0
1,3003,2300.0
1,3101,2200.0
1,3102,3000.0
1,3103,3000.0
1,3201,4868.14067278
1,3202,17275.7575758
1,3203,6525.64534884
1,3204,3184.0
1,3205,3025.0
1,3206,6701.71698113
1,3207,4954.04878049
11,101,25825.4444444
11,201,14200.0
11,202,650.0
11,203,1062.5
11,204,1100.0
11,205,650.0
11,206,1100.0
11,207,14200.0
11,208,1062.5
11,209,1062.5
11,210,650.0
11,301,5887.5
11,302,5887.5
11,303,2800.0
11,304,5887.5
11,305,5887.5
11,401,4333.33333333
11,402,1520.0
11,403,5900.0
11,404,5900.0
11,405,5605.0
11,406,4333.33333333
11,407,4333.33333333
11,408,4333.33333333
11,409,1520.0
11,410,1520.0
11,411,5605.0
11,502,5000.0
11,503,5000.0
11,504,5000.0
11,505,5000.0
11,601,13125.7121662
11,602,5007.65864333
11,603,2216.8
11,604,3206.25
11,605,5007.65864333
11,606,3206.25
11,607,2216.8
11,701,21940.0
11,702,21940.0
11,703,1000.0
11,704,1000.0
11,705,21940.0
11,706,1000.0
11,801,18500.0
11,802,3000.0
11,901,4500.0
11,902,4500.0
11,903,14710.9811896
11,904,14710.9811896
11,1001,4500.0
11,1002,4500.0
11,1003,4500.0
11,1004,4500.0
11,1005,4500.0
11,1006,4500.0
11,1101,1500.0
11,1102,1500.0
11,1201,5200.0
11,1202,5200.0
11,1301,2367.86386777
11,1302,5751.44286264
11,1303,3401.41494925
11,1304,8000.0
11,1402,15000.0
11,1404,15000.0
11,1501,3000.0
11,1502,3000.0
11,1503,3000.0
11,1504,3000.0
11,1505,3000.0
11,1506,3000.0
11,1601,1116.66666667
11,1602,1116.66666667
11,1701,13170.9874872
11,1702,1516.66666667
11,1801,9133.49723757
11,1802,7000.0
11,1803,7000.0
11,1804,29585.5176933
11,1805,3261.73481446
11,1806,3261.73481446
11,1807,894.576963627
11,1808,3261.73481446
11,1809,894.576963627
11,1901,3750.0
11,1903,20000.0
11,2001,7500.0
11,2101,5700.0
11,2102,2675.0
11,2105,2150.0
11,2106,4750.0
11,2108,2675.0
11,2201,17766.6666667
11,2202,17766.6666667
11,2203,800.0
11,2204,17766.6666667
11,2205,6250.0
11,2206,800.0
11,2301,13016.6666667
11,2302,13500.0
11,2303,13016.6666667
11,2304,11350.0
11,2305,13500.0
11,2306,13500.0
11,2401,1000.0
11,2402,1000.0
11,2403,14000.0
11,2404,1000.0
11,2501,22977.5
11,2502,1750.0
11,2503,900.0
11,2505,1500.0
11,2506,3117.5
11,2509,7350.0
11,2601,29875.0
11,2602,29875.0
11,2603,29875.0
11,2701,6895.35580524
11,2702,6523.33333333
11,2703,6523.33333333
11,2801,1900.0
11,2802,10529.943899
11,2803,10529.943899
11,2901,9552.5477707
11,2902,616.216216216
11,2903,23950.617284
11,2904,5782.46013667
11,2905,2000.0
11,3001,18000.0
11,3002,7175.0
11,3003,7175.0
11,3101,48000.0
11,3102,28000.0
11,3103,28000.0
11,3201,7977.77777778
11,3202,3150.0
11,3203,3383.33333333
11,3204,11250.0
11,3205,1358.0
11,3207,10000.0
12,101,30236.9959677
12,201,32200.0
12,203,9971.66666667
12,204,6257.0
12,206,6257.0
12,207,32200.0
12,208,9971.66666667
12,209,9971.66666667
12,301,9933.33333333
12,302,9933.33333333
12,303,20000.0
12,304,9933.33333333
12,305,9933.33333333
12,401,10475.0
12,403,6000.0
12,404,6000.0
12,405,15000.0
12,406,10475.0
12,407,10475.0
12,408,10475.0
12,411,15000.0
12,502,18000.0
12,503,18000.0
12,504,18000.0
12,505,18000.0
12,601,15808.5436202
12,602,8336.0
12,603,7205.024
12,604,8336.0
12,605,8336.0
12,606,8336.0
12,607,7205.024
12,701,8279.33333333
12,702,8279.33333333
12,703,30000.0
12,704,30000.0
12,705,8279.33333333
12,706,30000.0
12,801,9933.33333333
12,901,15069.1184008
12,902,15069.1184008
12,903,9750.0
12,904,9750.0
12,1001,10900.0
12,1002,10900.0
12,1003,10900.0
12,1004,10900.0
12,1005,10900.0
12,1006,10900.0
12,1101,11366.8460111
12,1102,11240.0
12,1201,11366.6666667
12,1202,11366.6666667
12,1301,21435.5630565
12,1302,5198.05258433
12,1303,11214.9713934
12,1304,13072.0
12,1401,15103.8721573
12,1402,11367.8804855
12,1403,16000.0
12,1404,11367.8804855
12,1501,12400.0
12,1502,8700.0
12,1503,10000.0
12,1504,10000.0
12,1505,12400.0
12,1506,8700.0
12,1601,21000.0
12,1602,21000.0
12,1701,15989.0338462
12,1702,10500.0
12,1801,19640.3314917
12,1802,11000.0
12,1803,11000.0
12,1804,11000.0
12,1805,11246.7501773
12,1806,11246.7501773
12,1807,10007.2482868
12,1808,11246.7501773
12,1809,10007.2482868
12,1901,10700.0
12,1903,10169.0
12,2001,10000.0
12,2002,9000.0
12,2003,9000.0
12,2101,13800.0
12,2102,10000.0
12,2103,17000.0
12,2105,11150.0
12,2106,5907.5
12,2108,10000.0
12,2201,16234.0
12,2202,16234.0
12,2204,16234.0
12,2301,51637.5
12,2302,6000.0
12,2303,51637.5
12,2304,26000.0
12,2305,6000.0
12,2306,6000.0
12,2401,7750.0
12,2402,7750.0
12,2403,11500.0
12,2404,7000.0
12,2501,20371.6470588
12,2502,11000.0
12,2504,9596.0
12,2505,8966.66666667
12,2507,11300.0
12,2509,7000.0
12,2601,10000.0
12,2602,10000.0
12,2603,10000.0
12,2701,9308.98876404
12,2702,8675.53191489
12,2703,12268.1818182
12,2801,9035.92288605
12,2802,12801.542777
12,2803,12801.542777
12,2901,10599.3630573
12,2902,22837.8378378
12,2903,11377.9835391
12,2904,14043.2801822
12,2905,9000.0
12,3002,6000.0
12,3003,6000.0
12,3101,10800.0
12,3102,7000.0
12,3103,7000.0
12,3201,15771.6666667
12,3202,21221.7391304
12,3203,19553.8461538
12,3204,11833.3333333
12,3205,15000.0
12,3206,15188.8888889
12,3207,2000.0
13,101,25911.754023
13,201,8050.0
13,202,1000.0
13,204,6000.0
13,205,1000.0
13,206,6000.0
13,207,8050.0
13,210,1000.0
13,301,1500.0
13,302,1500.0
13,304,1500.0
13,305,1500.0
13,401,68614.2857143
13,402,5000.0
13,406,68614.2857143
13,407,68614.2857143
13,408,68614.2857143
13,409,5000.0
13,410,5000.0
13,502,3000.0
13,503,3000.0
13,504,3000.0
13,505,3000.0
13,601,6145.81523244
13,602,3786.28738147
13,603,4753.17333333
13,604,2688.88888889
13,605,3786.28738147
13,606,2688.88888889
13,607,4753.17333333
13,801,9100.0
13,802,15000.0
13,901,2675.18011276
13,902,2675.18011276
13,903,7452.33858668
13,904,7452.33858668
13,1001,18250.0
13,1002,18250.0
13,1003,18250.0
13,1004,18250.0
13,1005,18250.0
13,1006,18250.0
13,1101,4657.00595701
13,1102,5266.72426938
13,1201,10651.4583333
13,1202,10651.4583333
13,1301,15750.2963944
13,1302,13872.835706
13,1303,3922.02399262
13,1304,11626.7605634
13,1401,4575.0
13,1402,13160.0
13,1403,2550.0
13,1404,13160.0
13,1501,9110.0
13,1502,2500.0
13,1503,26500.0
13,1504,26500.0
13,1505,9110.0
13,1506,2500.0
13,1701,2978.98461538
13,1702,225.0
13,1801,22428.5714286
13,1802,15000.0
13,1803,15000.0
13,1805,6433.33333333
13,1806,6433.33333333
13,1807,13333.3333333
13,1808,6433.33333333
13,1809,13333.3333333
13,1901,6250.0
13,1902,1000.0
13,1903,4600.0
13,2001,7500.0
13,2002,4750.0
13,2003,4750.0
13,2101,9020.84375
13,2102,2000.0
13,2103,11333.3333333
13,2104,3400.0
13,2105,2000.0
13,2106,1750.0
13,2107,2500.0
13,2108,2000.0
13,2201,6485.71428571
13,2202,6485.71428571
13,2204,6485.71428571
13,2205,1050.0
13,2301,10920.0
13,2302,5550.0
13,2303,10920.0
13,2304,6000.0
13,2305,5550.0
13,2306,5550.0
13,2401,7400.0
13,2402,7400.0
13,2403,9000.0
13,2404,4400.0
13,2501,17081.5178571
13,2502,10000.0
13,2503,3500.0
13,2504,10000.0
13,2505,12333.3333333
13,2506,9375.0
13,2507,9000.0
13,2601,25000.0
13,2602,25000.0
13,2603,25000.0
13,2701,6416.66666667
13,2702,7250.0
13,2703,3000.0
13,2801,10749.1696889
13,2802,3000.0
13,2803,3000.0
13,2902,1000.0
13,2903,2500.0
13,2904,733.333333333
13,2905,20200.0
13,3001,11375.0
13,3002,6600.0
13,3003,6600.0
13,3101,8050.0
13,3102,5300.0
13,3103,5300.0
13,3201,14312.3287671
13,3202,15300.0
13,3203,9104.41176471
13,3204,1500.0
13,3205,6000.0
13,3206,20081.8181818
13,3207,5500.0
21,101,19958.2321429
21,201,8525.0
21,207,8525.0
21,301,11250.0
21,302,11250.0
21,303,6000.0
21,304,11250.0
21,305,11250.0
21,401,22128.5714286
21,402,9550.0
21,403,20000.0
21,404,20000.0
21,406,22128.5714286
21,407,22128.5714286
21,408,22128.5714286
21,409,9550.0
21,410,9550.0
21,501,40000.0
21,601,8955.13905501
21,602,11262.0
21,603,11262.0
21,604,11262.0
21,605,11262.0
21,606,11262.0
21,607,11262.0
21,801,13750.0
21,802,12000.0
21,901,9140.09226038
21,902,9140.09226038
21,903,4800.0
21,904,4800.0
21,1001,7500.0
21,1002,7500.0
21,1003,7500.0
21,1004,7500.0
21,1005,7500.0
21,1006,7500.0
21,1101,10275.0
21,1201,12852.8301887
21,1202,12852.8301887
21,1301,8852.62985951
21,1302,7272.64332436
21,1303,8718.42509997
21,1304,3600.0
21,1401,4000.0
21,1501,9297.24137931
21,1502,9000.0
21,1503,3433.66880146
21,1504,3433.66880146
21,1505,9297.24137931
21,1506,9000.0
21,1601,9000.0
21,1602,9000.0
21,1701,7965.60615385
21,1702,8850.0
21,1801,11156.25
21,1805,9250.0
21,1806,9250.0
21,1807,24125.0
21,1808,9250.0
21,1809,24125.0
21,1901,1075.5
21,1902,2500.0
21,2002,12000.0
21,2003,12000.0
21,2101,14589.1162791
21,2103,12173.3333333
21,2104,4233.33333333
21,2105,46666.6666667
21,2106,6000.0
21,2201,11333.3333333
21,2202,11333.3333333
21,2203,15000.0
21,2204,11333.3333333
21,2205,900.0
21,2206,15000.0
21,2301,23420.5128205
21,2302,12000.0
21,2303,23420.5128205
21,2304,7500.0
21,2305,12000.0
21,2306,12000.0
21,2401,7400.0
21,2402,7400.0
21,2403,7250.0
21,2404,4250.0
21,2501,16459.5804196
21,2502,8628.57142857
21,2503,11309.3333333
21,2504,3000.0
21,2506,6000.0
21,2507,10000.0
21,2509,7500.0
21,2601,7500.0
21,2602,7500.0
21,2603,7500.0
21,2701,4780.68280035
21,2702,7660.9929078
21,2703,10731.8181818
21,2801,22100.3125
21,2802,8000.0
21,2803,8000.0
21,2901,2508.59872611
21,2902,5500.0
21,2903,5891.97530864
21,2904,4239.17995444
21,2905,5500.0
21,3001,7880.0
21,3101,17800.0
21,3102,100.0
21,3103,100.0
21,3201,15818.7621145
21,3202,11096.25
21,3203,15977.3333333
21,3204,16285.7142857
21,3206,8877.27272727
21,3207,12400.0
22,101,16233.5766423
22,201,5470.31914894
22,202,1220.0
22,203,1704.16666667
22,204,3162.5
22,205,1220.0
22,206,3162.5
22,207,5470.31914894
22,208,1704.16666667
22,209,1704.16666667
22,210,1220.0
22,301,6627.27272727
22,302,6627.27272727
22,303,6625.0
22,304,6627.27272727
22,305,6627.27272727
22,401,7628.20689655
22,402,7505.28571429
22,403,4816.66666667
22,404,4816.66666667
22,405,107670.0
22,406,7628.20689655
22,407,7628.20689655
22,408,7628.20689655
22,409,7505.28571429
22,410,7505.28571429
22,411,107670.0
22,501,6226.47058824
22,502,3253.85714286
22,503,3253.85714286
22,504,3253.85714286
22,505,3253.85714286
22,601,8462.96283451
22,602,6158.34782609
22,603,5752.80556522
22,604,6158.34782609
22,605,6158.34782609
22,606,6158.34782609
22,607,5752.80556522
22,701,10400.0
22,702,10400.0
22,703,12733.3333333
22,704,12733.3333333
22,705,10400.0
22,706,12733.3333333
22,801,9809.52380952
22,802,3722.22222222
22,901,7420.41583502
22,902,7420.41583502
22,903,6300.0
22,904,6300.0
22,1001,7123.22222222
22,1002,7123.22222222
22,1003,7123.22222222
22,1004,7123.22222222
22,1005,7123.22222222
22,1006,7123.22222222
22,1101,10229.8611111
22,1201,8679.9
22,1202,8679.9
22,1301,10179.5266511
22,1302,3639.6063486
22,1303,2386.81905501
22,1304,2000.70046948
22,1401,4832.77518474
22,1402,6769.11518994
22,1403,3587.52498334
22,1404,6769.11518994
22,1501,2658.2183908
22,1502,4289.8765504
22,1503,1686.89594943
22,1504,1686.89594943
22,1505,2658.2183908
22,1506,4289.8765504
22,1601,9357.2
22,1602,9357.2
22,1701,5119.83239161
22,1702,2463.17282848
22,1801,4648.20632501
22,1802,1676.45023072
22,1803,1676.45023072
22,1804,3031.90881857
22,1805,2226.98652801
22,1806,2226.98652801
22,1807,5148.85157015
22,1808,2226.98652801
22,1809,5148.85157015
22,1901,9294.2962963
22,1902,8712.5
22,1903,9183.33333333
22,2001,2567.04545455
22,2002,3171.42857143
22,2003,3171.42857143
22,2101,7450.0
22,2102,8350.0
22,2103,5267.59259259
22,2104,4700.0
22,2105,5442.22222222
22,2106,5633.33333333
22,2107,6950.0
22,2108,8350.0
22,2201,7454.98017084
22,2202,7454.98017084
22,2203,6894.0397351
22,2204,7454.98017084
22,2205,6755.66115702
22,2206,6894.0397351
22,2301,10342.9677419
22,2302,2800.0
22,2303,10342.9677419
22,2304,8286.58333333
22,2305,2800.0
22,2306,2800.0
22,2401,4199.59090909
22,2402,4199.59090909
22,2403,5807.69230769
22,2404,1555.55555556
22,2501,9986.04090909
22,2502,1600.0
22,2503,2234.5
22,2504,5302.22222222
22,2505,4433.33333333
22,2506,5775.0
22,2507,600.0
22,2509,1178.20512821
22,2601,4808.62068966
22,2602,4808.62068966
22,2603,4808.62068966
22,2701,29045.1240559
22,2702,3340.66032667
22,2703,2614.28374656
22,2801,5597.40516097
22,2802,5419.75806452
22,2803,5419.75806452
22,2901,9469.74522293
22,2902,7206.75675676
22,2903,4334.46502058
22,2904,6275.96810934
22,2905,7717.39130435
22,3001,9974.75
22,3002,4663.65
22,3003,4663.65
22,3101,3736.875
22,3102,2736.09756098
22,3103,2736.09756098
22,3201,10355.9928058
22,3202,10115.5204082
22,3203,8388.49473684
22,3204,5248.85714286
22,3205,2175.0
22,3206,4659.25925926
22,3207,5340.0
23,101,11335.6587079
23,201,19139.9565217
23,202,5275.0
23,203,5497.1875
23,204,4822.22222222
23,205,5275.0
23,206,4822.22222222
23,207,19139.9565217
23,208,5497.1875
23,209,5497.1875
23,210,5275.0
23,301,6721.29787234
23,302,6721.29787234
23,303,5977.77777778
23,304,6721.29787234
23,305,6721.29787234
23,401,23262.9545455
23,402,6703.4
23,403,4593.33333333
23,404,4593.33333333
23,405,4213.63636364
23,406,23262.9545455
23,407,23262.9545455
23,408,23262.9545455
23,409,6703.4
23,410,6703.4
23,411,4213.63636364
23,501,6240.0
23,502,6256.78787879
23,503,6256.78787879
23,504,6256.78787879
23,505,6256.78787879
23,601,12287.187813
23,602,5745.01823487
23,603,5652.27266667
23,604,6448.77777778
23,605,5745.01823487
23,606,6448.77777778
23,607,5652.27266667
23,701,5843.04347826
23,702,5843.04347826
23,703,4381.77777778
23,704,4381.77777778
23,705,5843.04347826
23,706,4381.77777778
23,801,6598.68421053
23,802,6904.54545455
23,901,9354.74967301
23,902,9354.74967301
23,903,9111.73096908
23,904,9111.73096908
23,1001,4696.42857143
23,1002,4696.42857143
23,1003,4696.42857143
23,1004,4696.42857143
23,1005,4696.42857143
23,1006,4696.42857143
23,1101,6789.28157453
23,1102,10229.4790343
23,1201,5171.94059406
23,1202,5171.94059406
23,1301,5680.86465679
23,1302,5430.41708349
23,1303,11989.6637518
23,1304,4897.37174563
23,1401,8324.79409957
23,1402,9542.38095238
23,1403,16572.2531646
23,1404,9542.38095238
23,1501,5897.56812808
23,1502,5957.27663026
23,1503,8348.55012417
23,1504,8348.55012417
23,1505,5897.56812808
23,1506,5957.27663026
23,1601,6705.08333333
23,1602,6705.08333333
23,1701,5690.92687026
23,1702,5750.68762279
23,1801,5535.73536515
23,1802,7073.4275434
23,1803,7073.4275434
23,1804,6564.42377266
23,1805,5828.68935634
23,1806,5828.68935634
23,1807,6915.10617642
23,1808,5828.68935634
23,1809,6915.10617642
23,1901,6515.02668774
23,1902,7052.90025641
23,1903,6761.83361486
23,2001,4322.5
23,2002,6649.26086957
23,2003,6649.26086957
23,2101,5910.1965812
23,2102,2641.66666667
23,2103,4293.86363636
23,2104,5895.83333333
23,2105,5621.06666667
23,2106,4283.14285714
23,2107,5834.0
23,2108,2641.66666667
23,2201,6148.29338447
23,2202,6148.29338447
23,2203,4770.51776039
23,2204,6148.29338447
23,2205,6250.51411846
23,2206,4770.51776039
23,2301,5633.68807339
23,2302,5228.5
23,2303,5633.68807339
23,2304,7076.08695652
23,2305,5228.5
23,2306,5228.5
23,2401,5505.26086957
23,2402,5505.26086957
23,2403,5783.33333333
23,2404,5897.85714286
23,2501,7418.61419753
23,2502,4836.0
23,2503,11600.0
23,2504,6073.66666667
23,2505,7572.95
23,2506,6566.66666667
23,2507,7050.0
23,2509,5535.48387097
23,2601,6553.95744681
23,2602,6553.95744681
23,2603,6553.95744681
23,2701,6939.30390756
23,2702,6783.62695035
23,2703,6880.08227273
23,2801,10299.1237073
23,2802,6755.66056781
23,2803,6755.66056781
23,2901,17383.6736996
23,2902,5706.18633056
23,2903,7852.7470679
23,2904,5469.6641766
23,2905,4563.95750988
23,3001,6069.61904762
23,3002,5669.27272727
23,3003,5669.27272727
23,3101,6184.85185185
23,3102,5982.88888889
23,3103,5982.88888889
23,3201,7249.74373796
23,3202,7144.89189189
23,3203,4596.84259259
23,3204,4761.53846154
23,3205,2600.0
23,3206,10174.6987952
23,3207,4250.0
24,101,17982.5907801
24,201,7892.9
24,202,18000.0
24,203,21500.0
24,204,5850.0
24,205,18000.0
24,206,5850.0
24,207,7892.9
24,208,21500.0
24,209,21500.0
24,210,18000.0
24,301,21000.0
24,302,21000.0
24,303,14695.8333333
24,304,21000.0
24,305,21000.0
24,401,6952.0
24,402,500.0
24,403,10000.0
24,404,10000.0
24,406,6952.0
24,407,6952.0
24,408,6952.0
24,409,500.0
24,410,500.0
24,501,16000.0
24,502,24371.4285714
24,503,24371.4285714
24,504,24371.4285714
24,505,24371.4285714
24,601,8726.45499505
24,602,3236.76148796
24,603,6446.824
24,604,3812.5
24,605,3236.76148796
24,606,3812.5
24,607,6446.824
24,701,6000.0
24,702,6000.0
24,703,15000.0
24,704,15000.0
24,705,6000.0
24,706,15000.0
24,801,8660.0
24,802,3500.0
24,901,6258.82234751
24,902,6258.82234751
24,903,4578.54600915
24,904,4578.54600915
24,1001,19666.6666667
24,1002,19666.6666667
24,1003,19666.6666667
24,1004,19666.6666667
24,1005,19666.6666667
24,1006,19666.6666667
24,1101,8798.80900098
24,1102,10166.3066497
24,1201,9423.17073171
24,1202,9423.17073171
24,1301,8553.47286836
24,1302,7111.20321003
24,1303,8037.32126379
24,1304,5205.07042254
24,1401,7366.88032312
24,1402,2596.32741986
24,1403,3198.98734177
24,1404,2596.32741986
24,1501,4720.99471264
24,1502,2598.51804189
24,1503,15999.1238182
24,1504,15999.1238182
24,1505,4720.99471264
24,1506,2598.51804189
24,1601,4000.0
24,1602,4000.0
24,1701,7537.26834008
24,1702,6317.76031434
24,1801,9252.38095238
24,1802,10420.0
24,1803,10420.0
24,1804,4600.0
24,1805,6450.0
24,1806,6450.0
24,1807,11500.0
24,1808,6450.0
24,1809,11500.0
24,1901,17387.5
24,1902,5750.0
24,1903,3125.0
24,2001,2000.0
24,2002,7320.0
24,2003,7320.0
24,2101,19152.6813187
24,2102,500.0
24,2103,7285.83333333
24,2104,8150.0
24,2105,11698.0769231
24,2106,3750.0
24,2107,9100.0
24,2108,500.0
24,2201,7282.85714286
24,2202,7282.85714286
24,2203,3578.33333333
24,2204,7282.85714286
24,2206,3578.33333333
24,2301,8336.0
24,2302,2250.0
24,2303,8336.0
24,2304,10245.8333333
24,2305,2250.0
24,2306,2250.0
24,2401,7006.35294118
24,2402,7006.35294118
24,2403,4682.4
24,2404,3033.33333333
24,2501,10181.4201389
24,2502,6469.23076923
24,2504,8120.0
24,2505,5987.14285714
24,2506,8458.33333333
24,2507,8100.0
24,2509,6366.66666667
24,2601,15477.7777778
24,2602,15477.7777778
24,2603,15477.7777778
24,2701,6538.12192452
24,2702,7544.12565012
24,2703,5522.36454545
24,2801,8301.82069352
24,2802,3363.83824217
24,2803,3363.83824217
24,2901,11226.7515924
24,2902,6738.73873874
24,2903,14583.3333333
24,2904,1142.14123007
24,2905,4000.0
24,3001,7687.5
24,3002,5416.66666667
24,3003,5416.66666667
24,3101,12125.0
24,3102,5500.0
24,3103,5500.0
24,3201,12751.8576271
24,3202,12763.1841004
24,3203,13277.7222222
24,3204,9458.33333333
24,3205,1366.66666667
24,3206,7996.34146341
24,3207,12226.875
31,101,8779.44547564
31,201,5230.0
31,202,2400.0
31,203,3000.0
31,204,5000.0
31,205,2400.0
31,206,5000.0
31,207,5230.0
31,208,3000.0
31,209,3000.0
31,210,2400.0
31,301,3540.0
31,302,3540.0
31,303,2225.0
31,304,3540.0
31,305,3540.0
31,401,4359.42857143
31,403,2100.0
31,404,2100.0
31,405,1400.0
31,406,4359.42857143
31,407,4359.42857143
31,408,4359.42857143
31,411,1400.0
31,501,12000.0
31,502,4550.0
31,503,4550.0
31,504,4550.0
31,505,4550.0
31,601,3219.44995761
31,602,2039.28571429
31,603,2039.28571429
31,604,2039.28571429
31,605,2039.28571429
31,606,2039.28571429
31,607,2039.28571429
31,701,1500.0
31,702,1500.0
31,705,1500.0
31,801,2400.0
31,802,3390.5
31,901,4571.14663092
31,902,4571.14663092
31,903,4120.0
31,904,4120.0
31,1001,1650.0
31,1002,1650.0
31,1003,1650.0
31,1004,1650.0
31,1005,1650.0
31,1006,1650.0
31,1101,6227.90071672
31,1102,6759.00042355
31,1201,4256.4691358
31,1202,4256.4691358
31,1301,5396.40533734
31,1302,4881.98345518
31,1303,3705.71362658
31,1304,3757.3943662
31,1401,2782.08358943
31,1402,2911.33520075
31,1403,2539.74683544
31,1404,2911.33520075
31,1501,1557.1091954
31,1502,6668.45823871
31,1503,4545.21622446
31,1504,4545.21622446
31,1505,1557.1091954
31,1506,6668.45823871
31,1601,21000.0
31,1602,21000.0
31,1701,4085.97251282
31,1702,4342.63261297
31,1801,4200.0
31,1802,3144.48747528
31,1803,3144.48747528
31,1804,13872.4934469
31,1805,4660.60033089
31,1806,4660.60033089
31,1807,4051.08724302
31,1808,4660.60033089
31,1809,4051.08724302
31,1901,3166.66666667
31,1902,200.0
31,1903,3500.0
31,2001,7971.42857143
31,2002,1500.0
31,2003,1500.0
31,2101,5689.38961039
31,2102,4000.0
31,2103,5436.6
31,2104,5800.0
31,2105,3897.47368421
31,2106,6428.11111111
31,2107,3360.0
31,2108,4000.0
31,2201,9250.52623551
31,2202,9250.52623551
31,2203,3480.35320088
31,2204,9250.52623551
31,2205,373.553719008
31,2206,3480.35320088
31,2301,4916.27586207
31,2302,7075.0
31,2303,4916.27586207
31,2304,3633.33333333
31,2305,7075.0
31,2306,7075.0
31,2401,4011.11111111
31,2402,4011.11111111
31,2403,3000.0
31,2404,8250.0
31,2501,5285.94017094
31,2502,3331.66666667
31,2503,1700.0
31,2504,5400.0
31,2505,3750.0
31,2506,3342.85714286
31,2507,1700.0
31,2509,5143.07692308
31,2601,3280.0
31,2602,3280.0
31,2603,3280.0
31,2701,54866.9187554
31,2702,4067.15130024
31,2703,3323.63636364
31,2801,8587.59305211
31,2802,2051.12201964
31,2803,2051.12201964
31,2901,3406.84713376
31,2902,7601.35135135
31,2903,6650.0
31,2904,3582.00455581
31,2905,6650.0
31,3001,5180.0
31,3002,4700.0
31,3003,4700.0
31,3101,6000.0
31,3102,2866.66666667
31,3103,2866.66666667
31,3201,6936.5625
31,3202,7068.0
31,3203,7221.07920792
31,3204,4401.25
31,3205,1750.0
31,3206,6194.52083333
31,3207,4125.0
32,101,7137.30120482
32,201,3918.125
32,203,6800.0
32,204,4150.0
32,206,4150.0
32,207,3918.125
32,208,6800.0
32,209,6800.0
32,301,5960.0
32,302,5960.0
32,303,5700.0
32,304,5960.0
32,305,5960.0
32,401,5714.28571429
32,402,7044.4
32,403,4608.33333333
32,404,4608.33333333
32,405,6800.0
32,406,5714.28571429
32,407,5714.28571429
32,408,5714.28571429
32,409,7044.4
32,410,7044.4
32,411,6800.0
32,501,6610.88888889
32,502,4700.0
32,503,4700.0
32,504,4700.0
32,505,4700.0
32,601,3484.33653808
32,602,4600.0
32,603,4374.13333333
32,604,4600.0
32,605,4600.0
32,606,4600.0
32,607,4374.13333333
32,701,300.0
32,702,300.0
32,703,2750.0
32,704,2750.0
32,705,300.0
32,706,2750.0
32,801,9166.66666667
32,901,5574.04993776
32,902,5574.04993776
32,903,3823.69089985
32,904,3823.69089985
32,1001,4561.81818182
32,1002,4561.81818182
32,1003,4561.81818182
32,1004,4561.81818182
32,1005,4561.81818182
32,1006,4561.81818182
32,1101,4245.45454545
32,1102,6850.0
32,1201,3432.75862069
32,1202,3432.75862069
32,1301,4537.33084594
32,1302,5577.43863024
32,1303,4222.62780683
32,1304,4947.92957746
32,1401,6350.98340504
32,1402,5157.79645191
32,1403,6000.0
32,1404,5157.79645191
32,1501,4615.0
32,1503,7000.0
32,1504,7000.0
32,1505,4615.0
32,1601,2360.0
32,1602,2360.0
32,1701,5734.88547009
32,1702,3828.68369352
32,1801,3822.49309392
32,1802,7870.08569545
32,1803,7870.08569545
32,1804,1895.27359109
32,1805,4011.67572678
32,1806,4011.67572678
32,1807,2735.2662098
32,1808,4011.67572678
32,1809,2735.2662098
32,1901,6410.30624264
32,1902,1275.28205128
32,1903,6321.28378378
32,2001,6034.22222222
32,2002,6125.0
32,2003,6125.0
32,2101,7267.03030303
32,2103,33640.0
32,2104,8625.0
32,2105,5125.0
32,2106,2000.0
32,2107,3750.0
32,2201,5930.52631579
32,2202,5930.52631579
32,2203,5845.4
32,2204,5930.52631579
32,2205,5844.44444444
32,2206,5845.4
32,2301,5759.04347826
32,2302,4650.0
32,2303,5759.04347826
32,2304,5950.0
32,2305,4650.0
32,2306,4650.0
32,2401,3933.53846154
32,2402,3933.53846154
32,2403,6000.0
32,2404,5010.0
32,2501,4696.96511628
32,2502,4150.0
32,2503,1875.0
32,2504,4233.33333333
32,2505,3900.0
32,2506,3000.0
32,2507,3000.0
32,2509,3000.0
32,2601,5674.28571429
32,2602,5674.28571429
32,2603,5674.28571429
32,2701,5215.52290406
32,2702,3355.93971631
32,2703,2845.45454545
32,2801,4211.11111111
32,2802,2100.0
32,2803,2100.0
32,2901,114006.369427
32,2902,3195.94594595
32,2903,3156.48148148
32,2904,4534.0546697
32,2905,4450.0
32,3001,3000.0
32,3002,5200.0
32,3003,5200.0
32,3101,4700.0
32,3102,2200.0
32,3103,2200.0
32,3201,6039.12037037
32,3202,7688.04
32,3203,5672.72727273
32,3204,4216.66666667
32,3205,2300.0
32,3206,3740.0
32,3207,3125.0
33,101,6264.77272727
33,201,5151.92307692
33,202,3625.0
33,203,3666.66666667
33,204,2357.14285714
33,205,3625.0
33,206,2357.14285714
33,207,5151.92307692
33,208,3666.66666667
33,209,3666.66666667
33,210,3625.0
33,301,6969.66666667
33,302,6969.66666667
33,303,7025.0
33,304,6969.66666667
33,305,6969.66666667
33,401,3966.66666667
33,402,3533.33333333
33,403,666.666666667
33,404,666.666666667
33,405,5133.33333333
33,406,3966.66666667
33,407,3966.66666667
33,408,3966.66666667
33,409,3533.33333333
33,410,3533.33333333
33,411,5133.33333333
33,501,6911.11111111
33,502,5324.7
33,503,5324.7
33,504,5324.7
33,505,5324.7
33,601,3739.6379822
33,602,4995.31728665
33,603,5134.0
33,604,4466.66666667
33,605,4995.31728665
33,606,4466.66666667
33,607,5134.0
33,701,5350.0
33,702,5350.0
33,703,12500.0
33,704,12500.0
33,705,5350.0
33,706,12500.0
33,801,3075.0
33,802,2500.0
33,901,3345.74080854
33,902,3345.74080854
33,903,5644.48963453
33,904,5644.48963453
33,1001,5357.14285714
33,1002,5357.14285714
33,1003,5357.14285714
33,1004,5357.14285714
33,1005,5357.14285714
33,1006,5357.14285714
33,1101,40078.5714286
33,1102,9600.0
33,1201,3579.0
33,1202,3579.0
33,1301,4101.65383121
33,1302,4850.09619084
33,1303,4004.75067501
33,1304,5000.0
33,1401,5737.06207744
33,1402,3747.05583567
33,1403,3671.13924051
33,1404,3747.05583567
33,1501,6967.4637931
33,1502,5377.49621499
33,1503,3548.92268984
33,1504,3548.92268984
33,1505,6967.4637931
33,1506,5377.49621499
33,1601,7500.0
33,1602,7500.0
33,1701,3553.86666667
33,1702,2960.77275704
33,1801,3971.66666667
33,1802,6100.0
33,1803,6100.0
33,1804,2898.33333333
33,1805,2075.0
33,1806,2075.0
33,1807,3391.66666667
33,1808,2075.0
33,1809,3391.66666667
33,1901,6420.0
33,1902,4800.0
33,1903,6537.5
33,2001,1000.0
33,2002,3800.0
33,2003,3800.0
33,2101,6857.14285714
33,2103,7836.8
33,2104,5250.0
33,2105,2150.0
33,2106,3722.4
33,2107,3400.0
33,2201,5080.99832215
33,2202,5080.99832215
33,2203,3701.98675497
33,2204,5080.99832215
33,2205,4025.10330579
33,2206,3701.98675497
33,2301,4386.95652174
33,2302,4933.0
33,2303,4386.95652174
33,2304,5666.66666667
33,2305,4933.0
33,2306,4933.0
33,2401,9417.64705882
33,2402,9417.64705882
33,2403,6200.0
33,2404,5100.0
33,2501,4571.51685393
33,2502,4150.0
33,2503,2450.0
33,2504,6940.0
33,2505,6600.0
33,2506,3000.0
33,2507,1600.0
33,2509,4862.5
33,2601,4366.66666667
33,2602,4366.66666667
33,2603,4366.66666667
33,2701,4225.62690867
33,2702,7699.76359338
33,2703,5962.12121212
33,2801,4541.97684036
33,2802,2980.85053096
33,2803,2980.85053096
33,2901,12594.634916
33,2902,3116.21621622
33,2903,5597.5308642
33,2904,5172.43735763
33,2905,5161.83574879
33,3001,3608.33333333
33,3002,10164.3333333
33,3003,10164.3333333
33,3101,2350.0
33,3102,5333.33333333
33,3103,5333.33333333
33,3201,4432.91176471
33,3202,3508.57142857
33,3203,2710.34722222
33,3204,3271.25
33,3205,3625.0
33,3206,3404.1875
33,3207,2700.0
34,101,12197.2413539
34,201,8851.61290323
34,202,2750.0
34,203,4500.0
34,204,9048.75
34,205,2750.0
34,206,9048.75
34,207,8851.61290323
34,208,4500.0
34,209,4500.0
34,210,2750.0
34,301,5276.92307692
34,302,5276.92307692
34,303,7000.0
34,304,5276.92307692
34,305,5276.92307692
34,401,5960.0
34,402,2096.66666667
34,403,17377.0
34,404,17377.0
34,405,3100.0
34,406,5960.0
34,407,5960.0
34,408,5960.0
34,409,2096.66666667
34,410,2096.66666667
34,411,3100.0
34,501,7228.57142857
34,502,5169.0
34,503,5169.0
34,504,5169.0
34,505,5169.0
34,601,4067.8878635
34,602,3914.865062
34,603,2295.08266667
34,604,3837.88888889
34,605,3914.865062
34,606,3837.88888889
34,607,2295.08266667
34,701,3952.5
34,702,3952.5
34,703,8300.0
34,704,8300.0
34,705,3952.5
34,706,8300.0
34,801,4707.14285714
34,802,2700.0
34,901,9997.53883813
34,902,9997.53883813
34,903,3160.65709202
34,904,3160.65709202
34,1001,5030.0
34,1002,5030.0
34,1003,5030.0
34,1004,5030.0
34,1005,5030.0
34,1006,5030.0
34,1101,6772.2978452
34,1102,159341.931385
34,1201,6229.30864198
34,1202,6229.30864198
34,1301,6045.70037858
34,1302,4529.91626816
34,1303,4120.83461499
34,1304,5075.89984351
34,1401,3431.92115199
34,1402,4264.35018452
34,1403,4785.71428571
34,1404,4264.35018452
34,1501,4372.40586207
34,1502,3651.85111142
34,1503,2278.44236048
34,1504,2278.44236048
34,1505,4372.40586207
34,1506,3651.85111142
34,1601,41625.0
34,1602,41625.0
34,1701,4615.93376897
34,1702,4316.77497355
34,1801,5828.97333333
34,1802,4683.33333333
34,1803,4683.33333333
34,1804,4170.0
34,1805,3838.14285714
34,1806,3838.14285714
34,1807,5495.38461538
34,1808,3838.14285714
34,1809,5495.38461538
34,1901,5136.79959616
34,1902,9044.87912088
34,1903,2366.6023166
34,2001,3751.22222222
34,2002,2766.66666667
34,2003,2766.66666667
34,2101,6596.51851852
34,2102,6500.0
34,2103,6481.33898305
34,2104,3479.5
34,2105,6478.94736842
34,2106,5668.75
34,2107,3900.0
34,2108,6500.0
34,2201,4968.86956522
34,2202,4968.86956522
34,2203,1673.0
34,2204,4968.86956522
34,2205,2626.0
34,2206,1673.0
34,2301,16608.1751825
34,2302,5037.38461538
34,2303,16608.1751825
34,2304,3258.33333333
34,2305,5037.38461538
34,2306,5037.38461538
34,2401,5376.66666667
34,2402,5376.66666667
34,2403,5000.0
34,2404,3980.0
34,2501,8222.28682171
34,2502,5077.77777778
34,2503,7871.75
34,2504,6937.5
34,2505,6157.33333333
34,2506,3943.71428571
34,2507,5775.0
34,2509,3731.0
34,2601,4500.0
34,2602,4500.0
34,2603,4500.0
34,2701,5716.50899662
34,2702,5408.84107028
34,2703,6089.14256198
34,2801,5458.16758923
34,2802,2522.86115007
34,2803,2522.86115007
34,2901,4144.2206819
34,2902,4837.02702703
34,2903,7418.27160494
34,2904,5180.42425968
34,2905,5727.0531401
34,3001,3720.0
34,3002,4689.2
34,3003,4689.2
34,3101,5122.22222222
34,3102,6300.0
34,3103,6300.0
34,3201,8270.16930572
34,3202,8604.00289855
34,3203,7841.56349206
34,3204,5595.4
34,3205,5542.85714286
34,3206,5716.31578947
34,3207,7035.29411765
41,101,7947.65801078
41,201,2970.27777778
41,202,4670.0
41,203,3422.22222222
41,204,5220.03225806
41,205,4670.0
41,206,5220.03225806
41,207,2970.27777778
41,208,3422.22222222
41,209,3422.22222222
41,210,4670.0
41,301,5162.86666667
41,302,5162.86666667
41,303,2166.66666667
41,304,5162.86666667
41,305,5162.86666667
41,401,4824.9375
41,402,8143.14285714
41,403,2027.27272727
41,404,2027.27272727
41,405,4587.85714286
41,406,4824.9375
41,407,4824.9375
41,408,4824.9375
41,409,8143.14285714
41,410,8143.14285714
41,411,4587.85714286
41,501,4169.88461538
41,502,4097.58333333
41,503,4097.58333333
41,504,4097.58333333
41,505,4097.58333333
41,601,3190.73577741
41,602,2424.53891841
41,603,2385.64205714
41,604,2537.14285714
41,605,2424.53891841
41,606,2537.14285714
41,607,2385.64205714
41,701,3756.60606061
41,702,3756.60606061
41,703,3735.7
41,704,3735.7
41,705,3756.60606061
41,706,3735.7
41,801,3960.04
41,802,2228.57142857
41,901,7650.92910814
41,902,7650.92910814
41,903,3208.32187259
41,904,3208.32187259
41,1001,4708.59090909
41,1002,4708.59090909
41,1003,4708.59090909
41,1004,4708.59090909
41,1005,4708.59090909
41,1006,4708.59090909
41,1101,4580.1209588
41,1102,3656.12462125
41,1201,6290.58333333
41,1202,6290.58333333
41,1301,3893.64330438
41,1302,3152.78735411
41,1303,5250.28022147
41,1304,4528.74647887
41,1401,3365.92636755
41,1402,3177.70774977
41,1403,3540.56962025
41,1404,3177.70774977
41,1501,5895.62109351
41,1502,3830.42570089
41,1503,2789.85317823
41,1504,2789.85317823
41,1505,5895.62109351
41,1506,3830.42570089
41,1601,3390.88235294
41,1602,3390.88235294
41,1701,4421.97285391
41,1702,6737.8657843
41,1801,4303.19380038
41,1802,3742.42599029
41,1803,3742.42599029
41,1804,2240.00592118
41,1805,3285.62227775
41,1806,3285.62227775
41,1807,4110.85386599
41,1808,3285.62227775
41,1809,4110.85386599
41,1901,2599.24224578
41,1902,2702.24358974
41,1903,2998.99718468
41,2001,3647.36842105
41,2002,3841.66666667
41,2003,3841.66666667
41,2101,4164.43315508
41,2102,4222.85714286
41,2103,3471.52222222
41,2104,5184.09090909
41,2105,3262.81818182
41,2106,4169.95833333
41,2107,3623.07692308
41,2108,4222.85714286
41,2201,3385.53074715
41,2202,3385.53074715
41,2203,3341.91133186
41,2204,3385.53074715
41,2205,4048.91528926
41,2206,3341.91133186
41,2301,4837.38502674
41,2302,2254.375
41,2303,4837.38502674
41,2304,4338.88888889
41,2305,2254.375
41,2306,2254.375
41,2401,3527.63461538
41,2402,3527.63461538
41,2403,3109.4
41,2404,9996.07142857
41,2501,5118.05363985
41,2502,4529.62962963
41,2503,2966.76470588
41,2504,3760.76923077
41,2505,3597.22222222
41,2506,5454.47368421
41,2507,3623.5
41,2509,3170.75757576
41,2601,3764.22727273
41,2602,3764.22727273
41,2603,3764.22727273
41,2701,4170.12031582
41,2702,4373.53270619
41,2703,3757.64864865
41,2801,3554.27350427
41,2802,3436.04059529
41,2803,3436.04059529
41,2901,22131.2514971
41,2902,5946.24624625
41,2903,7193.26911086
41,2904,6824.51993441
41,2905,9139.8819109
41,3001,13709.826087
41,3002,2771.5
41,3003,2771.5
41,3101,3590.0
41,3102,2650.0
41,3103,2650.0
41,3201,7008.3581363
41,3202,6325.61264822
41,3203,5014.34490239
41,3204,3809.58064516
41,3205,3450.28571429
41,3206,4467.57309942
41,3207,3792.08333333
42,101,5593.90169492
42,201,2386.89655172
42,202,2750.0
42,203,1899.5
42,204,1950.0
42,205,2750.0
42,206,1950.0
42,207,2386.89655172
42,208,1899.5
42,209,1899.5
42,210,2750.0
42,301,2111.11111111
42,302,2111.11111111
42,303,2250.0
42,304,2111.11111111
42,305,2111.11111111
42,401,3762.5
42,402,2450.0
42,403,2400.0
42,404,2400.0
42,405,2485.71428571
42,406,3762.5
42,407,3762.5
42,408,3762.5
42,409,2450.0
42,410,2450.0
42,411,2485.71428571
42,501,2463.63636364
42,502,2809.52380952
42,503,2809.52380952
42,504,2809.52380952
42,505,2809.52380952
42,601,2758.60115682
42,602,2647.95984039
42,603,3598.68623529
42,604,2458.82352941
42,605,2647.95984039
42,606,2458.82352941
42,607,3598.68623529
42,701,1650.0
42,702,1650.0
42,703,1975.0
42,704,1975.0
42,705,1650.0
42,706,1975.0
42,801,2474.58333333
42,802,1944.85714286
42,901,3335.88708362
42,902,3335.88708362
42,903,2635.27914944
42,904,2635.27914944
42,1001,2400.0
42,1002,2400.0
42,1003,2400.0
42,1004,2400.0
42,1005,2400.0
42,1006,2400.0
42,1101,6647.96417813
42,1102,5057.56924143
42,1201,7821.32075472
42,1202,7821.32075472
42,1301,5167.52030368
42,1302,4914.79126587
42,1303,2107.31616992
42,1304,2730.34037559
42,1401,2745.19428682
42,1402,2980.41420272
42,1403,1798.58499096
42,1404,2980.41420272
42,1501,3006.25172414
42,1502,1601.22517906
42,1503,1335.11436414
42,1504,1335.11436414
42,1505,3006.25172414
42,1506,1601.22517906
42,1601,1940.0
42,1602,1940.0
42,1701,2993.37221038
42,1702,3540.94774067
42,1801,3928.16591585
42,1802,2946.30850363
42,1803,2946.30850363
42,1804,2515.57994758
42,1805,2324.86826922
42,1806,2324.86826922
42,1807,3382.54024573
42,1808,2324.86826922
42,1809,3382.54024573
42,1901,3822.5
42,1902,1844.44444444
42,1903,2142.85714286
42,2001,2272.72727273
42,2002,2209.07142857
42,2003,2209.07142857
42,2101,3406.15277778
42,2102,13000.0
42,2103,10009.6666667
42,2104,3156.25
42,2105,3094.73684211
42,2106,3725.0
42,2107,2888.88888889
42,2108,13000.0
42,2201,2403.65853659
42,2202,2403.65853659
42,2203,2500.0
42,2204,2403.65853659
42,2205,1950.0
42,2206,2500.0
42,2301,2702.75438596
42,2302,1890.0
42,2303,2702.75438596
42,2304,2945.0
42,2305,1890.0
42,2306,1890.0
42,2401,2931.42857143
42,2402,2931.42857143
42,2403,2040.0
42,2404,1708.33333333
42,2501,3692.01327434
42,2502,2689.47368421
42,2503,2200.0
42,2504,3067.85714286
42,2505,2387.5
42,2506,2960.0
42,2507,1840.0
42,2509,2150.57692308
42,2601,2030.43478261
42,2602,2030.43478261
42,2603,2030.43478261
42,2701,2443.56525497
42,2702,2337.04787234
42,2703,2169.09090909
42,2801,6616.64477954
42,2802,4370.59937299
42,2803,4370.59937299
42,2901,2033.09367561
42,2902,2855.10510511
42,2903,1793.00147726
42,2904,2529.51151607
42,2905,3223.13472893
42,3001,2887.5
42,3002,2300.0
42,3003,2300.0
42,3101,4914.28571429
42,3102,6700.0
42,3103,6700.0
42,3201,5770.52437223
42,3202,7930.94982079
42,3203,4692.5970696
42,3204,15402.9411765
42,3205,2830.76923077
42,3206,3317.9787234
42,3207,3056.0
51,101,4972.59490741
51,201,3843.18181818
51,202,2697.5
51,203,3282.0
51,204,1830.0
51,205,2697.5
51,206,1830.0
51,207,3843.18181818
51,208,3282.0
51,209,3282.0
51,210,2697.5
51,301,2305.88235294
51,302,2305.88235294
51,303,3144.44444444
51,304,2305.88235294
51,305,2305.88235294
51,401,5722.72727273
51,402,3864.70588235
51,403,3171.42857143
51,404,3171.42857143
51,405,2300.0
51,406,5722.72727273
51,407,5722.72727273
51,408,5722.72727273
51,409,3864.70588235
51,410,3864.70588235
51,411,2300.0
51,501,2941.33333333
51,502,2548.0
51,503,2548.0
51,504,2548.0
51,505,2548.0
51,601,2235.8356312
51,602,2039.12938219
51,603,3236.28473759
51,604,2242.42553191
51,605,2039.12938219
51,606,2242.42553191
51,607,3236.28473759
51,701,3629.16666667
51,702,3629.16666667
51,703,2242.85714286
51,704,2242.85714286
51,705,3629.16666667
51,706,2242.85714286
51,801,2704.91044776
51,802,2438.23529412
51,901,2397.08281044
51,902,2397.08281044
51,903,3162.71645415
51,904,3162.71645415
51,1001,9783.57575758
51,1002,9783.57575758
51,1003,9783.57575758
51,1004,9783.57575758
51,1005,9783.57575758
51,1006,9783.57575758
51,1101,4658.00417799
51,1102,2868.95862021
51,1201,4337.3226601
51,1202,4337.3226601
51,1301,2458.76527365
51,1302,2224.58440426
51,1303,2291.63586589
51,1304,3665.12957746
51,1401,3658.04673947
51,1402,3309.24547597
51,1403,1240.07233273
51,1404,3309.24547597
51,1501,2325.32848276
51,1502,9203.73123896
51,1503,2135.40924062
51,1504,2135.40924062
51,1505,2325.32848276
51,1506,9203.73123896
51,1601,2280.0
51,1602,2280.0
51,1701,2039.08323438
51,1702,2290.74024698
51,1801,4418.56361051
51,1802,2935.55052542
51,1803,2935.55052542
51,1804,2841.91841415
51,1805,3034.13082014
51,1806,3034.13082014
51,1807,2517.47931803
51,1808,3034.13082014
51,1809,2517.47931803
51,1901,6984.46188794
51,1902,1354.27985348
51,1903,2111.44490644
51,2001,2813.58490566
51,2002,2608.15384615
51,2003,2608.15384615
51,2101,3490.22839506
51,2102,3228.57142857
51,2103,2425.33333333
51,2104,2685.0
51,2105,2821.17857143
51,2106,2980.43478261
51,2107,2653.84615385
51,2108,3228.57142857
51,2201,2474.78101876
51,2202,2474.78101876
51,2203,1834.89403974
51,2204,2474.78101876
51,2205,2592.11662075
51,2206,1834.89403974
51,2301,2927.09803922
51,2302,2603.57142857
51,2303,2927.09803922
51,2304,2563.19148936
51,2305,2603.57142857
51,2306,2603.57142857
51,2401,2869.42857143
51,2402,2869.42857143
51,2403,2495.83333333
51,2404,2368.42105263
51,2501,3377.79508197
51,2502,1852.97297297
51,2503,1378.57142857
51,2504,2736.84210526
51,2505,2028.57142857
51,2506,3648.21428571
51,2507,4414.28571429
51,2509,2245.28846154
51,2601,1567.20588235
51,2602,1567.20588235
51,2603,1567.20588235
51,2701,2301.92090572
51,2702,2621.76875774
51,2703,1515.27146465
51,2801,2900.89424454
51,2802,2567.68091656
51,2803,2567.68091656
51,2901,3187.66719745
51,2902,5734.87188487
51,2903,4622.83950617
51,2904,2795.33029613
51,2905,3405.07246377
51,3001,3146.51162791
51,3002,2522.0
51,3003,2522.0
51,3101,2544.44444444
51,3102,1328.57142857
51,3103,1328.57142857
51,3201,4659.13797468
51,3202,5413.01003344
51,3203,5848.06006006
51,3204,3222.54966887
51,3205,2556.4516129
51,3206,2990.48780488
51,3207,2569.44444444
52,101,6234.7690006
52,201,2152.75342466
52,202,2294.28571429
52,203,2578.33333333
52,204,1910.0
52,205,2294.28571429
52,206,1910.0
52,207,2152.75342466
52,208,2578.33333333
52,209,2578.33333333
52,210,2294.28571429
52,301,1525.0
52,302,1525.0
52,303,1637.5
52,304,1525.0
52,305,1525.0
52,401,2615.03030303
52,402,2112.5
52,403,1750.0
52,404,1750.0
52,405,1300.0
52,406,2615.03030303
52,407,2615.03030303
52,408,2615.03030303
52,409,2112.5
52,410,2112.5
52,411,1300.0
52,501,1999.55555556
52,502,3051.66666667
52,503,3051.66666667
52,504,3051.66666667
52,505,3051.66666667
52,601,3020.46647218
52,602,2365.60511698
52,603,2814.15179487
52,604,3184.42307692
52,605,2365.60511698
52,606,3184.42307692
52,607,2814.15179487
52,701,3239.875
52,702,3239.875
52,703,787.777777778
52,704,787.777777778
52,705,3239.875
52,706,787.777777778
52,801,2419.4
52,802,2104.16666667
52,901,2996.55210433
52,902,2996.55210433
52,903,3725.16053776
52,904,3725.16053776
52,1001,3236.36363636
52,1002,3236.36363636
52,1003,3236.36363636
52,1004,3236.36363636
52,1005,3236.36363636
52,1006,3236.36363636
52,1101,3312.77180871
52,1102,2350.53684879
52,1201,3189.89959839
52,1202,3189.89959839
52,1301,3679.15099802
52,1302,2791.53165784
52,1303,2222.69577937
52,1304,2562.83298372
52,1401,1757.77186681
52,1402,2741.26761601
52,1403,1863.2076887
52,1404,2741.26761601
52,1501,2314.25655172
52,1502,2095.23586028
52,1503,1270.52505247
52,1504,1270.52505247
52,1505,2314.25655172
52,1506,2095.23586028
52,1601,2316.66666667
52,1602,2316.66666667
52,1701,2468.29487085
52,1702,2034.58374263
52,1801,3481.33535052
52,1802,1710.20901676
52,1803,1710.20901676
52,1804,2340.0878188
52,1805,1589.672733
52,1806,1589.672733
52,1807,2270.52699174
52,1808,1589.672733
52,1809,2270.52699174
52,1901,1904.50960958
52,1902,3721.79020979
52,1903,3351.85810811
52,2001,2725.0
52,2002,5742.72727273
52,2003,5742.72727273
52,2101,3311.8255814
52,2102,1785.0
52,2103,2801.88311688
52,2104,24397.7272727
52,2105,2542.44186047
52,2106,1783.33333333
52,2107,2770.58823529
52,2108,1785.0
52,2201,5471.73966796
52,2202,5471.73966796
52,2203,2242.16335541
52,2204,5471.73966796
52,2205,30015.4640814
52,2206,2242.16335541
52,2301,2849.30991736
52,2302,1335.41666667
52,2303,2849.30991736
52,2304,2125.83870968
52,2305,1335.41666667
52,2306,1335.41666667
52,2401,7391.72972973
52,2402,7391.72972973
52,2403,5768.96551724
52,2404,1203.93939394
52,2501,4404.79880137
52,2502,2638.88888889
52,2503,2141.05882353
52,2504,3436.76470588
52,2505,2068.35714286
52,2506,2849.95384615
52,2507,3345.2
52,2509,3461.06849315
52,2601,1864.40677966
52,2602,1864.40677966
52,2603,1864.40677966
52,2701,2648.08394782
52,2702,2660.03344169
52,2703,2700.21884921
52,2801,2115.54468959
52,2802,1658.1481964
52,2803,1658.1481964
52,2901,1996.50519611
52,2902,2728.49734902
52,2903,1539.67186485
52,2904,2626.46247805
52,2905,1886.97686245
52,3001,2367.33333333
52,3002,2061.11111111
52,3003,2061.11111111
52,3101,2176.86486486
52,3102,4351.70731707
52,3103,4351.70731707
52,3201,5163.21520913
52,3202,4958.47011952
52,3203,5162.49827586
52,3204,2304.12745098
52,3205,2045.64285714
52,3206,3296.84322034
52,3207,4036.22222222
61,101,10128.0714286
61,201,2922.95081967
61,202,1717.0
61,203,1601.17647059
61,204,1404.23255814
61,205,1717.0
61,206,1404.23255814
61,207,2922.95081967
61,208,1601.17647059
61,209,1601.17647059
61,210,1717.0
61,301,2643.75
61,302,2643.75
61,303,935.526315789
61,304,2643.75
61,305,2643.75
61,401,2038.0952381
61,402,878.125
61,403,1058.17073171
61,404,1058.17073171
61,405,3597.04761905
61,406,2038.0952381
61,407,2038.0952381
61,408,2038.0952381
61,409,878.125
61,410,878.125
61,411,3597.04761905
61,501,1906.77777778
61,502,1687.03030303
61,503,1687.03030303
61,504,1687.03030303
61,505,1687.03030303
61,601,1772.54115293
61,602,1688.4896278
61,603,1305.97420408
61,604,1475.9744898
61,605,1688.4896278
61,606,1475.9744898
61,607,1305.97420408
61,701,1007.28571429
61,702,1007.28571429
61,703,657.727272727
61,704,657.727272727
61,705,1007.28571429
61,706,657.727272727
61,801,1314.90666667
61,802,1646.11111111
61,901,2286.97693491
61,902,2286.97693491
61,903,12870.5978431
61,904,12870.5978431
61,1001,1507.14285714
61,1002,1507.14285714
61,1003,1507.14285714
61,1004,1507.14285714
61,1005,1507.14285714
61,1006,1507.14285714
61,1101,3206.51358625
61,1102,1835.42717765
61,1201,2064.97101449
61,1202,2064.97101449
61,1301,1622.16420542
61,1302,1726.44372275
61,1303,1833.02835119
61,1304,1297.99326697
61,1401,1602.08837124
61,1402,1806.03907921
61,1403,1651.97605465
61,1404,1806.03907921
61,1501,1531.24222434
61,1502,1529.06166107
61,1503,2231.14813954
61,1504,2231.14813954
61,1505,1531.24222434
61,1506,1529.06166107
61,1601,1103.63636364
61,1602,1103.63636364
61,1701,1648.05055239
61,1702,1277.2164976
61,1801,2823.60276302
61,1802,1297.66987608
61,1803,1297.66987608
61,1804,1793.67766128
61,1805,1456.84287928
61,1806,1456.84287928
61,1807,2356.32290751
61,1808,1456.84287928
61,1809,2356.32290751
61,1901,1455.58717248
61,1902,1048.19416446
61,1903,1758.27364865
61,2001,5125.88235294
61,2002,2553.42857143
61,2003,2553.42857143
61,2101,2800.65454545
61,2102,1037.5
61,2103,3099.2
61,2104,7449.41176471
61,2105,1689.16666667
61,2106,720.0
61,2107,1490.64285714
61,2108,1037.5
61,2201,905.390245179
61,2202,905.390245179
61,2203,829.998148986
61,2204,905.390245179
61,2205,791.996537419
61,2206,829.998148986
61,2301,2534.47368421
61,2302,1492.30769231
61,2303,2534.47368421
61,2304,1223.75
61,2305,1492.30769231
61,2306,1492.30769231
61,2401,1951.83908046
61,2402,1951.83908046
61,2403,1750.0
61,2404,1338.65671642
61,2501,4793.57608696
61,2502,1744.51612903
61,2503,1591.96
61,2504,3921.15384615
61,2505,1066.42105263
61,2506,8420.68965517
61,2507,2619.16666667
61,2509,1297.68316832
61,2601,1353.73076923
61,2602,1353.73076923
61,2603,1353.73076923
61,2701,2301.79051329
61,2702,2012.4396045
61,2703,1465.20345667
61,2801,2675.07781248
61,2802,1954.49592671
61,2803,1954.49592671
61,2901,2879.40373077
61,2902,2014.13045315
61,2903,1693.17895695
61,2904,2214.40917039
61,2905,1820.59127132
61,3001,1961.11111111
61,3002,1543.75
61,3003,1543.75
61,3101,1035.36585366
61,3102,1308.41269841
61,3103,1308.41269841
61,3201,4037.83673469
61,3202,3891.66666667
61,3203,2606.93506494
61,3204,2244.44444444
61,3205,2266.66666667
61,3206,2125.0
61,3207,2184.28571429
71,101,4413.17647059
71,201,6921.10909091
71,202,1412.5
71,203,2407.14285714
71,204,2425.33333333
71,205,1412.5
71,206,2425.33333333
71,207,6921.10909091
71,208,2407.14285714
71,209,2407.14285714
71,210,1412.5
71,301,1718.8
71,302,1718.8
71,303,2170.30769231
71,304,1718.8
71,305,1718.8
71,401,5547.48387097
71,402,65178.125
71,403,1912.5
71,404,1912.5
71,405,2900.0
71,406,5547.48387097
71,407,5547.48387097
71,408,5547.48387097
71,409,65178.125
71,410,65178.125
71,411,2900.0
71,501,2628.57142857
71,502,2360.0
71,503,2360.0
71,504,2360.0
71,505,2360.0
71,601,2389.67623295
71,602,2369.3654267
71,603,2234.6208
71,604,2414.0
71,605,2369.3654267
71,606,2414.0
71,607,2234.6208
71,701,19000.0
71,702,19000.0
71,703,1150.0
71,704,1150.0
71,705,19000.0
71,706,1150.0
71,801,2304.85
71,802,1751.25
71,901,2482.54562599
71,902,2482.54562599
71,903,2652.95894681
71,904,2652.95894681
71,1001,2318.18181818
71,1002,2318.18181818
71,1003,2318.18181818
71,1004,2318.18181818
71,1005,2318.18181818
71,1006,2318.18181818
71,1101,3206.52202388
71,1102,4287.10292249
71,1201,3231.85826772
71,1202,3231.85826772
71,1301,4839.75823166
71,1302,2329.22834187
71,1303,2246.18111211
71,1304,2733.15241449
71,1401,2798.12938747
71,1402,2894.01908912
71,1403,3204.28973277
71,1404,2894.01908912
71,1501,2586.85498116
71,1502,2085.54116814
71,1503,2384.34656195
71,1504,2384.34656195
71,1505,2586.85498116
71,1506,2085.54116814
71,1601,1430.0
71,1602,1430.0
71,1701,2127.04157692
71,1702,2744.02619515
71,1801,2852.39622642
71,1802,1507.69230769
71,1803,1507.69230769
71,1804,2894.11764706
71,1805,2564.28571429
71,1806,2564.28571429
71,1807,3086.82432432
71,1808,2564.28571429
71,1809,3086.82432432
71,1901,1519.90812721
71,1902,2353.0928382
71,1903,2877.32732733
71,2001,5873.80952381
71,2002,3734.02777778
71,2003,3734.02777778
71,2101,2918.29710145
71,2102,2047.36842105
71,2103,2994.59459459
71,2104,1883.33333333
71,2105,3038.15789474
71,2106,2615.11864407
71,2107,2397.5
71,2108,2047.36842105
71,2201,2522.12549069
71,2202,2522.12549069
71,2203,1670.52980132
71,2204,2522.12549069
71,2205,2299.40377804
71,2206,1670.52980132
71,2301,3367.00564972
71,2302,2970.57142857
71,2303,3367.00564972
71,2304,1983.33333333
71,2305,2970.57142857
71,2306,2970.57142857
71,2401,3339.74509804
71,2402,3339.74509804
71,2403,2036.36363636
71,2404,1751.5625
71,2501,4136.3030888
71,2502,2878.03571429
71,2503,3869.64285714
71,2504,2160.63829787
71,2505,2733.78378378
71,2506,2497.87234043
71,2507,2780.0
71,2509,2505.48148148
71,2601,3168.91891892
71,2602,3168.91891892
71,2603,3168.91891892
71,2701,2668.45284523
71,2702,2661.78339243
71,2703,6230.57359307
71,2801,3056.11804398
71,2802,3675.15452815
71,2803,3675.15452815
71,2901,2763.23894643
71,2902,2673.13236313
71,2903,2794.25174106
71,2904,2609.55405642
71,2905,2061.52607457
71,3001,1951.42857143
71,3002,3187.93103448
71,3003,3187.93103448
71,3101,2494.73684211
71,3102,2296.42857143
71,3103,2296.42857143
71,3201,5175.74358974
71,3202,4401.87234043
71,3203,5683.58759124
71,3204,3314.2
71,3205,2295.3125
71,3206,6929.70430108
71,3207,2273.24561404
72,101,6743.13758389
72,201,4079.28571429
72,202,2167.5
72,203,20.0
72,204,459.0
72,205,2167.5
72,206,459.0
72,207,4079.28571429
72,208,20.0
72,209,20.0
72,210,2167.5
72,301,5844.44444444
72,302,5844.44444444
72,303,5166.66666667
72,304,5844.44444444
72,305,5844.44444444
72,401,15670.6578947
72,402,3500.0
72,403,590.0
72,404,590.0
72,405,2850.0
72,406,15670.6578947
72,407,15670.6578947
72,408,15670.6578947
72,409,3500.0
72,410,3500.0
72,411,2850.0
72,501,5600.0
72,502,2875.0
72,503,2875.0
72,504,2875.0
72,505,2875.0
72,601,2166.66294025
72,602,2350.11884102
72,603,1461.64689655
72,604,2282.4137931
72,605,2350.11884102
72,606,2282.4137931
72,607,1461.64689655
72,703,1800.0
72,704,1800.0
72,706,1800.0
72,801,2825.53333333
72,802,1500.0
72,901,2625.59785889
72,902,2625.59785889
72,903,2746.94805195
72,904,2746.94805195
72,1001,3460.0
72,1002,3460.0
72,1003,3460.0
72,1004,3460.0
72,1005,3460.0
72,1006,3460.0
72,1101,3439.22015454
72,1102,2604.44726811
72,1201,3214.77664975
72,1202,3214.77664975
72,1301,2486.5073443
72,1302,1811.87727721
72,1303,1701.24978268
72,1304,2904.70968101
72,1401,2444.19859318
72,1402,1896.29888993
72,1403,3576.23066104
72,1404,1896.29888993
72,1501,2876.22015915
72,1502,2627.66843301
72,1503,1955.56789962
72,1504,1955.56789962
72,1505,2876.22015915
72,1506,2627.66843301
72,1601,2079.9375
72,1602,2079.9375
72,1701,2531.59472375
72,1702,4104.22542801
72,1801,3274.70651934
72,1802,1254.28477258
72,1803,1254.28477258
72,1804,1697.70437418
72,1805,2792.24769558
72,1806,2792.24769558
72,1807,2801.68489721
72,1808,2792.24769558
72,1809,2801.68489721
72,1901,2373.75
72,1902,1094.44444444
72,1903,1750.0
72,2001,2572.72727273
72,2002,1433.33333333
72,2003,1433.33333333
72,2101,4256.18292683
72,2102,2588.23529412
72,2103,4718.33606557
72,2104,3553.84615385
72,2105,5024.12280702
72,2106,4247.06349206
72,2107,3981.81818182
72,2108,2588.23529412
72,2201,1477.53914989
72,2202,1477.53914989
72,2203,1366.66666667
72,2204,1477.53914989
72,2205,1393.24380165
72,2206,1366.66666667
72,2301,3401.18831169
72,2302,2979.28571429
72,2303,3401.18831169
72,2304,3403.87096774
72,2305,2979.28571429
72,2306,2979.28571429
72,2401,2966.66666667
72,2402,2966.66666667
72,2403,2408.33333333
72,2404,1712.5
72,2501,3587.52
72,2502,2758.82352941
72,2503,4309.28571429
72,2504,3788.0
72,2505,1809.09090909
72,2506,2439.2
72,2507,3786.66666667
72,2509,2082.25806452
72,2601,3520.90909091
72,2602,3520.90909091
72,2603,3520.90909091
72,2701,2228.47031447
72,2702,3037.58677126
72,2703,1976.92307692
72,2801,3193.18639615
72,2802,2412.36612266
72,2803,2412.36612266
72,2901,2943.64095818
72,2902,2335.8
72,2903,4205.78395062
72,2904,8113.02347994
72,2905,3009.66183575
72,3001,2195.45454545
72,3002,1340.0
72,3003,1340.0
72,3101,1313.63636364
72,3102,7500.0
72,3103,7500.0
72,3201,5188.97590361
72,3202,4319.82817869
72,3203,3668.3973064
72,3204,8332.11538462
72,3205,2233.6
72,3206,3919.98657718
72,3207,4121.42857143
73,101,4251.27272727
73,201,3500.0
73,204,3000.0
73,206,3000.0
73,207,3500.0
73,401,2600.0
73,406,2600.0
73,407,2600.0
73,408,2600.0
73,501,2000.0
73,502,3000.0
73,503,3000.0
73,504,3000.0
73,505,3000.0
73,601,1764.24332344
73,602,2000.0
73,603,2000.0
73,604,2000.0
73,605,2000.0
73,606,2000.0
73,607,2000.0
73,801,3200.0
73,802,1000.0
73,901,2738.63037979
73,902,2738.63037979
73,903,4000.0
73,904,4000.0
73,1101,4244.30161675
73,1102,2100.0
73,1201,2218.18181818
73,1202,2218.18181818
73,1301,2142.67382663
73,1302,779.684494036
73,1303,4022.39310981
73,1304,2514.28571429
73,1401,1825.0
73,1402,1266.66666667
73,1404,1266.66666667
73,1501,2300.0
73,1502,1600.0
73,1505,2300.0
73,1506,1600.0
73,1601,1300.0
73,1602,1300.0
73,1701,1765.00512821
73,1702,1101.44073346
73,1801,3490.90909091
73,1802,3000.0
73,1803,3000.0
73,1804,1607.14285714
73,1807,1739.0
73,1809,1739.0
73,1902,4000.0
73,2001,2500.0
73,2101,3380.76923077
73,2102,866.666666667
73,2103,2368.8
73,2105,1600.0
73,2106,2025.0
73,2107,1500.0
73,2108,866.666666667
73,2201,900.0
73,2202,900.0
73,2204,900.0
73,2301,2940.80555556
73,2302,2200.0
73,2303,2940.80555556
73,2304,4020.0
73,2305,2200.0
73,2306,2200.0
73,2401,1200.0
73,2402,1200.0
73,2404,1500.0
73,2501,3485.46236559
73,2502,2866.66666667
73,2503,4000.0
73,2504,2911.11111111
73,2505,2000.0
73,2506,2450.0
73,2507,1500.0
73,2509,3750.0
73,2601,1966.66666667
73,2602,1966.66666667
73,2603,1966.66666667
73,2701,1519.51166811
73,2702,2997.99054374
73,2703,1500.0
73,2801,29493.9019851
73,2802,1617.5
73,2803,1617.5
73,2901,1662.42038217
73,2902,2116.21621622
73,2903,3200.61728395
73,2904,215.945330296
73,2905,1425.12077295
73,3001,1360.0
73,3101,2280.0
73,3102,500.0
73,3103,500.0
73,3201,4091.62393162
73,3202,9588.32
73,3203,4381.94444444
73,3204,1900.0
73,3205,1966.66666667
73,3206,4060.77777778
73,3207,3600.0
74,101,3586.25110132
74,201,1637.5
74,202,4600.0
74,203,1400.0
74,204,1300.0
74,205,4600.0
74,206,1300.0
74,207,1637.5
74,208,1400.0
74,209,1400.0
74,210,4600.0
74,301,1562.5
74,302,1562.5
74,303,800.0
74,304,1562.5
74,305,1562.5
74,401,4010.0
74,402,2933.33333333
74,405,900.0
74,406,4010.0
74,407,4010.0
74,408,4010.0
74,409,2933.33333333
74,410,2933.33333333
74,411,900.0
74,501,3860.0
74,502,2500.0
74,503,2500.0
74,504,2500.0
74,505,2500.0
74,601,1795.74830201
74,602,1481.01750547
74,603,1088.8
74,604,1712.5
74,605,1481.01750547
74,606,1712.5
74,607,1088.8
74,701,1158.33333333
74,702,1158.33333333
74,705,1158.33333333
74,801,5101.73913043
74,802,3200.0
74,901,2220.27056462
74,902,2220.27056462
74,903,2285.46702408
74,904,2285.46702408
74,1001,1910.0
74,1002,1910.0
74,1003,1910.0
74,1004,1910.0
74,1005,1910.0
74,1006,1910.0
74,1101,2851.59338281
74,1102,1482.06056756
74,1201,2450.85775862
74,1202,2450.85775862
74,1301,4066.3245027
74,1302,1588.03072826
74,1303,1540.42738804
74,1304,2043.48660591
74,1401,1479.13995961
74,1402,2009.48646125
74,1403,3753.7721519
74,1404,2009.48646125
74,1501,2312.44400657
74,1502,1822.75044158
74,1503,1889.4663007
74,1504,1889.4663007
74,1505,2312.44400657
74,1506,1822.75044158
74,1601,1000.0
74,1602,1000.0
74,1701,1764.32533023
74,1702,2375.34654006
74,1801,3011.86746988
74,1802,1924.16666667
74,1803,1924.16666667
74,1804,1872.30769231
74,1805,1252.94117647
74,1806,1252.94117647
74,1807,2836.45833333
74,1808,1252.94117647
74,1809,2836.45833333
74,1901,2093.5335689
74,1902,1433.65384615
74,1903,1915.40540541
74,2001,1450.0
74,2002,1450.0
74,2003,1450.0
74,2101,2511.51960784
74,2102,7183.33333333
74,2103,2601.42105263
74,2104,1311.11111111
74,2105,1823.51724138
74,2106,1166.66666667
74,2107,1775.0
74,2108,7183.33333333
74,2201,1486.66666667
74,2202,1486.66666667
74,2203,2100.0
74,2204,1486.66666667
74,2205,1725.0
74,2206,2100.0
74,2301,2298.87878788
74,2302,3105.0
74,2303,2298.87878788
74,2304,2625.04761905
74,2305,3105.0
74,2306,3105.0
74,2401,8164.5
74,2402,8164.5
74,2403,1980.0
74,2404,1410.0
74,2501,3646.21819646
74,2502,2438.21428571
74,2503,2848.63636364
74,2504,2802.39130435
74,2505,1747.09677419
74,2506,2784.25925926
74,2507,2796.36434109
74,2509,2321.23762376
74,2601,1633.6
74,2602,1633.6
74,2603,1633.6
74,2701,2362.83518654
74,2702,2389.62996983
74,2703,1965.04023211
74,2801,6887.00319893
74,2802,3145.17340303
74,2803,3145.17340303
74,2901,1767.43485814
74,2902,1319.61389961
74,2903,2304.32098765
74,2904,1966.65673734
74,2905,1323.67149758
74,3001,2091.08108108
74,3002,2081.81818182
74,3003,2081.81818182
74,3101,1375.0
74,3102,1711.11111111
74,3103,1711.11111111
74,3201,4269.83364486
74,3202,6231.3556701
74,3203,4665.04705882
74,3204,2430.61728395
74,3205,2228.57142857
74,3206,3261.02027027
74,3207,2406.70588235
81,101,4872.66666667
81,201,1000.0
81,204,733.0
81,206,733.0
81,207,1000.0
81,301,1900.0
81,302,1900.0
81,303,4466.66666667
81,304,1900.0
81,305,1900.0
81,401,7400.0
81,405,350.0
81,406,7400.0
81,407,7400.0
81,408,7400.0
81,411,350.0
81,501,9600.0
81,502,2125.0
81,503,2125.0
81,504,2125.0
81,505,2125.0
81,601,3333.98615232
81,602,5000.0
81,603,2166.4
81,604,5000.0
81,605,5000.0
81,606,5000.0
81,607,2166.4
81,701,2250.0
81,702,2250.0
81,705,2250.0
81,801,3140.0
81,901,3500.0
81,902,3500.0
81,1001,2043.14285714
81,1002,2043.14285714
81,1003,2043.14285714
81,1004,2043.14285714
81,1005,2043.14285714
81,1006,2043.14285714
81,1101,4375.84003298
81,1102,3190.26683609
81,1201,4733.5
81,1202,4733.5
81,1301,23046.721728
81,1302,600.0
81,1303,10916.8255921
81,1304,600.0
81,1402,2000.0
81,1404,2000.0
81,1501,2453.93103448
81,1502,2504.92051476
81,1503,3084.53796889
81,1504,3084.53796889
81,1505,2453.93103448
81,1506,2504.92051476
81,1701,2100.43076923
81,1702,1925.0
81,1801,6014.28571429
81,1807,5385.0
81,1809,5385.0
81,1901,3200.0
81,1902,600.0
81,1903,6000.0
81,2001,2500.0
81,2101,2828.33333333
81,2102,3533.33333333
81,2103,3350.0
81,2105,6675.0
81,2107,6000.0
81,2108,3533.33333333
81,2201,4791.52684564
81,2202,4791.52684564
81,2203,1539.62913907
81,2204,4791.52684564
81,2205,3188.42975207
81,2206,1539.62913907
81,2301,3875.0
81,2302,1100.0
81,2303,3875.0
81,2304,3000.0
81,2305,1100.0
81,2306,1100.0
81,2404,2000.0
81,2501,2838.88888889
81,2502,2500.0
81,2503,4136.0
81,2506,4450.0
81,2507,1700.0
81,2509,4000.0
81,2701,2740.21175454
81,2702,2673.4929078
81,2703,1550.0
81,2801,6013.70490552
81,2802,1000.0
81,2803,1000.0
81,2901,2600.0
81,3001,2400.0
81,3101,2750.0
81,3201,5393.18181818
81,3202,2500.0
81,3203,2783.33333333
81,3204,3000.0
81,3205,2500.0
81,3206,6437.5
81,3207,150.0
82,101,5811.02479339
82,201,1825.0
82,202,1666.66666667
82,203,2500.0
82,204,2220.0
82,205,1666.66666667
82,206,2220.0
82,207,1825.0
82,208,2500.0
82,209,2500.0
82,210,1666.66666667
82,301,3000.0
82,302,3000.0
82,303,2950.0
82,304,3000.0
82,305,3000.0
82,401,1941.06557377
82,402,4116.66666667
82,405,4000.0
82,406,1941.06557377
82,407,1941.06557377
82,408,1941.06557377
82,409,4116.66666667
82,410,4116.66666667
82,411,4000.0
82,501,65257.1428571
82,502,2487.5
82,503,2487.5
82,504,2487.5
82,505,2487.5
82,601,2403.90798781
82,602,3300.0
82,603,2838.0
82,604,3300.0
82,605,3300.0
82,606,3300.0
82,607,2838.0
82,801,1557.79411765
82,802,1710.0
82,901,2465.93976735
82,902,2465.93976735
82,903,3790.27605491
82,904,3790.27605491
82,1001,1450.0
82,1002,1450.0
82,1003,1450.0
82,1004,1450.0
82,1005,1450.0
82,1006,1450.0
82,1101,2091.12820513
82,1102,2360.0
82,1201,3679.47001621
82,1202,3679.47001621
82,1301,2537.54375539
82,1302,967.989954178
82,1303,1974.79418361
82,1304,2434.54194819
82,1401,2114.73058799
82,1402,3042.26579521
82,1403,884.725738397
82,1404,3042.26579521
82,1501,1841.06896552
82,1502,3746.82059046
82,1503,2680.37511436
82,1504,2680.37511436
82,1505,1841.06896552
82,1506,3746.82059046
82,1601,3950.0
82,1602,3950.0
82,1701,2154.9765856
82,1702,4296.42152368
82,1801,3982.76271186
82,1802,2608.45454545
82,1803,2608.45454545
82,1804,2484.95833333
82,1805,1533.33333333
82,1806,1533.33333333
82,1807,2430.0
82,1808,1533.33333333
82,1809,2430.0
82,1901,2181.61185105
82,1902,2610.58461538
82,1903,2338.73310811
82,2002,3000.0
82,2003,3000.0
82,2101,2651.68446602
82,2102,3512.5
82,2103,2782.14339623
82,2104,2876.19047619
82,2105,2183.58083832
82,2106,1977.5
82,2107,2515.32407407
82,2108,3512.5
82,2201,1936.36363636
82,2202,1936.36363636
82,2204,1936.36363636
82,2301,2376.02325581
82,2302,1530.78947368
82,2303,2376.02325581
82,2304,2661.85074627
82,2305,1530.78947368
82,2306,1530.78947368
82,2401,2250.46153846
82,2402,2250.46153846
82,2403,2500.0
82,2404,2057.14285714
82,2501,3013.01964183
82,2502,2277.83561644
82,2503,6673.0
82,2504,2588.33333333
82,2505,2000.0
82,2506,2640.0
82,2507,2352.62264151
82,2509,2807.87313433
82,2601,2657.14285714
82,2602,2657.14285714
82,2603,2657.14285714
82,2701,2274.18050867
82,2702,2644.38601953
82,2703,2488.92914439
82,2801,5617.26768598
82,2802,3494.15614773
82,2803,3494.15614773
82,2901,2226.79378981
82,2902,3470.77220077
82,2903,2067.71428571
82,2904,2443.07842499
82,2905,2353.81642512
82,3001,5898.24
82,3002,2041.66666667
82,3003,2041.66666667
82,3102,975.0
82,3103,975.0
82,3201,3973.32842105
82,3202,3368.05291005
82,3203,3256.6984127
82,3204,2448.49655172
82,3205,2600.0
82,3206,6106.02994012
82,3207,25129.5454545
83,101,7256.17355372
83,201,12272.2222222
83,202,4075.0
83,203,3137.5
83,204,2882.88888889
83,205,4075.0
83,206,2882.88888889
83,207,12272.2222222
83,208,3137.5
83,209,3137.5
83,210,4075.0
83,301,3172.72727273
83,302,3172.72727273
83,303,3515.0
83,304,3172.72727273
83,305,3172.72727273
83,401,9826.96428571
83,402,2016.66666667
83,403,1880.0
83,404,1880.0
83,405,4000.0
83,406,9826.96428571
83,407,9826.96428571
83,408,9826.96428571
83,409,2016.66666667
83,410,2016.66666667
83,411,4000.0
83,501,4090.90909091
83,502,3752.95454545
83,503,3752.95454545
83,504,3752.95454545
83,505,3752.95454545
83,601,2893.22763883
83,602,7299.41648432
83,603,3097.33333333
83,604,3200.0
83,605,7299.41648432
83,606,3200.0
83,607,3097.33333333
83,701,1985.71428571
83,702,1985.71428571
83,705,1985.71428571
83,801,2757.15789474
83,802,2621.42857143
83,901,2870.7992158
83,902,2870.7992158
83,903,2537.36386488
83,904,2537.36386488
83,1001,2180.0
83,1002,2180.0
83,1003,2180.0
83,1004,2180.0
83,1005,2180.0
83,1006,2180.0
83,1101,4216.90439709
83,1102,2819.80445396
83,1201,5253.47457627
83,1202,5253.47457627
83,1301,7050.92536732
83,1302,2805.85171684
83,1303,3250.8466714
83,1304,2958.12754511
83,1401,2484.31953214
83,1402,2936.81917211
83,1403,3068.48945148
83,1404,2936.81917211
83,1501,3267.88554042
83,1502,2175.07545445
83,1503,2626.36125997
83,1504,2626.36125997
83,1505,3267.88554042
83,1506,2175.07545445
83,1601,3650.0
83,1602,3650.0
83,1701,3140.24319527
83,1702,3344.07208705
83,1801,4227.10578486
83,1802,2221.22610415
83,1803,2221.22610415
83,1804,3171.92263917
83,1805,2317.81493737
83,1806,2317.81493737
83,1807,3497.43493015
83,1808,2317.81493737
83,1809,3497.43493015
83,1901,2729.27193757
83,1902,1871.32307692
83,1903,2510.47297297
83,2001,2858.33333333
83,2002,3813.04347826
83,2003,3813.04347826
83,2101,4528.28
83,2102,2470.0
83,2103,5763.2183908
83,2104,4616.66666667
83,2105,4724.47761194
83,2106,3009.21052632
83,2107,3800.0
83,2108,2470.0
83,2201,2888.38349413
83,2202,2888.38349413
83,2203,611.920529801
83,2204,2888.38349413
83,2205,1814.08402204
83,2206,611.920529801
83,2301,3178.68503937
83,2302,2820.5
83,2303,3178.68503937
83,2304,2716.84210526
83,2305,2820.5
83,2306,2820.5
83,2401,3033.33333333
83,2402,3033.33333333
83,2403,2040.0
83,2404,1965.35714286
83,2501,4065.22294372
83,2502,3098.75
83,2503,2692.30769231
83,2504,3059.25925926
83,2505,2796.15384615
83,2506,3484.21052632
83,2507,3249.82608696
83,2509,2877.91666667
83,2601,3464.58333333
83,2602,3464.58333333
83,2603,3464.58333333
83,2701,3536.53879532
83,2702,3222.74525448
83,2703,5583.26923918
83,2801,4704.03065764
83,2802,5060.05758442
83,2803,5060.05758442
83,2901,6420.92146707
83,2902,7230.04158004
83,2903,9900.36740266
83,2904,8416.98300333
83,2905,12727.4470457
83,3001,2678.70833333
83,3002,2891.93548387
83,3003,2891.93548387
83,3101,2582.5
83,3102,3690.90909091
83,3103,3690.90909091
83,3201,4933.63345196
83,3202,7443.80769231
83,3203,5541.56504065
83,3204,3973.27586207
83,3205,3509.09090909
83,3206,4277.08673469
83,3207,3543.88095238
91,101,3594.48231132
91,201,2184.16666667
91,202,1748.08064516
91,203,1815.11111111
91,204,1960.81666667
91,205,1748.08064516
91,206,1960.81666667
91,207,2184.16666667
91,208,1815.11111111
91,209,1815.11111111
91,210,1748.08064516
91,301,1938.52941176
91,302,1938.52941176
91,303,1582.5106383
91,304,1938.52941176
91,305,1938.52941176
91,401,3065.62874251
91,402,1858.88888889
91,403,7349.01960784
91,404,7349.01960784
91,405,1975.0
91,406,3065.62874251
91,407,3065.62874251
91,408,3065.62874251
91,409,1858.88888889
91,410,1858.88888889
91,411,1975.0
91,501,1997.42307692
91,502,2090.046875
91,503,2090.046875
91,504,2090.046875
91,505,2090.046875
91,601,1708.0185363
91,602,1598.02550689
91,603,1441.07029508
91,604,1558.51639344
91,605,1598.02550689
91,606,1558.51639344
91,607,1441.07029508
91,701,3458.69565217
91,702,3458.69565217
91,703,1443.33333333
91,704,1443.33333333
91,705,3458.69565217
91,706,1443.33333333
91,801,1642.56730769
91,802,2606.72340426
91,901,1874.73461236
91,902,1874.73461236
91,903,1779.86969618
91,904,1779.86969618
91,1001,4520.23809524
91,1002,4520.23809524
91,1003,4520.23809524
91,1004,4520.23809524
91,1005,4520.23809524
91,1006,4520.23809524
91,1101,2234.56033286
91,1102,1975.39300747
91,1201,3129.54932302
91,1202,3129.54932302
91,1301,1899.08848119
91,1302,4308.51878553
91,1303,1671.17641955
91,1304,1551.87800389
91,1401,1512.85224792
91,1402,1664.98861536
91,1403,1497.98148498
91,1404,1664.98861536
91,1501,1634.49553515
91,1502,1858.94435617
91,1503,1577.45889426
91,1504,1577.45889426
91,1505,1634.49553515
91,1506,1858.94435617
91,1601,1471.25531915
91,1602,1471.25531915
91,1701,1773.97978628
91,1702,1797.33871314
91,1801,2396.36235811
91,1802,1481.41257764
91,1803,1481.41257764
91,1804,1904.0699821
91,1805,1818.80161409
91,1806,1818.80161409
91,1807,3214.30915086
91,1808,1818.80161409
91,1809,3214.30915086
91,1901,1544.03978243
91,1902,1335.42164276
91,1903,1582.34093468
91,2001,1869.46268657
91,2002,1940.81111111
91,2003,1940.81111111
91,2101,4319.7510917
91,2102,2125.80769231
91,2103,2672.90763052
91,2104,4493.10344828
91,2105,2065.70522388
91,2106,2195.47727273
91,2107,2307.52873563
91,2108,2125.80769231
91,2201,1738.61156563
91,2202,1738.61156563
91,2203,6326.84844333
91,2204,1738.61156563
91,2205,1195.45704201
91,2206,6326.84844333
91,2301,3284.56782946
91,2302,1734.18965517
91,2303,3284.56782946
91,2304,1947.09278351
91,2305,1734.18965517
91,2306,1734.18965517
91,2401,1608.30555556
91,2402,1608.30555556
91,2403,1932.75862069
91,2404,1521.11267606
91,2501,2483.50517751
91,2502,2049.58823529
91,2503,1467.48484848
91,2504,1804.9122807
91,2505,1486.25316456
91,2506,2507.18032787
91,2507,1975.71428571
91,2509,1827.23333333
91,2601,1717.84466019
91,2602,1717.84466019
91,2603,1717.84466019
91,2701,1777.1443548
91,2702,1769.23001124
91,2703,1769.53085399
91,2801,3548.96613825
91,2802,1589.47742475
91,2803,1589.47742475
91,2901,2092.56587937
91,2902,2003.87494916
91,2903,1681.83926332
91,2904,2241.31955018
91,2905,2030.82905269
91,3001,1473.01612903
91,3002,1647.69607843
91,3003,1647.69607843
91,3101,1384.63414634
91,3102,5366.8
91,3103,5366.8
91,3201,2913.56469887
91,3202,3261.87621359
91,3203,6014.6702938
91,3204,6481.39662447
91,3205,1973.65979381
91,3206,3775.0
91,3207,3018.02941176
92,101,1325.0
92,201,1113.04347826
92,202,4510.43478261
92,203,1622.5
92,204,1349.33333333
92,205,4510.43478261
92,206,1349.33333333
92,207,1113.04347826
92,208,1622.5
92,209,1622.5
92,210,4510.43478261
92,301,693.571428571
92,302,693.571428571
92,303,1109.25714286
92,304,693.571428571
92,305,693.571428571
92,401,763.636363636
92,402,1054.77272727
92,403,747.954545455
92,404,747.954545455
92,405,1676.47058824
92,406,763.636363636
92,407,763.636363636
92,408,763.636363636
92,409,1054.77272727
92,410,1054.77272727
92,411,1676.47058824
92,501,1250.0
92,502,726.875
92,503,726.875
92,504,726.875
92,505,726.875
92,601,1456.03274446
92,602,1628.24220141
92,603,1354.26180879
92,604,1597.26744186
92,605,1628.24220141
92,606,1597.26744186
92,607,1354.26180879
92,701,473.5
92,702,473.5
92,703,323.636363636
92,704,323.636363636
92,705,473.5
92,706,323.636363636
92,801,898.348314607
92,802,1170.0
92,901,1404.07918908
92,902,1404.07918908
92,903,1274.13553998
92,904,1274.13553998
92,1001,1832.66666667
92,1002,1832.66666667
92,1003,1832.66666667
92,1004,1832.66666667
92,1005,1832.66666667
92,1006,1832.66666667
92,1101,4265.90507112
92,1102,1549.46164582
92,1201,1147.68503937
92,1202,1147.68503937
92,1301,1326.68255679
92,1302,1228.0656815
92,1303,1328.57695534
92,1304,1476.79140812
92,1401,1261.11985249
92,1402,2801.65473597
92,1403,1373.13924051
92,1404,2801.65473597
92,1501,1092.31581972
92,1502,1329.40103855
92,1503,1447.18813273
92,1504,1447.18813273
92,1505,1092.31581972
92,1506,1329.40103855
92,1601,853.736842105
92,1602,853.736842105
92,1701,1503.64971587
92,1702,1169.15839218
92,1801,2131.21941594
92,1802,873.264996704
92,1803,873.264996704
92,1804,1113.56659999
92,1805,817.318431982
92,1806,817.318431982
92,1807,1035.1789009
92,1808,817.318431982
92,1809,1035.1789009
92,1901,4433.18482102
92,1902,1129.92662722
92,1903,1452.56756757
92,2001,250.0
92,2002,1812.14285714
92,2003,1812.14285714
92,2101,874.583333333
92,2102,716.0
92,2104,1065.5625
92,2105,1323.04347826
92,2106,1025.0
92,2107,852.5
92,2108,716.0
92,2201,786.237409856
92,2202,786.237409856
92,2203,366.289383905
92,2204,786.237409856
92,2205,488.402919395
92,2206,366.289383905
92,2301,1399.27027027
92,2302,1075.8
92,2303,1399.27027027
92,2304,991.428571429
92,2305,1075.8
92,2306,1075.8
92,2401,2665.90909091
92,2402,2665.90909091
92,2403,2075.0
92,2404,1122.5
92,2501,3457.64705882
92,2502,1592.85714286
92,2503,607.142857143
92,2504,2125.0
92,2505,976.041666667
92,2506,2323.0
92,2507,1690.0
92,2509,809.259259259
92,2601,884.285714286
92,2602,884.285714286
92,2603,884.285714286
92,2701,1877.09971122
92,2702,1451.14920334
92,2703,1195.94613948
92,2801,1120.51727429
92,2802,1354.98159187
92,2803,1354.98159187
92,2901,4772.60393746
92,2902,1535.38179559
92,2903,1437.98868313
92,2904,1424.51159051
92,2905,1062.97101449
92,3001,1356.67857143
92,3002,1257.44155844
92,3003,1257.44155844
92,3101,875.625
92,3102,1084.0625
92,3103,1084.0625
92,3201,1803.09090909
92,3202,4429.0
92,3203,2845.96774194
92,3204,1070.0
92,3205,1626.66666667
92,3206,2335.66666667
92,3207,1610.88235294
93,101,3915.63772455
93,201,2029.84090909
93,202,1900.0
93,203,2741.66666667
93,204,1543.66666667
93,205,1900.0
93,206,1543.66666667
93,207,2029.84090909
93,208,2741.66666667
93,209,2741.66666667
93,210,1900.0
93,301,1613.33333333
93,302,1613.33333333
93,303,1820.0
93,304,1613.33333333
93,305,1613.33333333
93,401,1651.5
93,402,2172.53333333
93,403,2212.5
93,404,2212.5
93,405,1354.54545455
93,406,1651.5
93,407,1651.5
93,408,1651.5
93,409,2172.53333333
93,410,2172.53333333
93,411,1354.54545455
93,501,20011.5384615
93,502,1325.0
93,503,1325.0
93,504,1325.0
93,505,1325.0
93,601,1995.61385288
93,602,1927.76193712
93,603,1589.96959064
93,604,1645.1754386
93,605,1927.76193712
93,606,1645.1754386
93,607,1589.96959064
93,701,1188.57142857
93,702,1188.57142857
93,703,700.0
93,704,700.0
93,705,1188.57142857
93,706,700.0
93,801,1291.30769231
93,802,1427.27272727
93,901,2195.74953016
93,902,2195.74953016
93,903,1726.2514828
93,904,1726.2514828
93,1001,1244.44444444
93,1002,1244.44444444
93,1003,1244.44444444
93,1004,1244.44444444
93,1005,1244.44444444
93,1006,1244.44444444
93,1101,11334.4768384
93,1102,1758.89206093
93,1201,2892.968
93,1202,2892.968
93,1301,2179.31599933
93,1302,1687.80884337
93,1303,1480.44591408
93,1304,1681.60351652
93,1401,1727.83411869
93,1402,1713.39678171
93,1403,1441.01265823
93,1404,1713.39678171
93,1501,1636.47212644
93,1502,1571.30707971
93,1503,1997.46113277
93,1504,1997.46113277
93,1505,1636.47212644
93,1506,1571.30707971
93,1601,1532.0
93,1602,1532.0
93,1701,1751.35391388
93,1702,2376.57989522
93,1801,3352.4243134
93,1802,1553.57678632
93,1803,1553.57678632
93,1804,1719.83629647
93,1805,1486.88365916
93,1806,1486.88365916
93,1807,2511.47445089
93,1808,1486.88365916
93,1809,2511.47445089
93,1901,2017.13486455
93,1902,1877.47008547
93,1903,2171.05225225
93,2001,2126.31578947
93,2002,2096.55172414
93,2003,2096.55172414
93,2101,2862.93939394
93,2102,2209.09090909
93,2103,2764.54929577
93,2104,2535.2
93,2105,2171.32075472
93,2106,1813.4
93,2107,2196.80555556
93,2108,2209.09090909
93,2201,6136.73613564
93,2202,6136.73613564
93,2203,973.841059603
93,2204,6136.73613564
93,2205,1018.00964187
93,2206,973.841059603
93,2301,2139.43209877
93,2302,2188.23684211
93,2303,2139.43209877
93,2304,1833.61904762
93,2305,2188.23684211
93,2306,2188.23684211
93,2401,2027.5
93,2402,2027.5
93,2403,2105.0
93,2404,1561.97916667
93,2501,3511.725
93,2502,2140.83333333
93,2503,2403.82608696
93,2504,1801.78571429
93,2505,1623.57142857
93,2506,2446.25
93,2507,2475.92307692
93,2509,1997.5
93,2601,1978.95454545
93,2602,1978.95454545
93,2603,1978.95454545
93,2701,1924.62800298
93,2702,2206.77462349
93,2703,1670.18860778
93,2801,1851.2226979
93,2802,1748.23432178
93,2803,1748.23432178
93,2901,1821.79948795
93,2902,1089.31788932
93,2903,2413.45362456
93,2904,2407.26491628
93,2905,1803.51046699
93,3001,1612.78378378
93,3002,1911.76470588
93,3003,1911.76470588
93,3101,2231.81818182
93,3102,1531.25
93,3103,1531.25
93,3201,3102.30791789
93,3202,2635.69565217
93,3203,2802.38867925
93,3204,1996.85
93,3205,2311.2962963
93,3206,2962.12865497
93,3207,2679.54545455
98,101,6226.38990826
98,201,4253.33333333
98,202,3880.0
98,203,4233.33333333
98,204,2462.5
98,205,3880.0
98,206,2462.5
98,207,4253.33333333
98,208,4233.33333333
98,209,4233.33333333
98,210,3880.0
98,301,3512.78571429
98,302,3512.78571429
98,303,2225.0
98,304,3512.78571429
98,305,3512.78571429
98,401,42184.0
98,402,1900.0
98,403,1200.0
98,404,1200.0
98,405,1840.0
98,406,42184.0
98,407,42184.0
98,408,42184.0
98,409,1900.0
98,410,1900.0
98,411,1840.0
98,502,13500.0
98,503,13500.0
98,504,13500.0
98,505,13500.0
98,601,2121.60979228
98,602,2506.45514223
98,603,1806.4
98,604,3100.0
98,605,2506.45514223
98,606,3100.0
98,607,1806.4
98,701,2940.0
98,702,2940.0
98,703,5300.0
98,704,5300.0
98,705,2940.0
98,706,5300.0
98,801,3725.0
98,802,666.666666667
98,901,1848.53147628
98,902,1848.53147628
98,903,1445.65892787
98,904,1445.65892787
98,1001,6897.5
98,1002,6897.5
98,1003,6897.5
98,1004,6897.5
98,1005,6897.5
98,1006,6897.5
98,1101,16050.1765714
98,1102,2707.47867127
98,1201,3179.33333333
98,1202,3179.33333333
98,1301,7407.52587443
98,1302,425.625240477
98,1303,1071.67996892
98,1304,1907.04225352
98,1401,2211.56730178
98,1402,5728.87021475
98,1403,1880.0
98,1404,5728.87021475
98,1501,1418.79310345
98,1502,2791.332324
98,1503,1854.70265325
98,1504,1854.70265325
98,1505,1418.79310345
98,1506,2791.332324
98,1701,2466.93450549
98,1702,1982.7673309
98,1801,2897.5
98,1802,1600.0
98,1803,1600.0
98,1804,2166.66666667
98,1805,2580.0
98,1806,2580.0
98,1807,1756.5
98,1808,2580.0
98,1809,1756.5
98,1901,6750.0
98,1902,600.0
98,1903,2500.0
98,2001,1911.11111111
98,2002,1500.0
98,2003,1500.0
98,2101,3616.36363636
98,2102,2150.0
98,2103,3242.04545455
98,2104,1907.14285714
98,2105,3048.42105263
98,2106,4473.33333333
98,2107,1283.33333333
98,2108,2150.0
98,2201,3790.0
98,2202,3790.0
98,2203,1880.0
98,2204,3790.0
98,2205,1570.0
98,2206,1880.0
98,2301,7357.2
98,2302,2444.44444444
98,2303,7357.2
98,2304,1150.0
98,2305,2444.44444444
98,2306,2444.44444444
98,2401,3525.0
98,2402,3525.0
98,2404,2166.66666667
98,2501,6120.38938053
98,2502,1400.0
98,2504,833.333333333
98,2505,4900.0
98,2506,2300.0
98,2507,2628.57142857
98,2509,1401.11111111
98,2601,1512.5
98,2602,1512.5
98,2603,1512.5
98,2701,991.61624892
98,2702,1594.68085106
98,2703,728.409090909
98,2801,1983.2
98,2802,2180.0
98,2803,2180.0
98,2901,1340.0
98,2902,1780.0
98,2903,1500.0
98,2904,2616.66666667
98,3001,1910.0
98,3002,1033.33333333
98,3003,1033.33333333
98,3101,8000.0
98,3102,2500.0
98,3103,2500.0
98,3201,5319.01408451
98,3202,5599.17647059
98,3203,3118.88888889
98,3204,11946.0869565
98,3205,1732.08333333
98,3206,3096.74025974
98,3207,2034.28571429
