mun,1,11,12,13,21,22,23,24,31,32,33,34,41,42,51,52,61,71,72,73,74,81,82,83,91,92,93,98,10,14,15,16,17,18,19,20,25,26,27,28,29,30,35,36,40,45,5,50,55,60,62,63,64,65,66,67,70,80,85,90,37,2
101,2571.0,20.5,248,475.0,1051.0,4438.0,907.0,4572.5,1106.0,123.0,505.5,1446.5,2211.0,885,12881.5,16886.0,330.0,1029.5,1961.0,300.5,14666.5,15,363,484,6674.0,2474.0,1439.0,218,195.0,357.5,5307.5,180.0,1297.5,965.0,417.5,302.5,1330.0,915.0,1067.5,1147.5,500.0,25.0,40.0,935.0,2222.5,7710.0,17.5,8345.0,10130.0,1962.5,752.5,4317.5,5287.5,7910.0,1925.0,1795.0,6135.0,5180.0,6635.0,60.0,0.0,0.0
201,121.5,3.0,5,2.0,2.0,47.0,69.0,20.0,10.0,16.0,26.0,31.0,54.0,29,38.0,158.0,61.0,55.0,42.0,2.0,26.0,3,6,54,199.5,33.0,44.0,15,0.0,0.0,55.0,0.0,0.0,0.0,0.0,0.0,0.0,2.5,0.0,0.0,0.0,0.0,0.0,0.0,0.0,0.0,0.0,20.0,2.5,2.5,0.0,90.0,12.5,37.5,0.0,0.0,7.5,40.0,35.0,0.0,0.0,0.0
202,5.0,2.0,0,1.0,0.0,30.0,8.0,1.0,1.0,0.0,4.0,6.0,10.0,2,23.0,35.0,40.0,12.0,10.0,0.0,7.0,0,3,8,62.0,23.0,15.0,5,0.0,0.0,0.0,0.0,0.0,0.0,0.0,0.0,0.0,0.0,0.0,0.0,0.0,0.0,0.0,0.0,0.0,0.0,0.0,0.0,0.0,0.0,0.0,0.0,0.0,0.0,0.0,0.0,0.0,0.0,0.0,0.0,0.0,0.0
203,1.0,16.0,3,0.0,0.0,12.0,16.0,2.0,1.0,3.0,3.0,1.0,9.0,2,4.0,15.0,17.0,14.0,1.0,0.0,5.0,0,3,8,27.0,4.0,12.0,3,0.0,0.0,0.0,0.0,0.0,0.0,0.0,0.0,0.0,0.0,0.0,0.0,0.0,0.0,0.0,0.0,0.0,0.0,0.0,0.0,0.0,0.0,0.0,0.0,0.0,0.0,0.0,0.0,0.0,0.0,0.0,0.0,0.0,0.0
204,6.0,1.0,4,1.0,0.0,28.0,18.0,4.0,2.0,2.0,7.0,8.0,31.0,18,25.0,22.5,43.0,15.0,10.0,1.0,4.0,1,5,18,60.0,15.0,12.0,8,0.0,0.0,0.0,0.0,0.0,0.0,0.0,0.0,0.0,0.0,0.0,0.0,0.0,0.0,0.0,0.0,0.0,0.0,0.0,0.0,0.0,0.0,0.0,0.0,0.0,0.0,0.0,0.0,0.0,0.0,15.0,0.0,0.0,0.0
205,5.0,2.0,0,1.0,0.0,30.0,8.0,1.0,1.0,0.0,4.0,6.0,10.0,2,8.0,35.0,40.0,12.0,10.0,0.0,7.0,0,3,8,62.0,23.0,15.0,5,0.0,0.0,0.0,0.0,0.0,0.0,0.0,0.0,0.0,0.0,0.0,0.0,0.0,0.0,0.0,0.0,0.0,0.0,0.0,0.0,0.0,0.0,0.0,0.0,0.0,0.0,0.0,0.0,0.0,0.0,0.0,0.0,0.0,0.0
206,6.0,1.0,4,1.0,0.0,28.0,18.0,4.0,2.0,2.0,7.0,8.0,31.0,18,10.0,20.0,43.0,15.0,10.0,1.0,4.0,1,5,18,60.0,15.0,12.0,8,0.0,0.0,0.0,0.0,0.0,0.0,0.0,0.0,0.0,0.0,0.0,0.0,0.0,0.0,0.0,0.0,0.0,0.0,0.0,0.0,0.0,0.0,0.0,0.0,0.0,0.0,0.0,0.0,0.0,0.0,0.0,0.0,0.0,0.0
207,24.0,3.0,5,2.0,2.0,47.0,69.0,20.0,10.0,16.0,26.0,31.0,54.0,29,33.0,98.0,61.0,55.0,42.0,2.0,26.0,3,6,54,162.0,23.0,44.0,15,0.0,0.0,0.0,0.0,0.0,0.0,0.0,0.0,0.0,0.0,0.0,0.0,0.0,0.0,0.0,0.0,0.0,0.0,0.0,0.0,0.0,0.0,0.0,0.0,0.0,0.0,0.0,0.0,0.0,0.0,0.0,0.0,0.0,0.0
208,1.0,16.0,3,0.0,0.0,12.0,16.0,2.0,1.0,3.0,3.0,1.0,9.0,2,4.0,15.0,17.0,14.0,1.0,0.0,5.0,0,3,8,27.0,4.0,12.0,3,0.0,0.0,0.0,0.0,0.0,0.0,0.0,0.0,0.0,0.0,0.0,0.0,0.0,0.0,0.0,0.0,0.0,0.0,0.0,0.0,0.0,0.0,0.0,0.0,0.0,0.0,0.0,0.0,0.0,0.0,0.0,0.0,0.0,0.0
209,1.0,16.0,3,0.0,0.0,12.0,16.0,2.0,1.0,3.0,3.0,1.0,9.0,2,4.0,15.0,17.0,14.0,1.0,0.0,5.0,0,3,8,27.0,4.0,12.0,3,0.0,0.0,0.0,0.0,0.0,0.0,0.0,0.0,0.0,0.0,0.0,0.0,0.0,0.0,0.0,0.0,0.0,0.0,0.0,0.0,0.0,0.0,0.0,0.0,0.0,0.0,0.0,0.0,0.0,0.0,0.0,0.0,0.0,0.0
210,5.0,2.0,0,1.0,0.0,30.0,8.0,1.0,1.0,0.0,4.0,6.0,10.0,2,8.0,35.0,40.0,12.0,10.0,0.0,7.0,0,3,8,62.0,23.0,15.0,5,0.0,0.0,0.0,0.0,0.0,0.0,0.0,0.0,0.0,0.0,0.0,0.0,0.0,0.0,0.0,0.0,0.0,0.0,0.0,0.0,0.0,0.0,0.0,0.0,0.0,0.0,0.0,0.0,0.0,0.0,0.0,0.0,0.0,0.0
301,59.5,4.0,3,1.0,2.0,11.0,47.0,2.0,5.0,5.0,12.0,13.0,30.0,9,17.0,40.0,16.0,25.0,9.0,0.0,8.0,3,2,11,68.0,14.0,15.0,14,0.0,0.0,0.0,0.0,0.0,0.0,0.0,0.0,0.0,0.0,0.0,0.0,0.0,0.0,0.0,0.0,0.0,0.0,0.0,2.5,0.0,0.0,0.0,0.0,0.0,0.0,0.0,0.0,0.0,0.0,0.0,0.0,0.0,0.0
302,22.0,4.0,3,1.0,2.0,11.0,47.0,2.0,5.0,5.0,12.0,13.0,30.0,9,17.0,20.0,16.0,25.0,9.0,0.0,8.0,3,2,11,68.0,14.0,15.0,14,0.0,0.0,0.0,0.0,0.0,0.0,0.0,0.0,0.0,0.0,0.0,0.0,0.0,0.0,0.0,0.0,0.0,0.0,0.0,0.0,0.0,0.0,0.0,0.0,0.0,0.0,0.0,0.0,0.0,0.0,0.0,0.0,0.0,0.0
303,6.0,2.0,1,0.0,1.0,4.0,9.0,12.0,4.0,4.0,4.0,2.0,6.0,2,9.0,12.0,38.0,13.0,3.0,0.0,1.0,3,2,20,47.0,35.0,5.0,4,0.0,0.0,0.0,0.0,0.0,0.0,0.0,0.0,0.0,0.0,0.0,0.0,0.0,0.0,0.0,0.0,0.0,0.0,0.0,0.0,0.0,0.0,0.0,0.0,0.0,0.0,0.0,0.0,0.0,0.0,15.0,0.0,0.0,0.0
304,22.0,4.0,3,1.0,2.0,11.0,47.0,2.0,5.0,5.0,12.0,13.0,30.0,9,17.0,20.0,16.0,25.0,9.0,0.0,8.0,3,2,11,68.0,14.0,15.0,14,0.0,0.0,0.0,0.0,0.0,0.0,0.0,0.0,0.0,0.0,0.0,0.0,0.0,0.0,0.0,0.0,0.0,0.0,0.0,0.0,0.0,0.0,0.0,0.0,0.0,0.0,0.0,0.0,0.0,0.0,0.0,0.0,0.0,0.0
305,22.0,4.0,3,1.0,2.0,11.0,47.0,2.0,5.0,5.0,12.0,13.0,30.0,9,17.0,20.0,16.0,25.0,9.0,0.0,8.0,3,2,11,68.0,14.0,15.0,14,0.0,0.0,0.0,0.0,0.0,0.0,0.0,0.0,0.0,0.0,0.0,0.0,0.0,0.0,0.0,0.0,0.0,0.0,0.0,0.0,0.0,0.0,0.0,0.0,0.0,0.0,0.0,0.0,0.0,0.0,0.0,0.0,0.0,0.0
401,136.5,3.0,4,7.0,7.0,34.0,66.0,27.5,21.0,7.0,6.0,27.0,64.0,28,71.0,143.5,21.0,48.5,38.0,2.0,32.5,3,61,28,167.0,24.5,36.0,15,0.0,0.0,155.0,0.0,0.0,150.0,0.0,0.0,0.0,87.5,0.0,0.0,0.0,0.0,0.0,17.5,0.0,5.0,0.0,50.0,67.5,15.0,0.0,5.0,12.5,35.0,0.0,0.0,7.5,102.5,17.5,0.0,37.5,0.0
402,16.0,1.0,0,1.0,2.0,7.0,10.0,1.0,0.0,5.0,6.0,3.0,14.0,2,17.0,10.5,16.0,8.0,2.0,0.0,3.0,0,6,6,36.0,22.0,15.0,2,0.0,0.0,2.5,0.0,0.0,0.0,0.0,0.0,0.0,0.0,0.0,0.0,0.0,0.0,0.0,0.0,0.0,0.0,0.0,0.0,0.0,0.0,0.0,0.0,0.0,0.0,0.0,0.0,0.0,0.0,0.0,0.0,0.0,0.0
403,2.0,3.0,1,0.0,1.0,6.0,15.0,1.0,2.0,3.0,3.0,5.0,11.0,2,7.0,5.0,41.0,8.0,5.0,0.0,0.0,0,0,5,51.0,44.0,8.0,1,0.0,0.0,0.0,0.0,0.0,0.0,0.0,0.0,0.0,0.0,0.0,0.0,0.0,0.0,0.0,0.0,0.0,0.0,0.0,0.0,0.0,0.0,0.0,0.0,0.0,0.0,0.0,0.0,0.0,0.0,0.0,0.0,0.0,0.0
404,2.0,3.0,1,0.0,1.0,6.0,15.0,1.0,2.0,3.0,3.0,5.0,11.0,2,7.0,5.0,41.0,8.0,5.0,0.0,0.0,0,0,5,51.0,44.0,8.0,1,0.0,0.0,0.0,0.0,0.0,0.0,0.0,0.0,0.0,0.0,0.0,0.0,0.0,0.0,0.0,0.0,0.0,0.0,0.0,2.5,0.0,0.0,0.0,0.0,0.0,0.0,0.0,0.0,0.0,0.0,0.0,0.0,0.0,0.0
405,12.0,1.0,1,0.0,0.0,5.0,11.0,0.0,2.0,2.0,3.0,2.0,7.0,7,8.0,5.5,21.0,8.0,2.0,0.0,2.0,2,1,8,28.0,17.0,11.0,2,0.0,0.0,0.0,0.0,0.0,0.0,0.0,0.0,0.0,0.0,0.0,0.0,0.0,0.0,0.0,0.0,0.0,0.0,0.0,0.0,0.0,0.0,0.0,0.0,0.0,0.0,0.0,0.0,0.0,0.0,0.0,0.0,0.0,0.0
406,34.0,3.0,4,7.0,7.0,29.0,66.0,25.0,21.0,7.0,6.0,27.0,64.0,28,66.0,66.0,21.0,31.0,38.0,2.0,30.0,3,61,28,167.0,22.0,36.0,15,0.0,0.0,0.0,0.0,0.0,0.0,0.0,0.0,0.0,0.0,0.0,0.0,0.0,0.0,0.0,0.0,0.0,0.0,0.0,0.0,0.0,0.0,0.0,0.0,0.0,0.0,0.0,0.0,0.0,0.0,0.0,0.0,0.0,0.0
407,34.0,3.0,4,7.0,7.0,29.0,66.0,25.0,21.0,7.0,6.0,27.0,64.0,28,66.0,66.0,21.0,31.0,38.0,2.0,30.0,3,61,28,167.0,22.0,36.0,15,0.0,0.0,0.0,0.0,0.0,0.0,0.0,0.0,0.0,0.0,0.0,0.0,0.0,0.0,0.0,0.0,0.0,0.0,0.0,0.0,0.0,0.0,0.0,0.0,0.0,0.0,0.0,0.0,0.0,0.0,0.0,0.0,0.0,0.0
408,34.0,3.0,4,7.0,7.0,29.0,66.0,25.0,21.0,7.0,6.0,27.0,64.0,28,66.0,66.0,21.0,31.0,38.0,2.0,30.0,3,61,28,167.0,22.0,36.0,15,0.0,0.0,0.0,0.0,0.0,0.0,0.0,0.0,0.0,0.0,0.0,0.0,0.0,0.0,0.0,0.0,0.0,0.0,0.0,0.0,0.0,0.0,0.0,0.0,0.0,0.0,0.0,0.0,0.0,0.0,0.0,0.0,0.0,0.0
409,16.0,1.0,0,1.0,2.0,7.0,10.0,1.0,0.0,5.0,6.0,3.0,14.0,2,17.0,8.0,16.0,8.0,2.0,0.0,3.0,0,6,6,36.0,22.0,15.0,2,0.0,0.0,0.0,0.0,0.0,0.0,0.0,0.0,0.0,0.0,0.0,0.0,0.0,0.0,0.0,0.0,0.0,0.0,0.0,0.0,0.0,0.0,0.0,0.0,0.0,0.0,0.0,0.0,0.0,0.0,0.0,0.0,0.0,0.0
410,16.0,1.0,0,1.0,2.0,7.0,10.0,1.0,0.0,5.0,6.0,3.0,14.0,2,17.0,8.0,16.0,8.0,2.0,0.0,3.0,0,6,6,36.0,22.0,15.0,2,0.0,0.0,0.0,0.0,0.0,0.0,0.0,0.0,0.0,0.0,0.0,0.0,0.0,0.0,0.0,0.0,0.0,0.0,0.0,0.0,0.0,0.0,0.0,0.0,0.0,0.0,0.0,0.0,0.0,0.0,0.0,0.0,0.0,0.0
411,12.0,1.0,1,0.0,0.0,5.0,11.0,0.0,2.0,2.0,3.0,2.0,7.0,7,8.0,3.0,21.0,8.0,2.0,0.0,2.0,2,1,8,28.0,17.0,11.0,2,0.0,0.0,0.0,0.0,0.0,0.0,0.0,0.0,0.0,0.0,0.0,0.0,0.0,0.0,0.0,0.0,0.0,0.0,0.0,0.0,0.0,0.0,0.0,0.0,0.0,0.0,0.0,0.0,0.0,0.0,0.0,0.0,0.0,0.0
501,32.0,0.0,0,0.0,1.0,17.0,25.0,2.0,1.0,9.0,9.0,7.0,26.0,11,102.5,44.5,18.0,7.0,6.0,1.0,7.5,1,7,11,52.0,4.0,13.0,0,0.0,0.0,20.0,0.0,0.0,0.0,0.0,0.0,0.0,0.0,0.0,0.0,0.0,0.0,0.0,0.0,0.0,0.0,0.0,2.5,0.0,0.0,15.0,0.0,2.5,0.0,0.0,0.0,0.0,0.0,0.0,0.0,0.0,0.0
502,21.0,1.0,1,1.0,0.0,14.0,33.0,7.0,4.0,5.0,10.0,5.0,24.0,21,25.0,23.0,33.0,15.0,4.0,1.0,4.0,4,8,22,64.0,8.0,12.0,1,0.0,0.0,0.0,0.0,0.0,0.0,0.0,0.0,0.0,0.0,0.0,0.0,0.0,0.0,0.0,0.0,0.0,0.0,0.0,0.0,0.0,0.0,0.0,0.0,2.5,0.0,0.0,0.0,0.0,0.0,0.0,0.0,0.0,0.0
503,21.0,1.0,1,1.0,0.0,14.0,33.0,7.0,4.0,5.0,10.0,5.0,24.0,21,25.0,20.5,33.0,15.0,4.0,1.0,4.0,4,8,22,64.0,8.0,12.0,1,0.0,0.0,0.0,0.0,0.0,0.0,0.0,0.0,0.0,0.0,0.0,0.0,0.0,0.0,0.0,0.0,0.0,0.0,0.0,0.0,0.0,0.0,0.0,0.0,0.0,0.0,0.0,0.0,0.0,0.0,0.0,0.0,0.0,0.0
504,21.0,1.0,1,1.0,0.0,14.0,33.0,7.0,4.0,5.0,10.0,5.0,24.0,21,25.0,18.0,33.0,15.0,4.0,1.0,4.0,4,8,22,64.0,8.0,12.0,1,0.0,0.0,0.0,0.0,0.0,0.0,0.0,0.0,0.0,0.0,0.0,0.0,0.0,0.0,0.0,0.0,0.0,0.0,0.0,0.0,0.0,0.0,0.0,0.0,0.0,0.0,0.0,0.0,0.0,0.0,0.0,0.0,0.0,0.0
505,21.0,1.0,1,1.0,0.0,14.0,33.0,7.0,4.0,5.0,10.0,5.0,24.0,21,25.0,18.0,33.0,15.0,4.0,1.0,4.0,4,8,22,64.0,8.0,12.0,1,0.0,0.0,0.0,0.0,0.0,0.0,0.0,0.0,0.0,0.0,0.0,0.0,0.0,0.0,0.0,0.0,0.0,0.0,0.0,0.0,0.0,0.0,0.0,0.0,0.0,0.0,0.0,0.0,0.0,0.0,0.0,0.0,0.0,0.0
601,338.5,8.0,10,45.0,14.0,121.5,163.0,58.0,39.0,36.0,29.5,87.0,233.0,107,606.5,672.0,316.0,229.0,142.5,9.0,243.5,4,92,135,531.0,131.0,155.0,29,0.0,0.0,340.0,0.0,187.5,40.0,0.0,0.0,15.0,0.0,15.0,15.0,2.5,0.0,0.0,2.5,15.0,35.0,0.0,257.5,70.0,5.0,2.5,20.0,170.0,235.0,2.5,5.0,90.0,207.5,302.5,0.0,0.0,0.0
602,3.0,5.0,5,10.0,1.0,23.0,60.0,9.0,14.0,6.0,7.0,28.0,53.0,41,54.0,59.5,213.0,60.0,33.0,3.0,18.0,1,18,46,140.0,102.0,67.0,7,0.0,0.0,0.0,0.0,0.0,0.0,0.0,0.0,0.0,0.0,0.0,0.0,0.0,0.0,0.0,0.0,0.0,0.0,0.0,0.0,0.0,0.0,0.0,0.0,0.0,0.0,0.0,0.0,0.0,0.0,0.0,0.0,0.0,0.0
603,7.0,5.0,6,14.0,1.0,26.0,74.0,10.0,14.0,9.0,10.0,30.0,59.0,38,59.0,66.5,234.0,60.0,31.0,3.0,17.0,2,22,43,157.0,113.0,66.0,6,0.0,0.0,0.0,0.0,0.0,0.0,0.0,0.0,0.0,0.0,0.0,0.0,0.0,0.0,0.0,0.0,0.0,0.0,0.0,0.0,0.0,0.0,0.0,0.0,0.0,0.0,0.0,0.0,0.0,0.0,0.0,0.0,0.0,0.0
604,1.0,4.0,5,9.0,1.0,23.0,54.0,8.0,14.0,6.0,6.0,27.0,49.0,34,47.0,57.0,196.0,50.0,29.0,3.0,16.0,1,18,37,122.0,86.0,57.0,5,0.0,0.0,0.0,0.0,0.0,0.0,0.0,0.0,0.0,0.0,0.0,0.0,0.0,0.0,0.0,0.0,0.0,0.0,0.0,17.5,0.0,0.0,0.0,0.0,2.5,0.0,0.0,0.0,0.0,0.0,15.0,0.0,0.0,0.0
605,3.0,5.0,5,10.0,1.0,23.0,60.0,9.0,14.0,6.0,7.0,28.0,53.0,41,56.5,59.5,213.0,60.0,33.0,3.0,18.0,1,18,46,140.0,102.0,67.0,7,0.0,0.0,2.5,0.0,0.0,0.0,0.0,0.0,0.0,0.0,0.0,0.0,0.0,0.0,0.0,0.0,0.0,0.0,0.0,0.0,0.0,0.0,0.0,0.0,0.0,0.0,0.0,0.0,0.0,0.0,0.0,0.0,0.0,0.0
606,1.0,4.0,5,9.0,1.0,23.0,54.0,8.0,14.0,6.0,6.0,27.0,49.0,34,47.0,59.5,196.0,50.0,29.0,3.0,16.0,1,18,37,122.0,86.0,57.0,5,0.0,0.0,0.0,0.0,0.0,0.0,0.0,0.0,0.0,0.0,0.0,0.0,0.0,0.0,0.0,0.0,0.0,0.0,0.0,0.0,0.0,0.0,0.0,0.0,0.0,0.0,0.0,0.0,0.0,0.0,0.0,0.0,0.0,0.0
607,7.0,5.0,6,14.0,1.0,26.0,74.0,10.0,14.0,9.0,10.0,30.0,59.0,38,59.0,64.0,234.0,60.0,31.0,3.0,17.0,2,22,43,157.0,113.0,66.0,6,0.0,0.0,0.0,0.0,0.0,0.0,0.0,0.0,0.0,0.0,0.0,0.0,0.0,0.0,0.0,0.0,0.0,0.0,0.0,0.0,0.0,0.0,0.0,0.0,0.0,0.0,0.0,0.0,0.0,0.0,0.0,0.0,0.0,0.0
701,23.0,5.0,3,0.0,0.0,5.0,23.0,1.0,1.0,1.0,4.0,6.0,33.0,4,12.0,13.0,14.0,2.0,0.0,0.0,6.0,2,0,7,46.0,4.0,7.0,5,0.0,0.0,0.0,0.0,0.0,0.0,0.0,0.0,0.0,0.0,0.0,0.0,0.0,0.0,0.0,0.0,0.0,0.0,0.0,0.0,0.0,0.0,0.0,0.0,0.0,0.0,0.0,0.0,0.0,0.0,0.0,0.0,0.0,0.0
702,23.0,5.0,3,0.0,0.0,5.0,23.0,1.0,1.0,1.0,4.0,6.0,33.0,4,12.0,8.0,14.0,2.0,0.0,0.0,6.0,2,0,7,46.0,4.0,7.0,5,0.0,0.0,0.0,0.0,0.0,0.0,0.0,0.0,0.0,0.0,0.0,0.0,0.0,0.0,0.0,0.0,0.0,0.0,0.0,0.0,0.0,0.0,0.0,0.0,0.0,0.0,0.0,0.0,0.0,0.0,0.0,0.0,0.0,0.0
703,1.0,1.0,1,0.0,0.0,3.0,9.0,1.0,0.0,2.0,2.0,3.0,10.0,6,7.0,9.0,11.0,2.0,2.0,0.0,0.0,0,0,0,15.0,11.0,1.0,2,0.0,0.0,0.0,0.0,0.0,0.0,0.0,0.0,0.0,0.0,0.0,0.0,0.0,0.0,0.0,0.0,0.0,0.0,0.0,0.0,0.0,0.0,0.0,0.0,0.0,0.0,0.0,0.0,0.0,0.0,0.0,0.0,0.0,0.0
704,1.0,1.0,1,0.0,0.0,3.0,9.0,1.0,0.0,2.0,2.0,3.0,10.0,6,7.0,9.0,11.0,2.0,2.0,0.0,0.0,0,0,0,15.0,11.0,1.0,2,0.0,0.0,0.0,0.0,0.0,0.0,0.0,0.0,0.0,0.0,0.0,0.0,0.0,0.0,0.0,0.0,0.0,0.0,0.0,0.0,0.0,0.0,0.0,0.0,0.0,0.0,0.0,0.0,0.0,0.0,0.0,0.0,0.0,0.0
705,23.0,5.0,3,0.0,0.0,5.0,23.0,1.0,1.0,1.0,4.0,6.0,33.0,4,12.0,8.0,14.0,2.0,0.0,0.0,6.0,2,0,7,46.0,4.0,7.0,5,0.0,0.0,0.0,0.0,0.0,0.0,0.0,0.0,0.0,0.0,0.0,0.0,0.0,0.0,0.0,0.0,0.0,0.0,0.0,0.0,0.0,0.0,0.0,0.0,0.0,0.0,0.0,0.0,0.0,0.0,0.0,0.0,0.0,0.0
706,1.0,1.0,1,0.0,0.0,3.0,9.0,1.0,0.0,2.0,2.0,3.0,10.0,6,7.0,9.0,11.0,2.0,2.0,0.0,0.0,0,0,0,15.0,11.0,1.0,2,0.0,0.0,0.0,0.0,0.0,0.0,0.0,0.0,0.0,0.0,0.0,0.0,0.0,0.0,0.0,0.0,0.0,0.0,0.0,0.0,0.0,0.0,0.0,0.0,0.0,0.0,0.0,0.0,0.0,0.0,0.0,0.0,0.0,0.0
801,6.0,1.0,3,4.0,4.0,21.0,38.0,12.0,4.0,3.0,8.0,14.0,25.0,24,72.0,90.0,150.0,20.0,15.0,1.0,23.0,3,34,38,104.0,178.0,26.0,5,0.0,0.0,167.5,0.0,52.5,0.0,0.0,0.0,0.0,2.5,0.0,0.0,0.0,0.0,0.0,0.0,0.0,0.0,0.0,35.0,0.0,0.0,0.0,2.5,17.5,0.0,0.0,0.0,35.0,0.0,2.5,0.0,0.0,0.0
802,2.0,3.0,0,3.0,1.0,9.0,11.0,1.0,2.0,0.0,3.0,2.0,7.0,7,17.0,12.0,36.0,20.0,2.0,1.0,5.5,0,2,14,47.0,25.0,11.0,3,0.0,0.0,0.0,0.0,0.0,0.0,0.0,0.0,0.0,0.0,0.0,0.0,0.0,0.0,0.0,0.0,0.0,0.0,0.0,0.0,0.0,0.0,0.0,2.5,0.0,0.0,0.0,0.0,0.0,0.0,0.0,0.0,0.0,0.0
901,365.5,2.0,8,29.0,17.0,61.5,113.0,181.5,133.5,15.0,23.0,111.5,341.0,81,320.5,808.0,226.0,167.0,173.5,32.0,214.5,2,345,122,402.5,119.0,96.0,34,0.0,0.0,375.0,15.0,252.5,292.5,32.5,0.0,0.0,15.0,17.5,5.0,15.0,0.0,0.0,72.5,0.0,32.5,0.0,275.0,37.5,15.0,0.0,20.0,30.0,117.5,2.5,2.5,50.0,37.5,145.0,0.0,0.0,0.0
902,8.0,2.0,8,29.0,17.0,39.0,113.0,49.0,31.0,15.0,23.0,109.0,191.0,81,138.0,275.5,226.0,152.0,171.0,32.0,202.0,2,345,122,400.0,79.0,96.0,34,0.0,0.0,2.5,0.0,0.0,0.0,0.0,0.0,0.0,0.0,0.0,0.0,0.0,0.0,0.0,0.0,0.0,0.0,0.0,0.0,0.0,0.0,0.0,0.0,0.0,2.5,0.0,0.0,0.0,0.0,0.0,0.0,0.0,0.0
903,6.0,4.0,2,6.0,5.0,5.0,49.0,6.0,5.0,3.0,18.0,20.0,58.0,33,89.5,115.0,133.0,62.0,32.0,1.0,51.0,0,46,46,160.0,46.0,39.0,12,0.0,0.0,0.0,0.0,0.0,0.0,0.0,0.0,0.0,0.0,0.0,0.0,0.0,0.0,0.0,0.0,0.0,0.0,0.0,125.0,150.0,0.0,0.0,0.0,0.0,0.0,0.0,0.0,0.0,0.0,0.0,0.0,0.0,0.0
904,6.0,4.0,2,6.0,5.0,5.0,49.0,6.0,5.0,3.0,18.0,20.0,58.0,33,87.0,107.5,133.0,62.0,32.0,1.0,51.0,0,46,46,160.0,46.0,39.0,12,0.0,0.0,0.0,0.0,0.0,0.0,0.0,0.0,0.0,0.0,0.0,0.0,0.0,0.0,0.0,0.0,0.0,0.0,0.0,0.0,0.0,0.0,0.0,0.0,0.0,0.0,0.0,0.0,0.0,0.0,0.0,0.0,0.0,0.0
1001,61.0,7.0,2,2.0,2.0,9.0,35.0,3.0,2.0,11.0,7.0,20.0,22.0,5,33.0,13.5,21.0,11.0,5.0,0.0,4.0,7,4,15,84.0,15.0,9.0,4,0.0,0.0,87.5,0.0,0.0,0.0,0.0,0.0,0.0,0.0,0.0,0.0,0.0,0.0,0.0,0.0,0.0,0.0,0.0,0.0,0.0,0.0,0.0,0.0,2.5,0.0,0.0,0.0,0.0,0.0,0.0,0.0,0.0,0.0
1002,98.5,7.0,2,2.0,2.0,9.0,35.0,3.0,2.0,11.0,7.0,20.0,22.0,5,35.5,11.0,21.0,11.0,5.0,0.0,4.0,7,4,15,84.0,15.0,9.0,4,0.0,0.0,0.0,0.0,0.0,0.0,0.0,0.0,0.0,0.0,0.0,0.0,0.0,0.0,0.0,0.0,0.0,0.0,0.0,0.0,0.0,0.0,0.0,0.0,0.0,0.0,0.0,0.0,0.0,0.0,0.0,0.0,0.0,0.0
1003,61.0,7.0,2,2.0,2.0,9.0,35.0,3.0,2.0,11.0,7.0,20.0,22.0,5,35.5,11.0,21.0,11.0,5.0,0.0,4.0,7,4,15,84.0,15.0,9.0,4,0.0,15.0,0.0,0.0,0.0,0.0,0.0,0.0,0.0,0.0,0.0,0.0,0.0,0.0,0.0,0.0,0.0,0.0,0.0,0.0,0.0,0.0,0.0,0.0,0.0,0.0,0.0,0.0,0.0,0.0,0.0,0.0,0.0,0.0
1004,61.0,7.0,2,2.0,2.0,9.0,35.0,3.0,2.0,11.0,7.0,20.0,22.0,5,33.0,11.0,21.0,11.0,5.0,0.0,4.0,7,4,15,84.0,15.0,9.0,4,0.0,0.0,0.0,0.0,0.0,0.0,0.0,0.0,0.0,0.0,0.0,0.0,0.0,0.0,0.0,0.0,0.0,0.0,0.0,0.0,0.0,0.0,0.0,0.0,0.0,0.0,0.0,0.0,0.0,0.0,0.0,0.0,0.0,0.0
1005,61.0,7.0,2,2.0,2.0,9.0,35.0,3.0,2.0,11.0,7.0,20.0,22.0,5,33.0,11.0,21.0,11.0,5.0,0.0,4.0,7,4,15,84.0,15.0,9.0,4,0.0,0.0,0.0,0.0,0.0,0.0,0.0,0.0,0.0,0.0,0.0,0.0,0.0,0.0,0.0,0.0,0.0,0.0,0.0,0.0,0.0,0.0,0.0,0.0,0.0,0.0,0.0,0.0,0.0,0.0,0.0,0.0,0.0,0.0
1006,61.0,7.0,2,2.0,2.0,9.0,35.0,3.0,2.0,11.0,7.0,20.0,22.0,5,33.0,11.0,21.0,11.0,5.0,0.0,4.0,7,4,15,84.0,15.0,9.0,4,0.0,0.0,0.0,0.0,0.0,0.0,0.0,0.0,0.0,0.0,0.0,0.0,0.0,0.0,0.0,0.0,0.0,0.0,0.0,0.0,0.0,0.0,0.0,0.0,0.0,0.0,0.0,0.0,0.0,0.0,0.0,0.0,0.0,0.0
1101,102.5,2.0,11,42.0,4.0,61.0,62.0,28.5,31.0,11.0,14.0,90.0,134.0,158,747.0,1017.5,161.0,197.0,95.5,18.5,360.0,2,39,147,375.0,333.0,92.5,31,0.0,0.0,77.5,2.5,0.0,2.5,37.5,5.0,0.0,45.0,32.5,2.5,52.5,0.0,0.0,227.5,30.0,160.0,0.0,232.5,1530.0,127.5,2.5,715.0,107.5,177.5,2.5,2.5,357.5,77.5,277.5,0.0,0.0,0.0
1102,16.0,1.0,3,5.0,0.0,0.0,9.0,4.0,5.0,2.0,2.0,7.0,19.0,24,73.0,34.5,72.0,27.0,6.0,2.0,11.0,6,5,24,90.0,87.0,18.0,10,0.0,0.0,0.0,0.0,0.0,0.0,0.0,0.0,0.0,0.0,0.0,0.0,0.0,0.0,0.0,0.0,87.5,0.0,0.0,87.5,0.0,0.0,0.0,15.0,0.0,2.5,0.0,0.0,0.0,0.0,0.0,0.0,0.0,0.0
1201,193.0,4.0,9,26.5,53.0,55.0,101.0,87.0,81.0,216.5,20.0,162.0,315.5,106,663.5,1204.0,198.0,261.5,199.5,11.0,827.0,10,617,177,547.0,182.0,130.0,48,0.0,0.0,315.0,165.0,155.0,257.5,0.0,5.0,5.0,2.5,45.0,62.5,2.5,0.0,17.5,165.0,5.0,257.5,0.0,295.0,140.0,157.5,0.0,287.5,92.5,425.0,92.5,45.0,930.0,152.5,280.0,0.0,0.0,0.0
1202,13.0,4.0,9,24.0,53.0,50.0,101.0,82.0,81.0,29.0,20.0,162.0,228.0,106,406.0,249.0,138.0,254.0,197.0,11.0,232.0,10,617,177,517.0,127.0,125.0,48,0.0,0.0,0.0,0.0,0.0,0.0,0.0,0.0,0.0,0.0,0.0,0.0,0.0,0.0,0.0,0.0,0.0,0.0,0.0,0.0,0.0,0.0,0.0,0.0,0.0,0.0,0.0,0.0,0.0,0.0,0.0,0.0,0.0,0.0
1203,0.0,0.0,0,0.0,0.0,0.0,0.0,0.0,0.0,0.0,0.0,0.0,0.0,0,0.0,0.0,0.0,0.0,0.0,0.0,0.0,0,0,0,0.0,0.0,0.0,0,0.0,0.0,0.0,0.0,0.0,0.0,0.0,0.0,0.0,0.0,0.0,0.0,0.0,0.0,0.0,0.0,0.0,0.0,0.0,0.0,0.0,0.0,0.0,0.0,0.0,0.0,0.0,0.0,0.0,0.0,0.0,0.0,0.0,0.0
1301,445.0,3.0,7,14.0,19.0,230.5,117.0,114.0,179.5,27.0,46.5,92.5,186.0,131,628.5,1198.5,293.0,208.5,160.0,27.0,444.5,8,507,178,533.0,212.5,179.0,46,0.0,0.0,780.0,0.0,372.5,1240.0,150.0,45.0,15.0,57.5,15.0,17.5,2.5,0.0,0.0,162.5,2.5,72.5,0.0,647.5,70.0,62.5,0.0,45.0,247.5,177.5,2.5,17.5,155.0,57.5,407.5,0.0,0.0,0.0
1302,58.0,2.0,4,4.0,3.0,62.0,36.0,12.0,6.0,3.0,2.0,16.0,37.0,36,34.5,157.0,146.0,47.0,38.0,8.0,66.5,1,57,61,139.0,148.0,74.0,10,0.0,0.0,0.0,0.0,0.0,0.0,0.0,0.0,0.0,0.0,0.0,0.0,0.0,0.0,0.0,0.0,0.0,2.5,0.0,30.0,2.5,0.0,0.0,0.0,0.0,0.0,0.0,0.0,0.0,17.5,15.0,0.0,0.0,0.0
1303,35.0,3.0,3,6.0,2.0,76.0,50.0,29.5,8.0,4.0,10.0,18.0,48.0,31,100.0,141.0,179.0,85.5,47.0,9.0,58.5,3,68,59,186.0,90.0,81.0,28,0.0,0.0,17.5,0.0,0.0,0.0,0.0,0.0,0.0,0.0,0.0,0.0,0.0,0.0,0.0,0.0,0.0,2.5,0.0,10.0,15.0,0.0,0.0,15.0,0.0,0.0,0.0,0.0,2.5,17.5,0.0,0.0,0.0,0.0
1304,44.0,1.0,1,3.0,1.0,35.0,26.0,6.0,5.0,7.0,1.0,12.0,30.0,16,45.0,62.0,124.0,32.0,34.0,7.0,52.0,1,68,42,109.0,79.0,62.0,11,0.0,0.0,87.5,87.5,0.0,0.0,0.0,0.0,0.0,0.0,0.0,0.0,0.0,0.0,0.0,0.0,0.0,0.0,0.0,0.0,0.0,0.0,0.0,0.0,0.0,0.0,0.0,0.0,0.0,0.0,0.0,0.0,0.0,0.0
1401,24.5,0.0,4,4.0,1.0,54.0,74.0,9.0,7.0,7.0,7.0,23.0,66.0,59,67.0,178.5,100.0,78.5,39.0,4.0,37.5,0,9,45,168.0,52.5,42.0,9,0.0,0.0,82.5,0.0,0.0,0.0,0.0,2.5,0.0,2.5,0.0,2.5,0.0,0.0,0.0,0.0,0.0,2.5,0.0,97.5,5.0,2.5,0.0,27.5,47.5,37.5,2.5,0.0,45.0,2.5,47.5,0.0,0.0,0.0
1402,7.5,1.0,2,3.0,0.0,29.0,61.0,5.0,6.0,3.0,8.0,16.0,38.0,34,59.0,78.0,93.0,40.0,21.0,3.0,19.5,1,6,26,150.0,43.0,37.0,9,0.0,0.0,0.0,0.0,0.0,0.0,0.0,0.0,0.0,0.0,0.0,0.0,0.0,0.0,0.0,0.0,0.0,0.0,15.0,0.0,87.5,0.0,0.0,0.0,0.0,0.0,0.0,0.0,0.0,0.0,15.0,0.0,0.0,0.0
1403,0.0,0.0,1,2.0,0.0,23.0,24.0,3.0,2.0,1.0,4.0,7.0,20.0,23,18.0,39.0,58.0,22.0,14.0,0.0,12.0,0,4,22,90.0,30.0,27.0,5,0.0,0.0,0.0,0.0,0.0,0.0,0.0,0.0,0.0,0.0,0.0,0.0,0.0,0.0,0.0,0.0,0.0,0.0,0.0,0.0,0.0,0.0,0.0,0.0,0.0,0.0,0.0,0.0,0.0,0.0,0.0,0.0,0.0,0.0
1404,5.0,1.0,2,3.0,0.0,29.0,61.0,5.0,6.0,3.0,8.0,16.0,38.0,34,59.0,78.0,93.0,40.0,21.0,3.0,17.0,1,6,26,152.5,43.0,37.0,9,0.0,0.0,0.0,0.0,0.0,0.0,0.0,2.5,0.0,0.0,0.0,0.0,0.0,0.0,0.0,0.0,0.0,2.5,0.0,0.0,2.5,0.0,0.0,0.0,0.0,0.0,0.0,0.0,0.0,0.0,0.0,0.0,0.0,0.0
1501,57.5,1.0,3,4.0,19.0,15.0,38.0,10.0,7.0,10.0,8.0,23.0,40.0,15,130.0,91.0,103.0,24.0,17.0,2.0,37.0,4,8,31,116.0,93.0,63.0,3,0.0,0.0,37.5,150.0,0.0,0.0,0.0,0.0,0.0,0.0,0.0,102.5,0.0,0.0,0.0,0.0,0.0,0.0,0.0,42.5,25.0,0.0,0.0,0.0,17.5,32.5,0.0,0.0,5.0,0.0,2.5,0.0,0.0,0.0
1502,4.0,1.0,2,4.0,1.0,19.0,35.0,5.0,9.0,0.0,6.0,19.0,22.0,18,28.0,54.5,127.0,18.0,15.0,1.0,24.0,2,10,36,80.0,97.0,77.0,5,0.0,0.0,0.0,0.0,0.0,0.0,0.0,0.0,0.0,0.0,0.0,0.0,0.0,0.0,0.0,0.0,0.0,0.0,0.0,0.0,0.0,0.0,0.0,0.0,0.0,0.0,0.0,0.0,0.0,0.0,0.0,0.0,0.0,0.0
1503,293.0,1.0,1,2.0,2.0,17.0,34.0,154.0,11.0,4.0,4.0,12.0,17.0,18,18.0,33.0,96.0,29.0,11.0,0.0,23.0,3,14,29,67.0,99.0,71.0,3,0.0,0.0,15.0,0.0,0.0,0.0,0.0,0.0,0.0,0.0,0.0,15.0,0.0,0.0,0.0,0.0,0.0,0.0,0.0,17.5,0.0,0.0,0.0,0.0,2.5,15.0,0.0,0.0,0.0,0.0,0.0,0.0,0.0,0.0
1504,3.0,1.0,1,2.0,2.0,17.0,34.0,4.0,11.0,4.0,4.0,12.0,17.0,18,18.0,50.5,96.0,29.0,11.0,0.0,23.0,3,14,29,67.0,99.0,71.0,3,0.0,0.0,0.0,0.0,0.0,0.0,0.0,0.0,0.0,0.0,0.0,0.0,0.0,0.0,0.0,0.0,0.0,0.0,0.0,0.0,0.0,0.0,0.0,0.0,0.0,0.0,0.0,0.0,0.0,0.0,0.0,0.0,0.0,0.0
1505,5.0,1.0,3,4.0,4.0,15.0,38.0,10.0,7.0,10.0,8.0,23.0,40.0,15,50.0,41.0,105.5,24.0,17.0,2.0,22.0,4,8,31,116.0,93.0,63.0,3,0.0,0.0,0.0,0.0,0.0,0.0,0.0,0.0,0.0,0.0,0.0,0.0,0.0,0.0,0.0,0.0,0.0,0.0,0.0,0.0,0.0,0.0,0.0,0.0,30.0,0.0,0.0,0.0,0.0,0.0,0.0,0.0,0.0,0.0
1506,34.0,1.0,2,4.0,1.0,19.0,35.0,5.0,9.0,0.0,6.0,19.0,22.0,18,28.0,39.5,127.0,18.0,15.0,1.0,24.0,2,10,36,80.0,97.0,77.0,5,0.0,0.0,0.0,0.0,0.0,0.0,0.0,0.0,0.0,0.0,0.0,0.0,0.0,0.0,0.0,0.0,0.0,0.0,0.0,0.0,0.0,0.0,0.0,0.0,0.0,0.0,0.0,0.0,0.0,0.0,0.0,0.0,0.0,0.0
1601,157.0,3.0,4,0.0,1.0,5.0,12.0,1.0,3.0,1.0,1.0,8.0,17.0,5,10.0,17.0,22.0,5.0,16.0,1.0,3.5,0,4,8,47.0,19.0,2.0,0,0.0,0.0,0.0,0.0,0.0,0.0,0.0,0.0,0.0,2.5,0.0,0.0,0.0,0.0,0.0,0.0,0.0,0.0,0.0,0.0,0.0,0.0,0.0,0.0,0.0,2.5,0.0,0.0,0.0,0.0,0.0,0.0,0.0,0.0
1602,7.0,3.0,4,0.0,1.0,5.0,12.0,1.0,3.0,1.0,1.0,8.0,17.0,5,10.0,12.0,22.0,5.0,16.0,1.0,1.0,0,4,8,47.0,19.0,2.0,0,0.0,0.0,0.0,0.0,0.0,0.0,0.0,0.0,0.0,0.0,0.0,0.0,0.0,0.0,0.0,0.0,0.0,0.0,0.0,0.0,0.0,0.0,0.0,0.0,0.0,0.0,0.0,0.0,0.0,0.0,0.0,0.0,0.0,0.0
1701,58.0,6.0,6,9.0,9.0,47.0,80.0,34.0,21.0,12.0,10.0,36.0,97.0,58,349.5,439.5,96.0,148.5,66.0,7.0,128.0,6,173,91,329.5,63.5,77.0,28,0.0,0.0,260.0,0.0,15.0,102.5,0.0,30.0,0.0,2.5,0.0,2.5,0.0,0.0,150.0,52.5,0.0,2.5,0.0,100.0,2.5,32.5,0.0,0.0,30.0,57.5,2.5,0.0,12.5,52.5,82.5,0.0,0.0,0.0
1702,17.0,3.0,1,2.0,2.0,25.0,19.0,11.0,8.0,4.0,4.0,15.0,42.0,25,51.0,90.5,55.0,65.0,27.0,4.0,39.0,4,73,43,163.0,39.0,29.0,9,0.0,0.0,2.5,0.0,0.0,0.0,0.0,0.0,0.0,0.0,0.0,0.0,0.0,0.0,0.0,0.0,0.0,0.0,0.0,0.0,0.0,15.0,0.0,0.0,0.0,0.0,0.0,0.0,0.0,0.0,0.0,0.0,0.0,0.0
1801,61.5,6.0,7,14.0,16.0,75.0,67.0,42.0,110.0,13.0,17.0,75.0,124.0,118,861.0,1260.0,96.0,161.0,83.5,22.0,473.0,7,59,93,344.5,440.0,122.0,30,0.0,0.0,465.0,2.5,390.0,167.5,0.0,35.0,0.0,30.0,17.5,0.0,30.0,0.0,0.0,102.5,30.0,117.5,0.0,232.5,995.0,227.5,102.5,597.5,300.0,1025.0,5.0,10.0,2205.0,122.5,275.0,0.0,0.0,0.0
1802,2.0,1.0,1,1.0,0.0,19.0,30.0,5.0,5.0,6.0,10.0,6.0,13.0,10,21.0,20.0,42.0,13.0,4.0,1.0,18.0,0,22,20,83.0,16.0,14.0,3,0.0,0.0,0.0,0.0,0.0,0.0,0.0,0.0,0.0,0.0,0.0,0.0,0.0,0.0,0.0,0.0,0.0,0.0,0.0,15.0,0.0,0.0,0.0,0.0,0.0,0.0,0.0,0.0,0.0,0.0,0.0,0.0,0.0,0.0
1803,2.0,1.0,1,1.0,0.0,19.0,30.0,5.0,5.0,6.0,10.0,6.0,13.0,10,21.0,22.5,42.0,13.0,4.0,1.0,18.0,0,22,20,83.0,16.0,14.0,3,0.0,0.0,0.0,0.0,0.0,0.0,0.0,0.0,0.0,0.0,0.0,0.0,0.0,0.0,0.0,15.0,0.0,0.0,0.0,2.5,0.0,0.0,0.0,0.0,0.0,0.0,0.0,0.0,0.0,0.0,0.0,0.0,0.0,0.0
1804,2.0,2.0,1,0.0,0.0,8.0,22.0,2.0,5.0,5.0,3.0,5.0,16.0,10,34.0,47.0,34.0,17.0,17.0,7.0,13.0,0,24,27,53.0,20.0,26.0,3,0.0,0.0,2.5,0.0,0.0,0.0,0.0,0.0,0.0,0.0,0.0,0.0,0.0,0.0,0.0,0.0,0.0,0.0,0.0,0.0,0.0,0.0,0.0,0.0,0.0,0.0,0.0,0.0,0.0,0.0,0.0,0.0,0.0,0.0
1805,8.0,3.0,5,3.0,1.0,21.0,42.0,4.0,7.0,5.0,4.0,14.0,30.0,18,36.0,28.0,81.0,21.0,9.0,0.0,17.0,0,3,26,101.0,15.0,17.0,5,0.0,0.0,0.0,0.0,0.0,0.0,0.0,0.0,0.0,0.0,0.0,0.0,0.0,0.0,0.0,0.0,0.0,0.0,0.0,0.0,0.0,0.0,0.0,0.0,0.0,0.0,0.0,0.0,0.0,0.0,0.0,0.0,0.0,0.0
1806,8.0,3.0,5,3.0,1.0,21.0,42.0,4.0,7.0,5.0,4.0,14.0,30.0,18,36.0,33.0,81.0,21.0,9.0,0.0,17.0,0,3,26,101.0,15.0,17.0,5,0.0,0.0,0.0,0.0,0.0,0.0,0.0,0.0,0.0,0.0,0.0,0.0,0.0,0.0,0.0,0.0,0.0,0.0,0.0,0.0,150.0,0.0,0.0,0.0,0.0,0.0,0.0,0.0,0.0,0.0,0.0,0.0,0.0,0.0
1807,12.0,3.0,2,6.0,4.0,10.5,21.0,6.0,5.0,4.0,6.0,26.0,39.0,40,152.0,225.5,60.0,89.0,33.5,6.0,69.0,2,5,44,174.0,65.0,48.0,12,0.0,0.0,172.5,2.5,0.0,0.0,0.0,0.0,0.0,15.0,0.0,0.0,0.0,0.0,0.0,2.5,15.0,145.0,0.0,22.5,210.0,0.0,0.0,35.0,0.0,7.5,2.5,0.0,35.0,7.5,0.0,0.0,0.0,0.0
1808,8.0,3.0,5,3.0,1.0,21.0,42.0,4.0,7.0,5.0,4.0,14.0,30.0,18,36.0,23.0,81.0,21.0,9.0,0.0,17.0,0,3,26,101.0,15.0,17.0,5,0.0,0.0,0.0,0.0,0.0,0.0,0.0,0.0,0.0,0.0,0.0,0.0,0.0,0.0,0.0,0.0,0.0,0.0,0.0,0.0,0.0,0.0,0.0,0.0,0.0,0.0,0.0,0.0,0.0,0.0,0.0,0.0,0.0,0.0
1809,12.0,3.0,2,6.0,4.0,8.0,21.0,6.0,5.0,4.0,6.0,26.0,39.0,40,142.0,80.5,60.0,74.0,31.0,6.0,24.0,2,5,44,159.0,25.0,48.0,12,0.0,0.0,0.0,0.0,0.0,0.0,0.0,0.0,0.0,0.0,0.0,0.0,0.0,0.0,0.0,0.0,0.0,0.0,0.0,0.0,0.0,0.0,0.0,0.0,0.0,0.0,0.0,0.0,0.0,0.0,0.0,0.0,0.0,0.0
1901,22.5,2.0,4,2.0,2.0,27.0,40.0,8.0,5.5,7.0,10.0,16.0,47.0,20,46.5,81.5,57.0,27.0,24.0,0.0,25.5,2,14,27,96.0,25.0,27.0,2,0.0,0.0,30.0,0.0,0.0,150.0,0.0,0.0,0.0,0.0,0.0,0.0,0.0,0.0,0.0,0.0,0.0,0.0,0.0,25.0,0.0,2.5,0.0,17.5,2.5,2.5,0.0,15.0,10.0,15.0,0.0,0.0,0.0,0.0
1902,1.0,0.0,0,1.0,1.0,8.0,14.0,2.0,1.0,4.0,2.0,9.0,26.0,9,22.0,88.5,33.0,31.0,18.0,1.0,13.5,1,6,8,66.0,15.0,21.0,2,0.0,0.0,0.0,0.0,0.0,0.0,0.0,0.0,0.0,0.0,0.0,0.0,0.0,0.0,0.0,0.0,0.0,0.0,0.0,15.0,0.0,0.0,0.0,0.0,15.0,0.0,0.0,0.0,5.0,0.0,15.0,0.0,0.0,0.0
1903,4.0,1.0,1,3.0,0.0,9.0,18.0,4.0,2.0,5.0,8.0,9.0,26.0,7,14.0,39.0,44.0,11.0,11.0,0.0,8.0,1,9,19,55.0,12.0,18.0,2,0.0,0.0,30.0,0.0,0.0,0.0,0.0,0.0,0.0,0.0,0.0,0.0,0.0,0.0,0.0,0.0,0.0,0.0,0.0,15.0,0.0,0.0,0.0,0.0,0.0,0.0,0.0,0.0,0.0,0.0,0.0,0.0,0.0,0.0
2001,14.5,1.0,1,2.0,0.0,37.0,20.0,1.0,7.0,9.0,1.0,9.0,19.0,11,65.5,59.0,17.0,33.5,11.0,4.0,23.5,1,0,18,67.0,24.5,34.0,9,0.0,0.0,32.5,0.0,0.0,0.0,0.0,0.0,0.0,2.5,0.0,0.0,0.0,0.0,0.0,0.0,17.5,150.0,0.0,2.5,12.5,30.0,2.5,92.5,5.0,107.5,2.5,0.0,207.5,32.5,0.0,0.0,0.0,0.0
2002,7.0,0.0,2,2.0,1.0,21.0,23.0,5.0,1.0,4.0,7.0,9.0,18.0,14,65.0,24.5,35.0,36.0,6.0,0.0,14.0,0,1,23,90.0,7.0,29.0,3,0.0,0.0,0.0,0.0,0.0,0.0,0.0,0.0,0.0,0.0,0.0,0.0,0.0,0.0,0.0,0.0,0.0,0.0,0.0,0.0,0.0,2.5,0.0,0.0,0.0,0.0,0.0,0.0,0.0,0.0,0.0,0.0,0.0,0.0
2003,7.0,0.0,2,2.0,1.0,21.0,23.0,5.0,1.0,4.0,7.0,9.0,18.0,14,70.0,37.0,35.0,36.0,6.0,0.0,71.5,0,1,23,90.0,7.0,29.0,3,0.0,0.0,2.5,0.0,0.0,0.0,0.0,0.0,0.0,0.0,0.0,0.0,0.0,0.0,0.0,0.0,52.5,5.0,0.0,15.0,72.5,0.0,0.0,0.0,2.5,2.5,0.0,0.0,37.5,0.0,0.0,0.0,0.0,0.0
2101,255.0,2.0,9,69.5,170.5,94.0,117.0,271.0,272.0,633.0,36.0,108.0,187.0,72,987.0,844.5,57.5,143.0,166.5,13.0,417.0,15,412,150,480.5,22.0,167.5,44,0.0,87.5,812.5,0.0,332.5,352.5,152.5,15.0,170.0,262.5,117.5,37.5,142.5,0.0,15.0,20.0,60.0,215.0,0.0,295.0,82.5,292.5,0.0,100.0,257.5,157.5,7.5,7.5,250.0,170.0,270.0,0.0,0.0,0.0
2102,10.0,3.0,4,1.0,0.0,2.0,12.0,1.0,12.0,0.0,0.0,4.0,7.0,3,21.0,22.5,8.0,19.0,17.0,3.0,12.0,3,8,10,104.0,5.0,11.0,2,0.0,0.0,0.0,0.0,0.0,0.0,0.0,0.0,0.0,0.0,0.0,0.0,0.0,0.0,0.0,0.0,0.0,0.0,0.0,0.0,0.0,0.0,0.0,0.0,0.0,0.0,0.0,0.0,0.0,0.0,0.0,0.0,0.0,0.0
2103,38.0,0.0,2,9.0,45.0,47.0,131.5,483.0,75.0,242.5,5.0,61.5,90.0,45,462.5,234.5,5.0,74.0,122.0,5.0,108.0,2,265,87,374.0,0.0,73.5,22,0.0,37.5,35.0,0.0,5.0,2.5,0.0,52.5,82.5,55.0,0.0,50.0,0.0,0.0,15.0,15.0,0.0,120.0,0.0,157.5,152.5,70.0,15.0,302.5,0.0,7.5,0.0,2.5,20.0,0.0,117.5,0.0,0.0,0.0
2104,9.0,0.0,0,5.0,3.0,4.0,12.0,6.0,5.0,4.0,2.0,4.0,22.0,4,17.5,29.5,17.0,6.0,13.0,0.0,9.0,0,21,12,58.0,16.0,25.0,7,0.0,0.0,0.0,0.0,0.0,0.0,0.0,0.0,0.0,0.0,0.0,0.0,0.0,0.0,0.0,0.0,0.0,0.0,0.0,0.0,0.0,0.0,0.0,0.0,0.0,0.0,0.0,0.0,0.0,0.0,0.0,0.0,0.0,0.0
2105,22.0,2.0,4,2.0,18.0,9.0,45.0,28.0,19.0,4.0,3.0,19.0,44.0,19,58.5,93.5,54.0,76.0,57.0,2.0,29.0,2,167,67,268.0,23.0,53.0,19,0.0,0.0,165.0,0.0,0.0,0.0,0.0,0.0,15.0,0.0,0.0,17.5,0.0,0.0,0.0,15.0,0.0,2.5,0.0,0.0,0.0,0.0,0.0,0.0,0.0,0.0,0.0,0.0,0.0,0.0,2.5,0.0,0.0,0.0
2106,11.0,2.0,2,2.0,1.0,6.0,14.0,2.0,9.0,1.0,5.0,8.0,24.0,8,23.0,18.0,15.0,59.0,63.0,4.0,6.0,0,22,38,132.0,12.0,45.0,15,0.0,0.0,0.0,0.0,0.0,0.0,0.0,0.0,0.0,0.0,0.0,0.0,0.0,0.0,0.0,0.0,0.0,0.0,0.0,15.0,0.0,0.0,0.0,0.0,0.0,0.0,0.0,0.0,0.0,0.0,0.0,0.0,0.0,0.0
2107,7.0,0.0,0,1.0,37.5,4.0,14.0,178.0,5.0,152.0,2.0,7.0,13.0,9,18.0,39.5,14.0,18.0,22.0,2.0,12.0,1,108,27,87.0,2.0,36.0,6,0.0,0.0,0.0,0.0,15.0,0.0,0.0,0.0,0.0,0.0,0.0,150.0,0.0,0.0,0.0,0.0,0.0,0.0,0.0,0.0,0.0,30.0,0.0,0.0,0.0,0.0,0.0,0.0,0.0,0.0,0.0,0.0,0.0,0.0
2108,10.0,3.0,4,1.0,0.0,2.0,12.0,1.0,12.0,0.0,0.0,4.0,7.0,3,21.0,20.0,8.0,19.0,17.0,3.0,12.0,3,8,10,104.0,5.0,11.0,2,0.0,0.0,0.0,0.0,0.0,0.0,0.0,0.0,0.0,0.0,0.0,0.0,0.0,0.0,0.0,0.0,0.0,0.0,0.0,0.0,0.0,0.0,0.0,0.0,0.0,0.0,0.0,0.0,0.0,0.0,0.0,0.0,0.0,0.0
2201,47.5,3.0,10,7.0,6.0,63.0,97.0,35.0,23.0,19.0,21.0,46.0,87.0,41,217.0,200.0,154.0,55.0,78.0,4.0,53.0,6,11,67,251.0,133.0,63.0,15,0.0,0.0,65.0,0.0,0.0,0.0,0.0,0.0,0.0,0.0,0.0,0.0,0.0,0.0,0.0,0.0,0.0,2.5,0.0,32.5,5.0,0.0,0.0,0.0,52.5,45.0,0.0,0.0,2.5,17.5,55.0,0.0,0.0,0.0
2202,45.0,3.0,10,7.0,6.0,58.0,97.0,35.0,23.0,19.0,21.0,46.0,87.0,41,82.0,100.0,154.0,55.0,78.0,4.0,48.0,6,11,67,251.0,133.0,63.0,15,0.0,0.0,0.0,0.0,0.0,0.0,0.0,0.0,0.0,0.0,0.0,0.0,0.0,0.0,0.0,0.0,0.0,0.0,0.0,0.0,0.0,0.0,0.0,0.0,0.0,0.0,0.0,0.0,0.0,0.0,0.0,0.0,0.0,0.0
2203,8.0,2.0,0,0.0,1.0,5.0,17.0,3.0,4.0,5.0,2.0,5.0,13.0,2,16.0,13.5,37.0,4.0,3.0,0.0,2.0,3,0,5,38.0,26.0,10.0,4,0.0,0.0,0.0,0.0,0.0,0.0,0.0,0.0,0.0,0.0,0.0,0.0,0.0,0.0,0.0,0.0,0.0,0.0,0.0,0.0,0.0,0.0,0.0,0.0,0.0,0.0,0.0,0.0,0.0,0.0,0.0,0.0,0.0,0.0
2204,45.0,3.0,10,7.0,6.0,58.0,97.0,35.0,23.0,19.0,21.0,46.0,87.0,41,82.0,102.5,154.0,55.0,78.0,4.0,48.0,6,11,67,251.0,133.0,63.0,15,0.0,0.0,0.0,0.0,0.0,0.0,0.0,0.0,0.0,0.0,0.0,0.0,0.0,0.0,0.0,0.0,0.0,0.0,0.0,0.0,0.0,0.0,0.0,0.0,0.0,0.0,0.0,0.0,0.0,0.0,0.0,0.0,0.0,0.0
2205,19.0,2.0,0,2.0,1.0,23.0,42.0,0.0,2.0,9.0,5.0,5.0,12.0,2,22.0,38.5,34.0,9.0,7.0,0.0,4.0,4,0,9,41.0,18.0,12.0,2,0.0,0.0,0.0,0.0,0.0,0.0,0.0,0.0,0.0,0.0,0.0,0.0,0.0,0.0,0.0,0.0,0.0,0.0,0.0,2.5,0.0,0.0,0.0,0.0,15.0,0.0,0.0,0.0,0.0,0.0,2.5,0.0,0.0,0.0
2206,8.0,2.0,0,0.0,1.0,5.0,17.0,3.0,4.0,5.0,2.0,5.0,13.0,2,16.0,11.0,37.0,4.0,3.0,0.0,2.0,3,0,5,38.0,26.0,10.0,4,0.0,0.0,0.0,0.0,0.0,0.0,0.0,0.0,0.0,0.0,0.0,0.0,0.0,0.0,0.0,0.0,0.0,0.0,0.0,0.0,0.0,0.0,0.0,0.0,0.0,0.0,0.0,0.0,0.0,0.0,0.0,0.0,0.0,0.0
2301,64.5,6.0,8,25.0,91.5,110.5,124.0,75.0,107.0,173.0,38.0,137.0,187.0,114,577.5,707.0,76.0,182.0,171.5,36.0,291.0,4,817,127,531.0,59.5,402.0,50,0.0,0.0,292.5,90.0,797.5,1145.0,102.5,17.5,212.5,0.0,20.0,70.0,0.0,0.0,0.0,427.5,2.5,165.0,0.0,117.5,292.5,77.5,0.0,35.0,107.5,32.5,7.5,17.5,185.0,272.5,362.5,0.0,37.5,0.0
2302,3.0,2.0,1,4.0,2.0,2.0,14.0,4.0,4.0,4.0,5.0,13.0,16.0,10,30.5,24.0,39.0,42.0,35.0,5.0,28.0,1,38,40,116.0,80.0,38.0,9,0.0,0.0,0.0,0.0,0.0,0.0,0.0,0.0,0.0,0.0,0.0,0.0,0.0,0.0,0.0,0.0,0.0,0.0,0.0,2.5,0.0,0.0,0.0,0.0,0.0,2.5,0.0,0.0,0.0,0.0,0.0,0.0,0.0,0.0
2303,27.0,6.0,8,25.0,39.0,93.0,109.0,60.0,87.0,23.0,23.0,137.0,187.0,114,255.0,242.0,76.0,177.0,154.0,36.0,231.0,4,817,127,516.0,37.0,162.0,50,0.0,0.0,0.0,0.0,0.0,0.0,0.0,0.0,0.0,0.0,0.0,0.0,0.0,0.0,0.0,0.0,0.0,0.0,0.0,0.0,0.0,0.0,0.0,0.0,0.0,0.0,0.0,0.0,0.0,0.0,0.0,0.0,0.0,0.0
2304,9.0,2.0,2,1.0,2.0,12.0,23.0,6.0,6.0,2.0,3.0,12.0,27.0,20,49.5,36.0,8.0,36.0,31.0,5.0,36.0,5,67,19,97.0,35.0,21.0,4,0.0,0.0,0.0,0.0,0.0,0.0,0.0,0.0,0.0,0.0,0.0,0.0,0.0,0.0,0.0,0.0,0.0,0.0,0.0,0.0,0.0,0.0,0.0,0.0,0.0,0.0,0.0,0.0,0.0,0.0,0.0,0.0,0.0,0.0
2305,3.0,2.0,1,4.0,2.0,2.0,14.0,4.0,4.0,4.0,5.0,13.0,16.0,10,28.0,24.0,39.0,42.0,35.0,5.0,28.0,1,38,40,116.0,80.0,38.0,9,0.0,0.0,0.0,0.0,37.5,0.0,0.0,0.0,0.0,0.0,0.0,0.0,0.0,0.0,0.0,0.0,0.0,0.0,0.0,0.0,0.0,0.0,0.0,0.0,0.0,0.0,0.0,0.0,0.0,0.0,0.0,0.0,0.0,0.0
2306,3.0,2.0,1,4.0,2.0,2.0,14.0,4.0,4.0,4.0,5.0,13.0,16.0,10,28.0,24.0,39.0,42.0,35.0,5.0,28.0,1,38,40,116.0,80.0,38.0,9,0.0,0.0,0.0,0.0,0.0,0.0,0.0,0.0,0.0,0.0,0.0,0.0,0.0,0.0,0.0,0.0,0.0,0.0,0.0,0.0,0.0,0.0,0.0,0.0,0.0,0.0,0.0,0.0,0.0,0.0,0.0,0.0,0.0,0.0
2401,147.0,1.0,2,5.0,5.0,44.0,92.0,19.5,9.0,13.0,17.0,21.0,52.0,35,75.0,181.5,87.0,51.0,36.0,4.0,85.0,0,26,33,144.0,103.5,34.0,8,0.0,15.0,220.0,0.0,0.0,150.0,0.0,0.0,0.0,0.0,0.0,2.5,0.0,0.0,0.0,0.0,0.0,5.0,0.0,67.5,2.5,17.5,0.0,2.5,15.0,75.0,0.0,0.0,5.0,87.5,85.0,0.0,0.0,0.0
2402,12.0,1.0,2,5.0,5.0,44.0,92.0,17.0,9.0,13.0,17.0,21.0,52.0,35,35.0,76.5,87.0,51.0,36.0,4.0,40.0,0,26,33,144.0,66.0,34.0,8,0.0,0.0,0.0,0.0,0.0,0.0,0.0,0.0,0.0,0.0,0.0,0.0,0.0,0.0,0.0,0.0,0.0,0.0,0.0,0.0,0.0,0.0,0.0,0.0,2.5,0.0,0.0,0.0,0.0,0.0,0.0,0.0,0.0,0.0
2403,38.5,1.0,1,1.0,1.0,13.0,30.0,5.0,1.0,2.0,1.0,10.0,25.0,10,12.0,49.0,29.0,11.0,12.0,0.0,10.0,0,5,5,58.0,20.0,20.0,0,0.0,0.0,0.0,0.0,0.0,0.0,0.0,0.0,0.0,0.0,0.0,0.0,0.0,0.0,0.0,0.0,0.0,0.0,0.0,15.0,0.0,0.0,0.0,0.0,0.0,0.0,0.0,0.0,0.0,0.0,0.0,0.0,0.0,0.0
2404,5.0,1.0,1,2.0,2.0,18.0,14.0,9.0,4.0,5.0,4.0,5.0,14.0,12,19.0,33.0,67.0,16.0,16.0,1.0,10.0,1,7,28,71.0,28.0,48.0,3,0.0,0.0,0.0,0.0,0.0,0.0,0.0,0.0,0.0,0.0,0.0,0.0,0.0,0.0,0.0,0.0,0.0,0.0,0.0,0.0,0.0,0.0,0.0,0.0,0.0,0.0,0.0,0.0,0.0,0.0,0.0,0.0,0.0,0.0
2501,1406.0,8.0,51,149.5,265.5,642.5,339.0,678.0,614.0,173.5,221.5,578.5,783.0,452,2968.0,5813.0,92.0,610.5,760.0,98.0,3092.0,18,1731,462,1549.5,467.0,550.0,113,0.0,47.5,1720.0,2555.0,2360.0,2675.0,660.0,105.0,210.0,775.0,392.5,800.0,290.0,0.0,0.0,462.5,182.5,1000.0,0.0,2495.0,862.5,610.0,32.5,677.5,1360.0,1282.5,312.5,142.5,2035.0,1060.0,1235.0,0.0,0.0,5.0
2502,36.5,2.0,2,1.0,94.5,5.0,14.0,13.0,18.0,2.0,4.0,18.0,27.0,19,52.0,45.0,31.0,28.0,34.0,3.0,98.0,1,146,48,85.0,14.0,48.0,3,0.0,0.0,300.0,405.0,0.0,0.0,0.0,87.5,0.0,17.5,0.0,0.0,0.0,0.0,0.0,15.0,0.0,20.0,0.0,0.0,0.0,0.0,0.0,0.0,0.0,2.5,0.0,0.0,0.0,0.0,0.0,0.0,0.0,0.0
2503,0.0,1.0,0,1.0,3.0,6.0,15.0,0.0,1.0,2.0,2.0,8.0,17.0,5,14.0,19.5,25.0,28.0,7.0,2.0,11.0,2,2,13,66.0,7.0,23.0,0,0.0,0.0,0.0,0.0,0.0,0.0,0.0,0.0,0.0,0.0,0.0,0.0,0.0,0.0,0.0,0.0,0.0,0.0,0.0,0.0,0.0,0.0,0.0,0.0,0.0,0.0,0.0,0.0,0.0,0.0,0.0,0.0,0.0,0.0
2504,40.5,0.0,3,1.0,1.0,9.0,18.0,5.0,2.0,3.0,5.0,8.0,26.0,14,54.0,64.0,26.0,47.0,25.0,9.0,46.0,0,30,27,57.0,4.0,28.0,3,0.0,0.0,150.0,55.0,2.5,0.0,0.0,67.5,15.0,2.5,2.5,15.0,0.0,0.0,0.0,15.0,0.0,0.0,0.0,45.0,37.5,0.0,0.0,0.0,0.0,2.5,0.0,0.0,0.0,0.0,2.5,0.0,0.0,0.0
2505,2.5,1.0,3,3.0,0.0,24.0,20.0,7.0,2.0,3.0,4.0,9.0,18.0,8,14.0,33.0,38.0,37.0,11.0,1.0,31.0,0,1,26,79.0,24.0,14.0,5,0.0,0.0,0.0,0.0,2.5,0.0,0.0,0.0,0.0,0.0,0.0,0.0,0.0,0.0,0.0,0.0,15.0,0.0,0.0,15.0,0.0,0.0,0.0,0.0,0.0,0.0,0.0,0.0,0.0,0.0,0.0,0.0,0.0,0.0
2506,7.0,2.0,0,4.0,1.0,10.0,12.0,6.0,7.0,1.0,1.0,21.0,38.0,27,28.0,65.0,29.0,47.0,25.0,4.0,162.0,3,35,19,122.0,5.0,60.0,9,0.0,0.0,15.0,0.0,0.0,0.0,0.0,0.0,0.0,0.0,0.0,0.0,0.0,0.0,0.0,0.0,0.0,0.0,0.0,2.5,0.0,0.0,0.0,0.0,0.0,0.0,0.0,0.0,0.0,0.0,0.0,0.0,0.0,0.0
2507,2.0,0.0,1,1.0,3.0,1.0,12.0,3.0,3.0,2.0,2.0,8.0,20.0,10,7.0,22.5,18.0,15.0,15.0,2.0,129.0,2,53,23,35.0,10.0,26.0,7,0.0,0.0,0.0,252.5,0.0,0.0,0.0,0.0,0.0,0.0,0.0,0.0,0.0,0.0,0.0,0.0,0.0,0.0,0.0,0.0,0.0,0.0,0.0,2.5,0.0,0.0,0.0,0.0,0.0,0.0,0.0,0.0,0.0,0.0
2508,0.0,0.0,0,0.0,0.0,0.0,0.0,0.0,0.0,0.0,0.0,0.0,0.0,0,0.0,0.0,0.0,0.0,0.0,0.0,0.0,0,0,0,0.0,0.0,0.0,0,0.0,0.0,0.0,0.0,0.0,0.0,0.0,0.0,0.0,0.0,0.0,0.0,0.0,0.0,0.0,0.0,0.0,0.0,0.0,0.0,0.0,0.0,0.0,0.0,0.0,0.0,0.0,0.0,0.0,0.0,0.0,0.0,0.0,0.0
2509,9.0,4.0,3,0.0,1.0,39.0,31.0,9.0,13.0,1.0,8.0,11.0,33.0,26,52.0,73.0,101.0,54.0,31.0,4.0,101.0,3,134,48,150.0,27.0,56.0,18,0.0,0.0,0.0,0.0,0.0,0.0,0.0,0.0,0.0,0.0,0.0,0.0,0.0,0.0,0.0,0.0,0.0,0.0,0.0,0.0,0.0,0.0,0.0,0.0,0.0,0.0,0.0,0.0,0.0,0.0,0.0,0.0,0.0,0.0
2601,4.5,4.0,1,2.0,4.0,31.5,47.0,9.0,5.0,14.0,6.0,16.0,44.0,23,34.0,89.0,52.0,37.0,22.0,3.0,50.0,0,14,24,118.0,21.0,22.0,8,0.0,0.0,152.5,0.0,0.0,0.0,0.0,0.0,37.5,0.0,0.0,0.0,0.0,0.0,0.0,0.0,0.0,0.0,0.0,0.0,0.0,0.0,0.0,2.5,30.0,2.5,0.0,0.0,2.5,2.5,17.5,0.0,0.0,0.0
2602,2.0,4.0,1,2.0,4.0,29.0,47.0,9.0,5.0,14.0,6.0,16.0,44.0,23,34.0,61.5,52.0,37.0,22.0,3.0,50.0,0,14,24,103.0,21.0,22.0,8,0.0,0.0,0.0,0.0,0.0,0.0,0.0,0.0,0.0,0.0,0.0,0.0,0.0,0.0,0.0,0.0,0.0,0.0,0.0,0.0,0.0,0.0,0.0,0.0,0.0,0.0,0.0,0.0,0.0,0.0,0.0,0.0,0.0,0.0
2603,2.0,4.0,1,2.0,4.0,29.0,47.0,9.0,5.0,14.0,6.0,16.0,44.0,23,36.5,79.0,52.0,37.0,22.0,3.0,50.0,0,14,24,103.0,21.0,22.0,8,0.0,0.0,40.0,0.0,0.0,0.0,0.0,0.0,0.0,0.0,0.0,0.0,0.0,0.0,0.0,0.0,0.0,0.0,0.0,0.0,0.0,0.0,0.0,0.0,0.0,0.0,0.0,0.0,0.0,0.0,0.0,0.0,0.0,0.0
2701,220.0,4.0,5,6.0,3.0,69.5,58.0,23.0,10.0,11.0,9.0,44.0,107.0,53,286.5,304.5,151.0,62.0,38.0,5.0,138.0,6,108,80,197.0,179.5,116.5,8,0.0,0.0,102.5,150.0,590.0,165.0,0.0,0.0,0.0,15.0,0.0,2.5,15.0,0.0,0.0,0.0,2.5,2.5,0.0,155.0,17.5,15.0,15.0,2.5,70.0,5.0,0.0,0.0,20.0,52.5,72.5,0.0,0.0,0.0
2702,8.5,3.0,3,6.0,2.0,48.0,36.0,32.0,17.0,3.0,4.0,30.0,76.0,43,46.0,97.0,158.0,49.0,42.0,4.0,151.0,4,345,57,131.0,174.0,97.0,2,0.0,0.0,0.0,0.0,0.0,150.0,0.0,0.0,0.0,0.0,0.0,0.0,0.0,0.0,0.0,0.0,2.5,0.0,0.0,5.0,0.0,0.0,0.0,0.0,0.0,5.0,0.0,0.0,0.0,0.0,17.5,0.0,0.0,0.0
2703,20.0,3.0,3,1.0,2.0,35.0,30.0,6.0,3.0,2.0,4.0,15.0,51.0,24,22.0,57.5,128.0,26.0,14.0,1.0,55.0,2,83,45,90.0,174.0,71.0,3,0.0,0.0,0.0,0.0,0.0,0.0,0.0,0.0,0.0,0.0,0.0,0.0,0.0,0.0,0.0,0.0,0.0,0.0,0.0,0.0,0.0,0.0,0.0,0.0,0.0,0.0,0.0,0.0,2.5,0.0,2.5,0.0,0.0,0.0
2801,26.5,1.0,4,14.0,31.0,60.0,103.0,30.5,22.0,9.0,22.0,61.0,93.0,65,189.5,339.0,141.0,131.0,112.0,15.0,154.5,7,133,83,270.5,51.0,86.5,25,15.0,0.0,112.5,0.0,187.5,467.5,0.0,15.0,0.0,90.0,15.0,20.0,17.5,0.0,0.0,15.0,0.0,62.5,0.0,117.5,57.5,20.0,0.0,2.5,97.5,77.5,0.0,2.5,132.5,135.0,255.0,0.0,0.0,0.0
2802,25.5,4.0,4,2.0,1.0,17.0,34.0,4.0,4.0,1.0,11.0,5.0,27.0,26,32.0,58.5,77.0,48.0,34.0,8.0,16.0,1,10,37,117.0,19.0,56.0,5,0.0,0.0,2.5,0.0,0.0,0.0,0.0,0.0,0.0,0.0,0.0,0.0,0.0,0.0,0.0,0.0,0.0,2.5,0.0,7.5,0.0,0.0,0.0,0.0,0.0,0.0,0.0,0.0,2.5,0.0,0.0,0.0,0.0,0.0
2803,8.0,4.0,4,2.0,1.0,17.0,34.0,4.0,4.0,1.0,11.0,5.0,27.0,26,32.0,56.0,77.0,48.0,34.0,8.0,16.0,1,10,37,117.0,19.0,56.0,5,0.0,0.0,0.0,0.0,0.0,0.0,0.0,0.0,0.0,0.0,0.0,0.0,0.0,0.0,0.0,0.0,0.0,0.0,0.0,0.0,0.0,0.0,0.0,0.0,0.0,0.0,0.0,0.0,0.0,0.0,0.0,0.0,0.0,0.0
2901,41.0,8.0,2,0.0,6.0,8.0,43.0,7.5,3.0,8.0,13.0,18.0,35.0,20,76.5,56.0,108.0,42.0,31.0,4.0,18.0,1,15,41,203.0,83.0,52.0,10,0.0,0.0,15.0,0.0,0.0,0.0,0.0,0.0,0.0,0.0,0.0,0.0,0.0,0.0,0.0,0.0,0.0,0.0,0.0,5.0,0.0,2.5,0.0,0.0,0.0,2.5,0.0,0.0,2.5,0.0,0.0,0.0,0.0,0.0
2902,25.0,2.0,2,1.0,3.0,6.0,42.0,5.0,4.0,5.0,10.0,17.0,25.0,18,57.0,43.5,80.0,43.0,18.0,4.0,12.0,0,12,38,176.0,115.0,32.0,5,0.0,0.0,5.0,0.0,0.0,0.0,0.0,0.0,0.0,0.0,0.0,0.0,0.0,0.0,0.0,0.0,0.0,0.0,0.0,0.0,0.0,0.0,0.0,0.0,0.0,0.0,0.0,0.0,0.0,0.0,0.0,0.0,0.0,0.0
2903,19.0,2.0,4,1.0,4.0,5.0,36.0,4.0,2.0,9.0,7.0,6.0,20.0,22,51.5,40.5,59.0,25.0,18.0,2.0,17.0,0,7,29,147.0,40.0,31.0,1,0.0,0.0,0.0,0.0,0.0,0.0,0.0,0.0,0.0,0.0,0.0,0.0,0.0,0.0,0.0,0.0,0.0,0.0,0.0,0.0,0.0,0.0,0.0,0.0,0.0,0.0,0.0,0.0,0.0,0.0,0.0,0.0,0.0,0.0
2904,29.0,2.0,2,3.0,4.0,6.0,50.0,3.0,3.0,6.0,8.0,9.0,32.0,18,47.0,46.0,71.0,25.0,21.0,2.0,20.0,0,14,22,198.0,45.0,37.0,6,0.0,0.0,0.0,0.0,0.0,0.0,0.0,0.0,0.0,0.0,0.0,0.0,0.0,0.0,0.0,0.0,0.0,0.0,0.0,0.0,0.0,0.0,0.0,0.0,0.0,0.0,0.0,0.0,0.0,0.0,0.0,0.0,0.0,0.0
2905,19.0,1.0,1,1.0,3.0,3.0,27.0,2.0,2.0,4.0,4.0,3.0,11.0,15,37.0,38.0,48.0,22.0,14.0,2.0,8.0,0,8,18,135.0,38.0,23.0,0,0.0,0.0,0.0,0.0,0.0,0.0,0.0,0.0,0.0,0.0,0.0,0.0,0.0,0.0,0.0,0.0,0.0,0.0,0.0,0.0,0.0,0.0,0.0,0.0,0.0,0.0,0.0,0.0,0.0,0.0,0.0,0.0,0.0,0.0
3001,92.5,1.0,0,4.0,5.0,8.0,42.0,8.0,5.0,3.0,6.0,15.0,46.0,28,60.5,132.5,27.0,35.0,11.0,1.0,37.0,1,50,24,62.0,56.0,37.0,10,0.0,0.0,52.5,0.0,0.0,102.5,0.0,0.0,0.0,0.0,0.0,0.0,0.0,0.0,0.0,0.0,0.0,2.5,0.0,25.0,0.0,0.0,0.0,0.0,5.0,0.0,0.0,2.5,0.0,0.0,17.5,0.0,0.0,0.0
3002,39.5,4.0,1,3.0,0.0,20.0,22.0,6.0,3.0,3.0,9.0,5.0,16.0,10,63.5,27.0,48.0,29.0,5.0,0.0,11.0,0,12,31,102.0,77.0,34.0,3,0.0,0.0,0.0,0.0,0.0,0.0,0.0,0.0,0.0,0.0,0.0,0.0,0.0,0.0,0.0,0.0,0.0,0.0,0.0,0.0,0.0,0.0,0.0,2.5,0.0,0.0,0.0,0.0,0.0,0.0,0.0,0.0,0.0,0.0
3003,2.0,4.0,1,3.0,0.0,20.0,22.0,6.0,3.0,3.0,9.0,5.0,16.0,10,26.0,27.0,48.0,29.0,5.0,0.0,11.0,0,12,31,102.0,77.0,34.0,3,0.0,0.0,0.0,0.0,0.0,0.0,0.0,0.0,0.0,0.0,0.0,0.0,0.0,0.0,0.0,0.0,0.0,0.0,0.0,0.0,0.0,0.0,0.0,0.0,0.0,0.0,0.0,0.0,0.0,0.0,0.0,0.0,0.0,0.0
3101,3.0,1.0,1,4.0,2.0,32.0,27.0,8.0,2.0,2.0,2.0,9.0,30.0,7,50.5,64.5,41.0,19.0,11.0,5.0,16.0,1,0,12,82.0,32.0,22.0,1,0.0,0.0,55.0,0.0,0.0,0.0,0.0,0.0,0.0,0.0,0.0,0.0,0.0,0.0,0.0,0.0,0.0,0.0,0.0,2.5,0.0,0.0,0.0,2.5,17.5,0.0,0.0,0.0,0.0,0.0,2.5,0.0,0.0,0.0
3102,1.0,1.0,1,2.0,1.0,41.0,9.0,1.0,3.0,1.0,3.0,2.0,8.0,4,7.0,41.0,63.0,14.0,10.0,2.0,9.0,0,2,11,55.0,80.0,16.0,2,0.0,0.0,15.0,0.0,0.0,0.0,0.0,0.0,0.0,0.0,0.0,0.0,0.0,0.0,0.0,0.0,0.0,0.0,0.0,0.0,0.0,0.0,0.0,0.0,0.0,0.0,0.0,0.0,0.0,0.0,0.0,0.0,0.0,0.0
3103,1.0,1.0,1,2.0,1.0,41.0,9.0,1.0,3.0,1.0,3.0,2.0,8.0,4,7.0,41.0,63.0,14.0,10.0,2.0,9.0,0,2,11,55.0,80.0,16.0,2,0.0,0.0,0.0,0.0,0.0,0.0,0.0,0.0,0.0,0.0,0.0,0.0,0.0,0.0,0.0,0.0,0.0,0.0,0.0,0.0,0.0,0.0,0.0,0.0,0.0,0.0,0.0,0.0,0.0,0.0,0.0,0.0,0.0,0.0
3201,786.5,9.0,60,73.0,442.0,590.5,524.0,1147.5,530.5,318.0,206.0,976.0,1438.0,677,2137.5,4275.0,64.0,542.0,695.5,117.0,1275.0,22,475,562,1704.5,373.5,371.0,213,0.0,5.0,955.0,0.0,647.5,442.5,240.0,107.5,265.0,182.5,112.5,167.5,72.5,32.5,0.0,1082.5,217.5,775.0,0.0,935.0,450.0,352.5,40.0,685.0,560.0,645.0,92.5,67.5,682.5,507.5,885.0,2.5,0.0,0.0
3202,156.5,2.0,23,45.0,165.0,515.5,185.0,1379.0,187.5,25.0,37.5,385.0,506.0,279,2591.5,1587.0,111.5,240.0,331.0,52.5,404.0,3,189,260,856.5,23.5,401.5,85,0.0,15.0,527.5,87.5,140.0,50.0,40.0,130.0,212.5,680.0,382.5,120.0,50.0,0.0,0.0,132.5,20.0,485.0,0.0,830.0,150.0,17.5,15.0,77.5,82.5,42.5,0.0,22.5,132.5,130.0,270.0,2.5,0.0,0.0
3203,502.0,6.0,13,36.5,165.0,697.5,268.5,1566.0,466.0,51.5,72.0,267.0,461.0,273,1348.0,2230.0,212.0,326.5,334.5,36.0,1490.0,6,189,246,1374.0,143.5,367.5,90,15.0,17.5,990.0,0.0,647.5,110.0,60.0,155.0,682.5,332.5,282.5,432.5,67.5,2.5,0.0,190.0,247.5,1467.5,0.0,1497.5,405.0,697.5,137.5,435.0,410.0,837.5,2.5,42.5,547.5,90.0,510.0,2.5,0.0,0.0
3204,185.0,2.0,3,1.0,44.5,14.0,41.0,287.0,168.5,306.0,12.0,35.0,62.0,34,171.0,222.0,18.0,162.5,52.0,21.0,101.0,3,145,58,242.0,5.0,40.0,23,0.0,0.0,170.0,0.0,490.0,0.0,187.5,0.0,55.0,2.5,2.5,90.0,0.0,0.0,20.0,302.5,2.5,5.0,0.0,55.0,175.0,12.5,102.5,282.5,37.5,70.0,0.0,0.0,97.5,87.5,17.5,0.0,0.0,0.0
3205,28.0,1.0,1,1.0,0.0,4.0,12.0,3.0,2.0,2.0,4.0,7.0,14.0,13,31.0,28.0,33.0,32.0,15.0,3.0,14.0,1,19,33,97.0,21.0,27.0,12,0.0,0.0,0.0,0.0,0.0,0.0,0.0,0.0,0.0,0.0,0.0,0.0,0.0,0.0,0.0,0.0,0.0,0.0,0.0,0.0,0.0,0.0,0.0,0.0,0.0,0.0,0.0,0.0,0.0,0.0,0.0,0.0,0.0,0.0
3206,53.0,0.0,9,11.0,22.0,27.0,83.0,41.0,48.0,10.0,32.0,95.0,171.0,141,266.5,298.5,28.0,186.0,149.0,42.0,148.0,4,167,196,610.0,3.0,171.0,77,0.0,0.0,87.5,0.0,0.0,90.0,37.5,0.0,0.0,0.0,0.0,0.0,0.0,0.0,0.0,0.0,0.0,15.0,0.0,0.0,0.0,0.0,15.0,0.0,0.0,0.0,0.0,0.0,0.0,0.0,325.0,0.0,0.0,0.0
3207,41.0,2.0,1,2.0,4.0,5.0,25.0,16.0,4.0,8.0,7.0,17.0,36.0,25,36.0,90.0,35.0,57.0,35.0,4.0,104.5,1,22,42,136.0,17.0,44.0,14,0.0,0.0,0.0,0.0,0.0,0.0,0.0,0.0,0.0,0.0,0.0,0.0,0.0,0.0,0.0,0.0,0.0,0.0,0.0,0.0,0.0,0.0,0.0,0.0,0.0,0.0,0.0,0.0,0.0,0.0,0.0,0.0,0.0,0.0
