mun,1,2,3,11,12,13,14,21,22,23,24,25,26,31,32,33,34,35,36,43,44,53,54,74,75,92,93,94,95,96,10,15,16,17,18,19,20,27,28,29,30,40,5
101,0.0372352321012,0.00020766109709,0.0063416504265,0.0021325197278,0.00563879748251,0.0129069358806,0.0161416568161,0.0192326123766,0.0751094214242,0.0218363630555,0.0706766556979,0.0247915402064,0.0274272387464,0.0212613015559,0.00685281620396,0.0368278968723,0.00957637136194,0.00594230216287,0.0176671671832,0.0100955241047,0.00415322194179,0.0034184211367,0.0184498897799,0.233179451136,0.011980447909,0.0403820964186,0.0281141177598,0.000575061499633,0.000527139707997,0.0133542059359,0.00311491645634,0.0847816363694,0.00287530749816,0.0207261748826,0.0154148429763,0.00666911600268,0.00483211398997,0.0170521708572,0.0183300853008,0.00798696527267,0.000399348263634,0.035502060637,0.000279543784544
201,0.106303418803,0.0,0.0235042735043,0.00961538461538,0.00213675213675,0.0224358974359,0.00854700854701,0.0160256410256,0.0438034188034,0.116452991453,0.0192307692308,0.00213675213675,0.0208333333333,0.0181623931624,0.0277777777778,0.0523504273504,0.0128205128205,0.0042735042735,0.0149572649573,0.0235042735043,0.00747863247863,0.00854700854701,0.0844017094017,0.0181623931624,0.0576923076923,0.0715811965812,0.100427350427,0.00213675213675,0.0042735042735,0.0416666666667,0.0,0.0587606837607,0.0,0.0,0.0,0.0,0.0,0.0,0.0,0.0,0.0,0.0,0.0
202,0.0,0.00487804878049,0.0,0.0146341463415,0.00487804878049,0.00487804878049,0.0,0.00487804878049,0.00487804878049,0.0780487804878,0.0292682926829,0.0,0.00975609756098,0.019512195122,0.019512195122,0.019512195122,0.00975609756098,0.00487804878049,0.00975609756098,0.0146341463415,0.0146341463415,0.0146341463415,0.126829268293,0.00487804878049,0.0926829268293,0.336585365854,0.0975609756098,0.0,0.0,0.0585365853659,0.0,0.0,0.0,0.0,0.0,0.0,0.0,0.0,0.0,0.0,0.0,0.0,0.0
203,0.00531914893617,0.0106382978723,0.101063829787,0.0265957446809,0.0,0.00531914893617,0.0106382978723,0.0106382978723,0.0106382978723,0.122340425532,0.0,0.0,0.0,0.0212765957447,0.063829787234,0.0212765957447,0.00531914893617,0.0,0.0159574468085,0.0212765957447,0.00531914893617,0.0106382978723,0.0957446808511,0.0106382978723,0.0531914893617,0.228723404255,0.0691489361702,0.0,0.0,0.0744680851064,0.0,0.0,0.0,0.0,0.0,0.0,0.0,0.0,0.0,0.0,0.0,0.0,0.0
204,0.00335570469799,0.0,0.00671140939597,0.0134228187919,0.0,0.010067114094,0.010067114094,0.0134228187919,0.00335570469799,0.120805369128,0.010067114094,0.0,0.010067114094,0.0335570469799,0.0369127516779,0.0201342281879,0.0167785234899,0.00671140939597,0.0234899328859,0.0201342281879,0.00671140939597,0.010067114094,0.120805369128,0.0201342281879,0.0302013422819,0.328859060403,0.0704697986577,0.0,0.0,0.0536912751678,0.0,0.0,0.0,0.0,0.0,0.0,0.0,0.0,0.0,0.0,0.0,0.0,0.0
205,0.0,0.00487804878049,0.0,0.0146341463415,0.00487804878049,0.00487804878049,0.0,0.00487804878049,0.00487804878049,0.0780487804878,0.0292682926829,0.0,0.00975609756098,0.019512195122,0.019512195122,0.019512195122,0.00975609756098,0.00487804878049,0.00975609756098,0.0146341463415,0.0146341463415,0.0146341463415,0.126829268293,0.00487804878049,0.0926829268293,0.336585365854,0.0975609756098,0.0,0.0,0.0585365853659,0.0,0.0,0.0,0.0,0.0,0.0,0.0,0.0,0.0,0.0,0.0,0.0,0.0
206,0.00335570469799,0.0,0.00671140939597,0.0134228187919,0.0,0.010067114094,0.010067114094,0.0134228187919,0.00335570469799,0.120805369128,0.010067114094,0.0,0.010067114094,0.0335570469799,0.0369127516779,0.0201342281879,0.0167785234899,0.00671140939597,0.0234899328859,0.0201342281879,0.00671140939597,0.010067114094,0.120805369128,0.0201342281879,0.0302013422819,0.328859060403,0.0704697986577,0.0,0.0,0.0536912751678,0.0,0.0,0.0,0.0,0.0,0.0,0.0,0.0,0.0,0.0,0.0,0.0,0.0
207,0.00259403372244,0.0,0.0285343709468,0.011673151751,0.00259403372244,0.0272373540856,0.0103761348898,0.0194552529183,0.05317769131,0.141374837873,0.0233463035019,0.00259403372244,0.0220492866407,0.0220492866407,0.0337224383917,0.0635538261997,0.0155642023346,0.00518806744488,0.0181582360571,0.0285343709468,0.00907911802853,0.0103761348898,0.102464332036,0.0220492866407,0.0700389105058,0.0739299610895,0.121919584955,0.00259403372244,0.00518806744488,0.0505836575875,0.0,0.0,0.0,0.0,0.0,0.0,0.0,0.0,0.0,0.0,0.0,0.0,0.0
208,0.00531914893617,0.0106382978723,0.101063829787,0.0265957446809,0.0,0.00531914893617,0.0106382978723,0.0106382978723,0.0106382978723,0.122340425532,0.0,0.0,0.0,0.0212765957447,0.063829787234,0.0212765957447,0.00531914893617,0.0,0.0159574468085,0.0212765957447,0.00531914893617,0.0106382978723,0.0957446808511,0.0106382978723,0.0531914893617,0.228723404255,0.0691489361702,0.0,0.0,0.0744680851064,0.0,0.0,0.0,0.0,0.0,0.0,0.0,0.0,0.0,0.0,0.0,0.0,0.0
209,0.00531914893617,0.0106382978723,0.101063829787,0.0265957446809,0.0,0.00531914893617,0.0106382978723,0.0106382978723,0.0106382978723,0.122340425532,0.0,0.0,0.0,0.0212765957447,0.063829787234,0.0212765957447,0.00531914893617,0.0,0.0159574468085,0.0212765957447,0.00531914893617,0.0106382978723,0.0957446808511,0.0106382978723,0.0531914893617,0.228723404255,0.0691489361702,0.0,0.0,0.0744680851064,0.0,0.0,0.0,0.0,0.0,0.0,0.0,0.0,0.0,0.0,0.0,0.0,0.0
210,0.0,0.00487804878049,0.0,0.0146341463415,0.00487804878049,0.00487804878049,0.0,0.00487804878049,0.00487804878049,0.0780487804878,0.0292682926829,0.0,0.00975609756098,0.019512195122,0.019512195122,0.019512195122,0.00975609756098,0.00487804878049,0.00975609756098,0.0146341463415,0.0146341463415,0.0146341463415,0.126829268293,0.00487804878049,0.0926829268293,0.336585365854,0.0975609756098,0.0,0.0,0.0585365853659,0.0,0.0,0.0,0.0,0.0,0.0,0.0,0.0,0.0,0.0,0.0,0.0,0.0
301,0.0786308973173,0.0,0.099907493062,0.00740055504163,0.00370027752081,0.0111008325624,0.00555041628122,0.0148011100833,0.0351526364477,0.146160962072,0.00925069380204,0.0,0.00925069380204,0.0166512488437,0.0518038852914,0.0333024976873,0.0185013876041,0.00370027752081,0.0370027752081,0.00925069380204,0.00555041628122,0.00555041628122,0.149861239593,0.0111008325624,0.0296022201665,0.0943570767808,0.0444033302498,0.0,0.00185013876041,0.0666049953747,0.0,0.0,0.0,0.0,0.0,0.0,0.0,0.0,0.0,0.0,0.0,0.0,0.0
302,0.00994035785288,0.0,0.107355864811,0.00795228628231,0.00397614314115,0.0119284294235,0.00596421471173,0.0159045725646,0.037773359841,0.157057654076,0.00994035785288,0.0,0.00994035785288,0.0178926441352,0.0556660039761,0.0357852882704,0.0198807157058,0.00397614314115,0.0397614314115,0.00994035785288,0.00596421471173,0.00596421471173,0.161033797217,0.0119284294235,0.0318091451292,0.101391650099,0.0477137176938,0.0,0.00198807157058,0.0715705765408,0.0,0.0,0.0,0.0,0.0,0.0,0.0,0.0,0.0,0.0,0.0,0.0,0.0
303,0.0,0.0,0.0643564356436,0.00990099009901,0.0,0.00990099009901,0.0148514851485,0.0,0.0049504950495,0.148514851485,0.0049504950495,0.0049504950495,0.0,0.00990099009901,0.0693069306931,0.029702970297,0.019801980198,0.0049504950495,0.019801980198,0.00990099009901,0.0247524752475,0.0,0.128712871287,0.0346534653465,0.0049504950495,0.257425742574,0.0544554455446,0.0049504950495,0.0,0.0643564356436,0.0,0.0,0.0,0.0,0.0,0.0,0.0,0.0,0.0,0.0,0.0,0.0,0.0
304,0.00994035785288,0.0,0.107355864811,0.00795228628231,0.00397614314115,0.0119284294235,0.00596421471173,0.0159045725646,0.037773359841,0.157057654076,0.00994035785288,0.0,0.00994035785288,0.0178926441352,0.0556660039761,0.0357852882704,0.0198807157058,0.00397614314115,0.0397614314115,0.00994035785288,0.00596421471173,0.00596421471173,0.161033797217,0.0119284294235,0.0318091451292,0.101391650099,0.0477137176938,0.0,0.00198807157058,0.0715705765408,0.0,0.0,0.0,0.0,0.0,0.0,0.0,0.0,0.0,0.0,0.0,0.0,0.0
305,0.00994035785288,0.0,0.107355864811,0.00795228628231,0.00397614314115,0.0119284294235,0.00596421471173,0.0159045725646,0.037773359841,0.157057654076,0.00994035785288,0.0,0.00994035785288,0.0178926441352,0.0556660039761,0.0357852882704,0.0198807157058,0.00397614314115,0.0397614314115,0.00994035785288,0.00596421471173,0.00596421471173,0.161033797217,0.0119284294235,0.0318091451292,0.101391650099,0.0477137176938,0.0,0.00198807157058,0.0715705765408,0.0,0.0,0.0,0.0,0.0,0.0,0.0,0.0,0.0,0.0,0.0,0.0,0.0
401,0.065923566879,0.0,0.0452229299363,0.00445859872611,0.00127388535032,0.0171974522293,0.00828025477707,0.0165605095541,0.0369426751592,0.0745222929936,0.0200636942675,0.00191082802548,0.0652866242038,0.0286624203822,0.0356687898089,0.0254777070064,0.00891719745223,0.00509554140127,0.0200636942675,0.015923566879,0.00509554140127,0.00573248407643,0.105732484076,0.0226114649682,0.0433121019108,0.034076433121,0.0503184713376,0.00191082802548,0.0,0.0394904458599,0.0,0.0987261146497,0.0,0.0,0.0955414012739,0.0,0.0,0.0,0.0,0.0,0.0,0.0,0.0
402,0.0,0.00890868596882,0.0712694877506,0.00890868596882,0.00890868596882,0.022271714922,0.00445434298441,0.0133630289532,0.022271714922,0.155902004454,0.00890868596882,0.0,0.0178173719376,0.0400890868597,0.0623608017817,0.0400890868597,0.022271714922,0.00890868596882,0.0400890868597,0.00445434298441,0.0,0.00445434298441,0.164810690423,0.0178173719376,0.022271714922,0.11135857461,0.0623608017817,0.0,0.0,0.0445434298441,0.0,0.011135857461,0.0,0.0,0.0,0.0,0.0,0.0,0.0,0.0,0.0,0.0,0.0
403,0.0,0.0,0.00512820512821,0.0153846153846,0.0,0.0461538461538,0.0,0.00512820512821,0.0102564102564,0.102564102564,0.0,0.0,0.0102564102564,0.025641025641,0.0358974358974,0.0307692307692,0.00512820512821,0.00512820512821,0.0205128205128,0.0153846153846,0.00512820512821,0.0153846153846,0.133333333333,0.0,0.0461538461538,0.307692307692,0.0410256410256,0.0,0.0,0.117948717949,0.0,0.0,0.0,0.0,0.0,0.0,0.0,0.0,0.0,0.0,0.0,0.0,0.0
404,0.0,0.0,0.00512820512821,0.0153846153846,0.0,0.0461538461538,0.0,0.00512820512821,0.0102564102564,0.102564102564,0.0,0.0,0.0102564102564,0.025641025641,0.0358974358974,0.0307692307692,0.00512820512821,0.00512820512821,0.0205128205128,0.0153846153846,0.00512820512821,0.0153846153846,0.133333333333,0.0,0.0461538461538,0.307692307692,0.0410256410256,0.0,0.0,0.117948717949,0.0,0.0,0.0,0.0,0.0,0.0,0.0,0.0,0.0,0.0,0.0,0.0,0.0
405,0.0,0.0,0.0939226519337,0.0220994475138,0.0,0.0220994475138,0.00552486187845,0.00552486187845,0.00552486187845,0.127071823204,0.0276243093923,0.0,0.0165745856354,0.0165745856354,0.0331491712707,0.0220994475138,0.0220994475138,0.0,0.0276243093923,0.0110497237569,0.0,0.00552486187845,0.182320441989,0.0276243093923,0.0331491712707,0.104972375691,0.0939226519337,0.0,0.00552486187845,0.0883977900552,0.0,0.0,0.0,0.0,0.0,0.0,0.0,0.0,0.0,0.0,0.0,0.0,0.0
406,0.000956937799043,0.0,0.0679425837321,0.0066985645933,0.00191387559809,0.0258373205742,0.0124401913876,0.0248803827751,0.0507177033493,0.111961722488,0.0277511961722,0.00287081339713,0.0143540669856,0.0430622009569,0.0535885167464,0.0382775119617,0.0133971291866,0.00765550239234,0.0133971291866,0.0239234449761,0.00765550239234,0.00861244019139,0.158851674641,0.0315789473684,0.0650717703349,0.0488038277512,0.0755980861244,0.00287081339713,0.0,0.0593301435407,0.0,0.0,0.0,0.0,0.0,0.0,0.0,0.0,0.0,0.0,0.0,0.0,0.0
407,0.000956937799043,0.0,0.0679425837321,0.0066985645933,0.00191387559809,0.0258373205742,0.0124401913876,0.0248803827751,0.0507177033493,0.111961722488,0.0277511961722,0.00287081339713,0.0143540669856,0.0430622009569,0.0535885167464,0.0382775119617,0.0133971291866,0.00765550239234,0.0133971291866,0.0239234449761,0.00765550239234,0.00861244019139,0.158851674641,0.0315789473684,0.0650717703349,0.0488038277512,0.0755980861244,0.00287081339713,0.0,0.0593301435407,0.0,0.0,0.0,0.0,0.0,0.0,0.0,0.0,0.0,0.0,0.0,0.0,0.0
408,0.000956937799043,0.0,0.0679425837321,0.0066985645933,0.00191387559809,0.0258373205742,0.0124401913876,0.0248803827751,0.0507177033493,0.111961722488,0.0277511961722,0.00287081339713,0.0143540669856,0.0430622009569,0.0535885167464,0.0382775119617,0.0133971291866,0.00765550239234,0.0133971291866,0.0239234449761,0.00765550239234,0.00861244019139,0.158851674641,0.0315789473684,0.0650717703349,0.0488038277512,0.0755980861244,0.00287081339713,0.0,0.0593301435407,0.0,0.0,0.0,0.0,0.0,0.0,0.0,0.0,0.0,0.0,0.0,0.0,0.0
409,0.0,0.00900900900901,0.0720720720721,0.00900900900901,0.00900900900901,0.0225225225225,0.0045045045045,0.0135135135135,0.0225225225225,0.157657657658,0.00900900900901,0.0,0.018018018018,0.0405405405405,0.0630630630631,0.0405405405405,0.0225225225225,0.00900900900901,0.0405405405405,0.0045045045045,0.0,0.0045045045045,0.166666666667,0.018018018018,0.0225225225225,0.112612612613,0.0630630630631,0.0,0.0,0.045045045045,0.0,0.0,0.0,0.0,0.0,0.0,0.0,0.0,0.0,0.0,0.0,0.0,0.0
410,0.0,0.00900900900901,0.0720720720721,0.00900900900901,0.00900900900901,0.0225225225225,0.0045045045045,0.0135135135135,0.0225225225225,0.157657657658,0.00900900900901,0.0,0.018018018018,0.0405405405405,0.0630630630631,0.0405405405405,0.0225225225225,0.00900900900901,0.0405405405405,0.0045045045045,0.0,0.0045045045045,0.166666666667,0.018018018018,0.0225225225225,0.112612612613,0.0630630630631,0.0,0.0,0.045045045045,0.0,0.0,0.0,0.0,0.0,0.0,0.0,0.0,0.0,0.0,0.0,0.0,0.0
411,0.0,0.0,0.0939226519337,0.0220994475138,0.0,0.0220994475138,0.00552486187845,0.00552486187845,0.00552486187845,0.127071823204,0.0276243093923,0.0,0.0165745856354,0.0165745856354,0.0331491712707,0.0220994475138,0.0220994475138,0.0,0.0276243093923,0.0110497237569,0.0,0.00552486187845,0.182320441989,0.0276243093923,0.0331491712707,0.104972375691,0.0939226519337,0.0,0.00552486187845,0.0883977900552,0.0,0.0,0.0,0.0,0.0,0.0,0.0,0.0,0.0,0.0,0.0,0.0,0.0
501,0.010854816825,0.0,0.0841248303935,0.010854816825,0.00271370420624,0.0298507462687,0.0135685210312,0.0244233378562,0.0407055630936,0.089552238806,0.0135685210312,0.0,0.0135685210312,0.0461329715061,0.0407055630936,0.0461329715061,0.0271370420624,0.00814111261872,0.0135685210312,0.0217096336499,0.010854816825,0.00271370420624,0.0922659430122,0.0176390773406,0.0515603799186,0.0542740841248,0.0949796472185,0.00271370420624,0.0,0.0814111261872,0.0,0.0542740841248,0.0,0.0,0.0,0.0,0.0,0.0,0.0,0.0,0.0,0.0,0.0
502,0.00280112044818,0.00280112044818,0.0588235294118,0.0168067226891,0.00840336134454,0.0336134453782,0.00560224089636,0.0112044817927,0.0280112044818,0.12324929972,0.00280112044818,0.0,0.0112044817927,0.0336134453782,0.0504201680672,0.0420168067227,0.0168067226891,0.00560224089636,0.0224089635854,0.0168067226891,0.0112044817927,0.0112044817927,0.131652661064,0.0140056022409,0.0588235294118,0.151260504202,0.0728291316527,0.0,0.0,0.0560224089636,0.0,0.0,0.0,0.0,0.0,0.0,0.0,0.0,0.0,0.0,0.0,0.0,0.0
503,0.00280112044818,0.00280112044818,0.0588235294118,0.0168067226891,0.00840336134454,0.0336134453782,0.00560224089636,0.0112044817927,0.0280112044818,0.12324929972,0.00280112044818,0.0,0.0112044817927,0.0336134453782,0.0504201680672,0.0420168067227,0.0168067226891,0.00560224089636,0.0224089635854,0.0168067226891,0.0112044817927,0.0112044817927,0.131652661064,0.0140056022409,0.0588235294118,0.151260504202,0.0728291316527,0.0,0.0,0.0560224089636,0.0,0.0,0.0,0.0,0.0,0.0,0.0,0.0,0.0,0.0,0.0,0.0,0.0
504,0.00280112044818,0.00280112044818,0.0588235294118,0.0168067226891,0.00840336134454,0.0336134453782,0.00560224089636,0.0112044817927,0.0280112044818,0.12324929972,0.00280112044818,0.0,0.0112044817927,0.0336134453782,0.0504201680672,0.0420168067227,0.0168067226891,0.00560224089636,0.0224089635854,0.0168067226891,0.0112044817927,0.0112044817927,0.131652661064,0.0140056022409,0.0588235294118,0.151260504202,0.0728291316527,0.0,0.0,0.0560224089636,0.0,0.0,0.0,0.0,0.0,0.0,0.0,0.0,0.0,0.0,0.0,0.0,0.0
505,0.00280112044818,0.00280112044818,0.0588235294118,0.0168067226891,0.00840336134454,0.0336134453782,0.00560224089636,0.0112044817927,0.0280112044818,0.12324929972,0.00280112044818,0.0,0.0112044817927,0.0336134453782,0.0504201680672,0.0420168067227,0.0168067226891,0.00560224089636,0.0224089635854,0.0168067226891,0.0112044817927,0.0112044817927,0.131652661064,0.0140056022409,0.0588235294118,0.151260504202,0.0728291316527,0.0,0.0,0.0560224089636,0.0,0.0,0.0,0.0,0.0,0.0,0.0,0.0,0.0,0.0,0.0,0.0,0.0
601,0.107626980238,0.000326637269312,0.00489955903969,0.00359300996244,0.0026130981545,0.0173117752736,0.0127388535032,0.0111056671566,0.0416462518373,0.0738200228646,0.015678588927,0.00653274538625,0.0117589416952,0.0205781479667,0.041809570472,0.041319614568,0.0166585007349,0.00653274538625,0.00963579944472,0.0111056671566,0.005226196309,0.0101257553487,0.0708802874408,0.0481789972236,0.0653274538625,0.0463824922424,0.0538951494366,0.00195982361587,0.00359300996244,0.0362567368937,0.0,0.111056671566,0.0,0.0612444879961,0.0130654907725,0.0,0.0,0.00489955903969,0.00489955903969,0.000816593173281,0.0,0.00489955903969,0.0
602,0.0,0.0,0.0128865979381,0.00773195876289,0.00257731958763,0.0154639175258,0.00515463917526,0.00515463917526,0.0128865979381,0.105670103093,0.00773195876289,0.0,0.00773195876289,0.0257731958763,0.0463917525773,0.0128865979381,0.00257731958763,0.00257731958763,0.00257731958763,0.00515463917526,0.00773195876289,0.0128865979381,0.100515463918,0.0,0.0438144329897,0.45618556701,0.0618556701031,0.00257731958763,0.0,0.0335051546392,0.0,0.0,0.0,0.0,0.0,0.0,0.0,0.0,0.0,0.0,0.0,0.0,0.0
603,0.0,0.0,0.00512820512821,0.00512820512821,0.0,0.0153846153846,0.0102564102564,0.0153846153846,0.0102564102564,0.184615384615,0.0,0.0,0.00512820512821,0.0153846153846,0.0461538461538,0.0307692307692,0.0205128205128,0.0,0.0410256410256,0.0,0.00512820512821,0.0205128205128,0.0769230769231,0.0102564102564,0.0461538461538,0.353846153846,0.0358974358974,0.0,0.0,0.0461538461538,0.0,0.0,0.0,0.0,0.0,0.0,0.0,0.0,0.0,0.0,0.0,0.0,0.0
604,0.0,0.0,0.0,0.003125,0.0,0.01875,0.015625,0.021875,0.025,0.075,0.015625,0.0,0.015625,0.053125,0.05,0.0125,0.021875,0.00625,0.009375,0.021875,0.003125,0.028125,0.084375,0.04375,0.040625,0.284375,0.096875,0.00625,0.0,0.046875,0.0,0.0,0.0,0.0,0.0,0.0,0.0,0.0,0.0,0.0,0.0,0.0,0.0
605,0.0,0.0,0.0128040973111,0.00768245838668,0.00256081946223,0.0153649167734,0.00512163892446,0.00512163892446,0.0128040973111,0.104993597951,0.00768245838668,0.0,0.00768245838668,0.0256081946223,0.0460947503201,0.0128040973111,0.00256081946223,0.00256081946223,0.00256081946223,0.00512163892446,0.00768245838668,0.0128040973111,0.0998719590269,0.0,0.0435339308579,0.453265044814,0.0614596670935,0.00256081946223,0.0,0.033290653009,0.0,0.00640204865557,0.0,0.0,0.0,0.0,0.0,0.0,0.0,0.0,0.0,0.0,0.0
606,0.0,0.0,0.0,0.003125,0.0,0.01875,0.015625,0.021875,0.025,0.075,0.015625,0.0,0.015625,0.053125,0.05,0.0125,0.021875,0.00625,0.009375,0.021875,0.003125,0.028125,0.084375,0.04375,0.040625,0.284375,0.096875,0.00625,0.0,0.046875,0.0,0.0,0.0,0.0,0.0,0.0,0.0,0.0,0.0,0.0,0.0,0.0,0.0
607,0.0,0.0,0.00512820512821,0.00512820512821,0.0,0.0153846153846,0.0102564102564,0.0153846153846,0.0102564102564,0.184615384615,0.0,0.0,0.00512820512821,0.0153846153846,0.0461538461538,0.0307692307692,0.0205128205128,0.0,0.0410256410256,0.0,0.00512820512821,0.0205128205128,0.0769230769231,0.0102564102564,0.0461538461538,0.353846153846,0.0358974358974,0.0,0.0,0.0461538461538,0.0,0.0,0.0,0.0,0.0,0.0,0.0,0.0,0.0,0.0,0.0,0.0,0.0
701,0.00373134328358,0.0,0.160447761194,0.0410447761194,0.0,0.0186567164179,0.00373134328358,0.0261194029851,0.0186567164179,0.171641791045,0.00373134328358,0.0,0.00373134328358,0.0111940298507,0.0522388059701,0.044776119403,0.00746268656716,0.00746268656716,0.0373134328358,0.0111940298507,0.00373134328358,0.00373134328358,0.119402985075,0.0149253731343,0.0149253731343,0.111940298507,0.0373134328358,0.0,0.0,0.0708955223881,0.0,0.0,0.0,0.0,0.0,0.0,0.0,0.0,0.0,0.0,0.0,0.0,0.0
702,0.00373134328358,0.0,0.160447761194,0.0410447761194,0.0,0.0186567164179,0.00373134328358,0.0261194029851,0.0186567164179,0.171641791045,0.00373134328358,0.0,0.00373134328358,0.0111940298507,0.0522388059701,0.044776119403,0.00746268656716,0.00746268656716,0.0373134328358,0.0111940298507,0.00373134328358,0.00373134328358,0.119402985075,0.0149253731343,0.0149253731343,0.111940298507,0.0373134328358,0.0,0.0,0.0708955223881,0.0,0.0,0.0,0.0,0.0,0.0,0.0,0.0,0.0,0.0,0.0,0.0,0.0
703,0.0,0.0,0.0366972477064,0.0366972477064,0.00917431192661,0.0275229357798,0.0,0.0,0.00917431192661,0.174311926606,0.0,0.0,0.00917431192661,0.0,0.100917431193,0.0275229357798,0.0183486238532,0.00917431192661,0.045871559633,0.0275229357798,0.00917431192661,0.0183486238532,0.128440366972,0.0183486238532,0.0183486238532,0.110091743119,0.0642201834862,0.0,0.0,0.100917431193,0.0,0.0,0.0,0.0,0.0,0.0,0.0,0.0,0.0,0.0,0.0,0.0,0.0
704,0.0,0.0,0.0366972477064,0.0366972477064,0.00917431192661,0.0275229357798,0.0,0.0,0.00917431192661,0.174311926606,0.0,0.0,0.00917431192661,0.0,0.100917431193,0.0275229357798,0.0183486238532,0.00917431192661,0.045871559633,0.0275229357798,0.00917431192661,0.0183486238532,0.128440366972,0.0183486238532,0.0183486238532,0.110091743119,0.0642201834862,0.0,0.0,0.100917431193,0.0,0.0,0.0,0.0,0.0,0.0,0.0,0.0,0.0,0.0,0.0,0.0,0.0
705,0.00373134328358,0.0,0.160447761194,0.0410447761194,0.0,0.0186567164179,0.00373134328358,0.0261194029851,0.0186567164179,0.171641791045,0.00373134328358,0.0,0.00373134328358,0.0111940298507,0.0522388059701,0.044776119403,0.00746268656716,0.00746268656716,0.0373134328358,0.0111940298507,0.00373134328358,0.00373134328358,0.119402985075,0.0149253731343,0.0149253731343,0.111940298507,0.0373134328358,0.0,0.0,0.0708955223881,0.0,0.0,0.0,0.0,0.0,0.0,0.0,0.0,0.0,0.0,0.0,0.0,0.0
706,0.0,0.0,0.0366972477064,0.0366972477064,0.00917431192661,0.0275229357798,0.0,0.0,0.00917431192661,0.174311926606,0.0,0.0,0.00917431192661,0.0,0.100917431193,0.0275229357798,0.0183486238532,0.00917431192661,0.045871559633,0.0275229357798,0.00917431192661,0.0183486238532,0.128440366972,0.0183486238532,0.0183486238532,0.110091743119,0.0642201834862,0.0,0.0,0.100917431193,0.0,0.0,0.0,0.0,0.0,0.0,0.0,0.0,0.0,0.0,0.0,0.0,0.0
801,0.000894054537327,0.0,0.00625838176129,0.00447027268663,0.00178810907465,0.00983459991059,0.00894054537327,0.00357621814931,0.00715243629861,0.0482789450156,0.00357621814931,0.00178810907465,0.0120697362539,0.0143048725972,0.0169870362092,0.0134108180599,0.00625838176129,0.00357621814931,0.0125167635226,0.00804649083594,0.00357621814931,0.0169870362092,0.041126508717,0.00894054537327,0.0447027268663,0.425569959768,0.051855163165,0.00178810907465,0.0,0.0250335270451,0.0,0.149754135002,0.0,0.0469378632097,0.0,0.0,0.0,0.0,0.0,0.0,0.0,0.0,0.0
802,0.0,0.0,0.0135593220339,0.0,0.0,0.0203389830508,0.0,0.0,0.0135593220339,0.0542372881356,0.0,0.0,0.0135593220339,0.0135593220339,0.0406779661017,0.0135593220339,0.0203389830508,0.00677966101695,0.0203389830508,0.0135593220339,0.00677966101695,0.0338983050847,0.149152542373,0.0237288135593,0.101694915254,0.332203389831,0.0406779661017,0.0,0.00677966101695,0.0610169491525,0.0,0.0,0.0,0.0,0.0,0.0,0.0,0.0,0.0,0.0,0.0,0.0,0.0
901,0.0899641133523,0.000494988244029,0.00321742358619,0.0017324588541,0.00296992946418,0.0101472590026,0.0121272119787,0.00866229427051,0.0199232768222,0.0475188714268,0.0476426184878,0.000742482366044,0.00915728251454,0.0469001361218,0.0207895062492,0.0274718475436,0.00903353545353,0.00470238831828,0.0251206533845,0.0230169533474,0.00445489419626,0.00890978839253,0.0413315183764,0.0154683826259,0.128696943448,0.0581611186734,0.050983789135,0.00123747061007,0.00321742358619,0.0274718475436,0.0,0.0928102957555,0.00371241183022,0.0624922658087,0.0723920306893,0.00804355896547,0.0,0.00433114713526,0.00123747061007,0.00371241183022,0.0,0.0,0.0
902,0.00263100197325,0.00087700065775,0.00570050427538,0.00306950230213,0.0052620039465,0.0179785134839,0.0214865161149,0.0153475115106,0.0254330190748,0.084192063144,0.0263100197325,0.00131550098663,0.00964700723526,0.0381495286121,0.0368340276255,0.0486735365052,0.0149090111818,0.00833150624863,0.0127165095374,0.0407805305854,0.00789300591975,0.0157860118395,0.0732295549222,0.0219250164438,0.228020171015,0.0855075641307,0.0903310677483,0.00219250164438,0.00570050427538,0.0486735365052,0.0,0.00109625082219,0.0,0.0,0.0,0.0,0.0,0.0,0.0,0.0,0.0,0.0,0.0
903,0.0,0.00208768267223,0.0208768267223,0.00835073068894,0.0,0.0146137787056,0.00417536534447,0.0,0.0104384133612,0.123173277662,0.00208768267223,0.0,0.00208768267223,0.0104384133612,0.0250521920668,0.0146137787056,0.0208768267223,0.00417536534447,0.00835073068894,0.00417536534447,0.0104384133612,0.035490605428,0.144050104384,0.0187891440501,0.0918580375783,0.302713987474,0.0584551148225,0.00417536534447,0.00835073068894,0.0501043841336,0.0,0.0,0.0,0.0,0.0,0.0,0.0,0.0,0.0,0.0,0.0,0.0,0.0
904,0.0,0.00208768267223,0.0208768267223,0.00835073068894,0.0,0.0146137787056,0.00417536534447,0.0,0.0104384133612,0.123173277662,0.00208768267223,0.0,0.00208768267223,0.0104384133612,0.0250521920668,0.0146137787056,0.0208768267223,0.00417536534447,0.00835073068894,0.00417536534447,0.0104384133612,0.035490605428,0.144050104384,0.0187891440501,0.0918580375783,0.302713987474,0.0584551148225,0.00417536534447,0.00835073068894,0.0501043841336,0.0,0.0,0.0,0.0,0.0,0.0,0.0,0.0,0.0,0.0,0.0,0.0,0.0
1001,0.00820344544709,0.0,0.131255127153,0.00984413453651,0.00328137817884,0.00984413453651,0.0114848236259,0.00820344544709,0.019688269073,0.0951599671862,0.00328137817884,0.0,0.0164068908942,0.0262510254307,0.039376538146,0.0377358490566,0.0147662018048,0.00820344544709,0.0246103363413,0.00492206726825,0.00328137817884,0.0,0.126333059885,0.0114848236259,0.0213289581624,0.0984413453651,0.0492206726825,0.00164068908942,0.00164068908942,0.070549630845,0.0,0.143560295324,0.0,0.0,0.0,0.0,0.0,0.0,0.0,0.0,0.0,0.0,0.0
1002,0.0759606791778,0.0,0.142984807864,0.0107238605898,0.0035746201966,0.0107238605898,0.0125111706881,0.00893655049151,0.0214477211796,0.103663985702,0.0035746201966,0.0,0.017873100983,0.0285969615728,0.0428954423592,0.0411081322609,0.0160857908847,0.00893655049151,0.0268096514745,0.00536193029491,0.0035746201966,0.0,0.137622877569,0.0125111706881,0.0232350312779,0.107238605898,0.0536193029491,0.0017873100983,0.0017873100983,0.076854334227,0.0,0.0,0.0,0.0,0.0,0.0,0.0,0.0,0.0,0.0,0.0,0.0,0.0
1003,0.00931098696462,0.0,0.148975791434,0.0111731843575,0.00372439478585,0.0111731843575,0.0409683426443,0.00931098696462,0.0223463687151,0.10800744879,0.00372439478585,0.0,0.0186219739292,0.0297951582868,0.0446927374302,0.0428305400372,0.0167597765363,0.00931098696462,0.0279329608939,0.00558659217877,0.00372439478585,0.0,0.143389199255,0.0130353817505,0.024208566108,0.111731843575,0.0558659217877,0.00186219739292,0.00186219739292,0.0800744878957,0.0,0.0,0.0,0.0,0.0,0.0,0.0,0.0,0.0,0.0,0.0,0.0,0.0
1004,0.0095785440613,0.0,0.153256704981,0.0114942528736,0.00383141762452,0.0114942528736,0.0134099616858,0.0095785440613,0.0229885057471,0.111111111111,0.00383141762452,0.0,0.0191570881226,0.0306513409962,0.0459770114943,0.044061302682,0.0172413793103,0.0095785440613,0.0287356321839,0.00574712643678,0.00383141762452,0.0,0.147509578544,0.0134099616858,0.0249042145594,0.114942528736,0.0574712643678,0.00191570881226,0.00191570881226,0.0823754789272,0.0,0.0,0.0,0.0,0.0,0.0,0.0,0.0,0.0,0.0,0.0,0.0,0.0
1005,0.0095785440613,0.0,0.153256704981,0.0114942528736,0.00383141762452,0.0114942528736,0.0134099616858,0.0095785440613,0.0229885057471,0.111111111111,0.00383141762452,0.0,0.0191570881226,0.0306513409962,0.0459770114943,0.044061302682,0.0172413793103,0.0095785440613,0.0287356321839,0.00574712643678,0.00383141762452,0.0,0.147509578544,0.0134099616858,0.0249042145594,0.114942528736,0.0574712643678,0.00191570881226,0.00191570881226,0.0823754789272,0.0,0.0,0.0,0.0,0.0,0.0,0.0,0.0,0.0,0.0,0.0,0.0,0.0
1006,0.0095785440613,0.0,0.153256704981,0.0114942528736,0.00383141762452,0.0114942528736,0.0134099616858,0.0095785440613,0.0229885057471,0.111111111111,0.00383141762452,0.0,0.0191570881226,0.0306513409962,0.0459770114943,0.044061302682,0.0172413793103,0.0095785440613,0.0287356321839,0.00574712643678,0.00383141762452,0.0,0.147509578544,0.0134099616858,0.0249042145594,0.114942528736,0.0574712643678,0.00191570881226,0.00191570881226,0.0823754789272,0.0,0.0,0.0,0.0,0.0,0.0,0.0,0.0,0.0,0.0,0.0,0.0,0.0
1101,0.0254957507082,0.000539592607581,0.00350735194928,0.00377714825307,0.00674490759477,0.0121408336706,0.0353433157966,0.0113314447592,0.0178065560502,0.0358829084042,0.0190206394172,0.00134898151895,0.0234722784298,0.029677593417,0.0113314447592,0.0569270200998,0.0466747605558,0.0086334817213,0.0665047888844,0.021853500607,0.00593551868339,0.0186159449616,0.0755429650614,0.0995548360987,0.056657223796,0.144341022528,0.047619047619,0.00809388911372,0.00269796303791,0.0375016862269,0.0,0.0209092135438,0.000674490759477,0.0,0.000674490759477,0.0101173613921,0.00134898151895,0.0087683798732,0.000674490759477,0.014164305949,0.0,0.00809388911372,0.0
1102,0.0334448160535,0.00222965440357,0.0066889632107,0.0066889632107,0.0,0.0111482720178,0.0111482720178,0.0066889632107,0.00445930880713,0.0535117056856,0.00222965440357,0.0,0.0,0.0691192865106,0.0111482720178,0.00891861761427,0.0379041248606,0.00445930880713,0.00222965440357,0.00222965440357,0.0,0.0066889632107,0.0624303232999,0.0133779264214,0.0222965440357,0.325529542921,0.0713489409142,0.0066889632107,0.0,0.0222965440357,0.0,0.0,0.0,0.0,0.0,0.0,0.0,0.0,0.0,0.0,0.0,0.195094760312,0.0
1201,0.0422322775264,0.0,0.00533704606103,0.000696136442743,0.00232045480914,0.00939784197703,0.0176354565495,0.0132265924121,0.0174034110686,0.0294697760761,0.0194918203968,0.00417681865646,0.00800556909154,0.0331825037707,0.0532544378698,0.0283095486715,0.0227404571296,0.00986193293886,0.0436245504119,0.0148509107785,0.00440886413737,0.00719340990834,0.0436245504119,0.154078199327,0.0529063696485,0.0654368256178,0.0355029585799,0.00301659125189,0.000928181923657,0.0227404571296,0.0,0.073094326488,0.0382875043509,0.0359670495417,0.0597517113354,0.0,0.00116022740457,0.0104420466411,0.0145028425571,0.000580113702286,0.0,0.00116022740457,0.0
1202,0.000965250965251,0.0,0.0111003861004,0.00144787644788,0.00482625482625,0.0183397683398,0.0366795366795,0.0275096525097,0.0337837837838,0.0612934362934,0.0381274131274,0.00627413127413,0.015444015444,0.0690154440154,0.0202702702703,0.0588803088803,0.0472972972973,0.0120656370656,0.0111003861004,0.030888030888,0.00916988416988,0.0149613899614,0.0907335907336,0.0333011583012,0.110038610039,0.109555984556,0.0714285714286,0.00627413127413,0.0019305019305,0.0472972972973,0.0,0.0,0.0,0.0,0.0,0.0,0.0,0.0,0.0,0.0,0.0,0.0,0.0
1203,0.0,0.00116144018583,0.0104529616725,0.00232288037166,0.00348432055749,0.00464576074332,0.0174216027875,0.00464576074332,0.0104529616725,0.0627177700348,0.00813008130081,0.00116144018583,0.01393728223,0.068524970964,0.0150987224158,0.0406504065041,0.0336817653891,0.00696864111498,0.01393728223,0.0243902439024,0.00813008130081,0.0197444831591,0.168408826945,0.0278745644599,0.216027874564,0.0441347270616,0.0882694541231,0.00464576074332,0.00696864111498,0.0720092915215,0.0,0.0,0.0,0.0,0.0,0.0,0.0,0.0,0.0,0.0,0.0,0.0,0.0
1301,0.0644513137558,0.000309119010819,0.00510046367852,0.00170015455951,0.00185471406491,0.00741885625966,0.00633693972179,0.00942812982998,0.0260432766615,0.0353941267388,0.0131375579598,0.00386398763524,0.0125965996909,0.0354714064915,0.013601236476,0.0258887171561,0.00672333848532,0.00401854714065,0.030370942813,0.00942812982998,0.00185471406491,0.00633693972179,0.0431221020093,0.0266615146832,0.0809891808346,0.0578825347759,0.0404945904173,0.000772797527048,0.00216383307573,0.0208655332303,0.0,0.120556414219,0.0,0.0575734157651,0.191653786708,0.0231839258114,0.00695517774343,0.00231839258114,0.00270479134467,0.000386398763524,0.0,0.000386398763524,0.0
1302,0.0395039044557,0.00275608635737,0.0183739090492,0.00183739090492,0.000918695452458,0.010105649977,0.0110243454295,0.0064308681672,0.00183739090492,0.0284795590262,0.0064308681672,0.000918695452458,0.00275608635737,0.0128617363344,0.00826825907212,0.0119430408819,0.00551217271475,0.00367478180983,0.00734956361966,0.00826825907212,0.000918695452458,0.00551217271475,0.044097381718,0.0206706476803,0.0257234726688,0.652273771245,0.0514469453376,0.0,0.0,0.010105649977,0.0,0.0,0.0,0.0,0.0,0.0,0.0,0.0,0.0,0.0,0.0,0.0,0.0
1303,0.0531276778063,0.0,0.00514138817481,0.00342759211654,0.00342759211654,0.0102827763496,0.0274207369323,0.0154241645244,0.0119965724079,0.0805484147386,0.0419880034276,0.00171379605827,0.0119965724079,0.00856898029135,0.0274207369323,0.0359897172237,0.0119965724079,0.00685518423308,0.0205655526992,0.0154241645244,0.00514138817481,0.025706940874,0.126820908312,0.0248500428449,0.0599828620394,0.197086546701,0.102827763496,0.00514138817481,0.00514138817481,0.0239931448158,0.0,0.0299914310197,0.0,0.0,0.0,0.0,0.0,0.0,0.0,0.0,0.0,0.0,0.0
1304,0.0796812749004,0.0,0.00796812749004,0.00199203187251,0.00199203187251,0.00597609561753,0.0159362549801,0.0119521912351,0.00597609561753,0.0239043824701,0.00796812749004,0.0,0.00398406374502,0.0159362549801,0.0358565737052,0.0159362549801,0.00199203187251,0.0,0.00597609561753,0.0159362549801,0.0,0.00597609561753,0.0557768924303,0.0179282868526,0.0199203187251,0.141434262948,0.121513944223,0.0,0.00199203187251,0.0278884462151,0.0,0.174302788845,0.174302788845,0.0,0.0,0.0,0.0,0.0,0.0,0.0,0.0,0.0,0.0
1401,0.0219845513963,0.0,0.00713012477718,0.00356506238859,0.00118835412953,0.00950683303624,0.017825311943,0.0118835412953,0.020202020202,0.111705288176,0.0106951871658,0.0,0.0136660724896,0.0261437908497,0.0427807486631,0.0332739156269,0.0166369578134,0.0106951871658,0.0118835412953,0.0130718954248,0.00713012477718,0.00831847890671,0.0891265597148,0.0160427807487,0.0689245395128,0.222816399287,0.0534759358289,0.00118835412953,0.00594177064765,0.0392156862745,0.0,0.0980392156863,0.0,0.0,0.0,0.0,0.00297088532383,0.0,0.00297088532383,0.0,0.0,0.0,0.0
1402,0.00700280112045,0.0,0.00560224089636,0.00280112044818,0.00560224089636,0.0196078431373,0.0280112044818,0.0,0.00840336134454,0.137254901961,0.0168067226891,0.0,0.00280112044818,0.0280112044818,0.0336134453782,0.0364145658263,0.0196078431373,0.0140056022409,0.0140056022409,0.00560224089636,0.00560224089636,0.0280112044818,0.126050420168,0.0294117647059,0.078431372549,0.207282913165,0.03081232493,0.00560224089636,0.00280112044818,0.0588235294118,0.0,0.0,0.0,0.0,0.0,0.0,0.0,0.0,0.0,0.0,0.0,0.0,0.0420168067227
1403,0.0,0.0,0.0,0.0,0.0,0.015503875969,0.015503875969,0.0077519379845,0.0387596899225,0.147286821705,0.0077519379845,0.0077519379845,0.0,0.015503875969,0.062015503876,0.0232558139535,0.0077519379845,0.0,0.0232558139535,0.0387596899225,0.0,0.015503875969,0.131782945736,0.0,0.0387596899225,0.240310077519,0.0852713178295,0.0,0.015503875969,0.062015503876,0.0,0.0,0.0,0.0,0.0,0.0,0.0,0.0,0.0,0.0,0.0,0.0,0.0
1404,0.0,0.0,0.00589101620029,0.00294550810015,0.00589101620029,0.020618556701,0.0294550810015,0.0,0.00883652430044,0.144329896907,0.0176730486009,0.0,0.00294550810015,0.0294550810015,0.0353460972018,0.0382916053019,0.020618556701,0.0147275405007,0.0147275405007,0.00589101620029,0.00589101620029,0.0294550810015,0.132547864507,0.0235640648012,0.0824742268041,0.217967599411,0.0324005891016,0.00589101620029,0.00294550810015,0.0618556701031,0.0,0.0,0.0,0.0,0.0,0.0,0.00736377025037,0.0,0.0,0.0,0.0,0.0,0.0
1501,0.0682261208577,0.0,0.0181936322287,0.00259909031839,0.00129954515919,0.00519818063678,0.00779727095517,0.0259909031839,0.0142949967511,0.0363872644574,0.00779727095517,0.0,0.0103963612736,0.0220922677063,0.0220922677063,0.0285899935023,0.0142949967511,0.00259909031839,0.00389863547758,0.00519818063678,0.00779727095517,0.00259909031839,0.0662768031189,0.0298895386615,0.0207927225471,0.124756335283,0.040285899935,0.0,0.00129954515919,0.0324886289799,0.0,0.0487329434698,0.194931773879,0.0,0.0,0.0,0.0,0.0,0.133203378817,0.0,0.0,0.0,0.0
1502,0.0,0.0,0.0161290322581,0.0201612903226,0.00806451612903,0.0,0.0120967741935,0.0120967741935,0.0161290322581,0.0927419354839,0.0120967741935,0.0,0.00806451612903,0.0201612903226,0.0524193548387,0.0322580645161,0.0120967741935,0.0161290322581,0.0201612903226,0.0362903225806,0.0120967741935,0.00403225806452,0.100806451613,0.0282258064516,0.0564516129032,0.270161290323,0.0967741935484,0.00403225806452,0.00403225806452,0.0362903225806,0.0,0.0,0.0,0.0,0.0,0.0,0.0,0.0,0.0,0.0,0.0,0.0,0.0
1503,0.279114533205,0.000962463907603,0.00192492781521,0.00288739172281,0.0,0.00577478344562,0.00481231953802,0.00673724735322,0.00192492781521,0.0298363811357,0.146294513956,0.000962463907603,0.000962463907603,0.0173243503369,0.00673724735322,0.0115495668912,0.00384985563041,0.0,0.00384985563041,0.00673724735322,0.000962463907603,0.00481231953802,0.0346487006737,0.00577478344562,0.0221366698749,0.209817131858,0.143407122233,0.0,0.00384985563041,0.0134744947064,0.0,0.0144369586141,0.0,0.0,0.0,0.0,0.0,0.0,0.0144369586141,0.0,0.0,0.0,0.0
1504,0.0,0.00175746924429,0.00351493848858,0.00527240773286,0.0,0.0105448154657,0.00878734622144,0.01230228471,0.00351493848858,0.0544815465729,0.00351493848858,0.00175746924429,0.00175746924429,0.0316344463972,0.01230228471,0.0210896309315,0.00702987697715,0.0,0.00702987697715,0.01230228471,0.00175746924429,0.00878734622144,0.0632688927944,0.0105448154657,0.0404217926186,0.383128295255,0.261862917399,0.0,0.00702987697715,0.02460456942,0.0,0.0,0.0,0.0,0.0,0.0,0.0,0.0,0.0,0.0,0.0,0.0,0.0
1505,0.0,0.0,0.0352644836272,0.00503778337531,0.00251889168766,0.0100755667506,0.0151133501259,0.0125944584383,0.0277078085642,0.0705289672544,0.0151133501259,0.0,0.0201511335013,0.0428211586902,0.0428211586902,0.0554156171285,0.0277078085642,0.00503778337531,0.00755667506297,0.0100755667506,0.0151133501259,0.00503778337531,0.128463476071,0.0201511335013,0.0403022670025,0.241813602015,0.0780856423174,0.0,0.00251889168766,0.0629722921914,0.0,0.0,0.0,0.0,0.0,0.0,0.0,0.0,0.0,0.0,0.0,0.0,0.0
1506,0.107913669065,0.0,0.0143884892086,0.0179856115108,0.00719424460432,0.0,0.0107913669065,0.0107913669065,0.0143884892086,0.0827338129496,0.0107913669065,0.0,0.00719424460432,0.0179856115108,0.0467625899281,0.0287769784173,0.0107913669065,0.0143884892086,0.0179856115108,0.0323741007194,0.0107913669065,0.00359712230216,0.089928057554,0.0251798561151,0.0503597122302,0.241007194245,0.0863309352518,0.00359712230216,0.00359712230216,0.0323741007194,0.0,0.0,0.0,0.0,0.0,0.0,0.0,0.0,0.0,0.0,0.0,0.0,0.0
1601,0.291828793774,0.0,0.0194552529183,0.00194552529183,0.0,0.00778210116732,0.00389105058366,0.00389105058366,0.00778210116732,0.0350194552529,0.00389105058366,0.0,0.0107003891051,0.00583657587549,0.00778210116732,0.0233463035019,0.00194552529183,0.00389105058366,0.00194552529183,0.011673151751,0.00194552529183,0.0,0.0739299610895,0.0107003891051,0.0389105058366,0.342412451362,0.0622568093385,0.00194552529183,0.0,0.0252918287938,0.0,0.0,0.0,0.0,0.0,0.0,0.0,0.0,0.0,0.0,0.0,0.0,0.0
1602,0.0,0.0,0.0278551532033,0.00278551532033,0.0,0.0111420612813,0.00557103064067,0.00557103064067,0.0111420612813,0.050139275766,0.00557103064067,0.0,0.008356545961,0.008356545961,0.0111420612813,0.033426183844,0.00278551532033,0.00557103064067,0.00278551532033,0.016713091922,0.00278551532033,0.0,0.105849582173,0.008356545961,0.0557103064067,0.490250696379,0.0891364902507,0.00278551532033,0.0,0.0362116991643,0.0,0.0,0.0,0.0,0.0,0.0,0.0,0.0,0.0,0.0,0.0,0.0,0.0
1701,0.00916689134538,0.0,0.0231868428148,0.00431383122135,0.00161768670801,0.0145591803721,0.0145591803721,0.00862766244271,0.0134807225667,0.0614720949043,0.0118630358587,0.000539228902669,0.0115934214074,0.0215691561068,0.0215691561068,0.0285791318415,0.0134807225667,0.0851981666217,0.0380156376382,0.0140199514694,0.00485306012402,0.0134807225667,0.0830412510111,0.0215691561068,0.0744135885683,0.0714478296037,0.074952817471,0.000539228902669,0.0,0.0372067942842,0.0,0.140199514694,0.0,0.00808843354004,0.0552709625236,0.0,0.0161768670801,0.0,0.00134807225667,0.0,0.0,0.0,0.0
1702,0.0,0.0,0.0704500978474,0.00391389432485,0.00391389432485,0.0117416829746,0.0195694716243,0.0195694716243,0.0352250489237,0.0861056751468,0.0195694716243,0.00391389432485,0.00782778864971,0.0430528375734,0.0391389432485,0.0430528375734,0.0352250489237,0.0156555772994,0.027397260274,0.0156555772994,0.00391389432485,0.0352250489237,0.172211350294,0.0430528375734,0.0430528375734,0.0587084148728,0.0861056751468,0.0,0.0,0.0469667318982,0.0,0.00978473581213,0.0,0.0,0.0,0.0,0.0,0.0,0.0,0.0,0.0,0.0,0.0
1801,0.0142227816237,0.000251730648206,0.00704845814978,0.00176211453744,0.00226557583386,0.00931403398364,0.0135934550031,0.00453115166772,0.0186280679673,0.0349905601007,0.0125865324103,0.00201384518565,0.0168659534298,0.0380113278792,0.0168659534298,0.0427942101951,0.0241661422278,0.00730018879799,0.0331025802391,0.0135934550031,0.00553807426054,0.00604153555695,0.0531151667716,0.112020138452,0.0307111390812,0.120578980491,0.0422907488987,0.00276903713027,0.00100692259283,0.0256765261171,0.0,0.117054751416,0.000629326620516,0.0981749528005,0.0421648835746,0.0,0.00881057268722,0.00440528634361,0.0,0.00755191944619,0.0,0.00755191944619,0.0
1802,0.0,0.0,0.00909090909091,0.00909090909091,0.0,0.0181818181818,0.00454545454545,0.0181818181818,0.00454545454545,0.163636363636,0.0136363636364,0.0,0.00454545454545,0.0454545454545,0.0318181818182,0.0681818181818,0.0227272727273,0.0272727272727,0.00909090909091,0.00909090909091,0.0,0.0363636363636,0.109090909091,0.0363636363636,0.0909090909091,0.140909090909,0.0590909090909,0.0,0.0,0.0681818181818,0.0,0.0,0.0,0.0,0.0,0.0,0.0,0.0,0.0,0.0,0.0,0.0,0.0
1803,0.0,0.0,0.00851063829787,0.00851063829787,0.0,0.0170212765957,0.00425531914894,0.0170212765957,0.00425531914894,0.153191489362,0.0127659574468,0.0,0.00425531914894,0.0425531914894,0.0297872340426,0.063829787234,0.0212765957447,0.0255319148936,0.0723404255319,0.00851063829787,0.0,0.0340425531915,0.102127659574,0.0340425531915,0.0851063829787,0.131914893617,0.0553191489362,0.0,0.0,0.063829787234,0.0,0.0,0.0,0.0,0.0,0.0,0.0,0.0,0.0,0.0,0.0,0.0,0.0
1804,0.00461893764434,0.0,0.0184757505774,0.00923787528868,0.00461893764434,0.0184757505774,0.0184757505774,0.0,0.0184757505774,0.0369515011547,0.0184757505774,0.0,0.00461893764434,0.0508083140878,0.0323325635104,0.0184757505774,0.0323325635104,0.0184757505774,0.0277136258661,0.00923787528868,0.0184757505774,0.0184757505774,0.0785219399538,0.0461893764434,0.0600461893764,0.258660508083,0.101616628176,0.013856812933,0.0,0.0508083140878,0.0,0.0115473441109,0.0,0.0,0.0,0.0,0.0,0.0,0.0,0.0,0.0,0.0,0.0
1805,0.0,0.0,0.0359116022099,0.00552486187845,0.0,0.0165745856354,0.0138121546961,0.0110497237569,0.00828729281768,0.127071823204,0.0110497237569,0.0,0.00828729281768,0.0414364640884,0.0497237569061,0.060773480663,0.0220994475138,0.0,0.0303867403315,0.00552486187845,0.00552486187845,0.00828729281768,0.124309392265,0.0193370165746,0.0801104972376,0.204419889503,0.0414364640884,0.0,0.0,0.0690607734807,0.0,0.0,0.0,0.0,0.0,0.0,0.0,0.0,0.0,0.0,0.0,0.0,0.0
1806,0.0,0.0,0.0359116022099,0.00552486187845,0.0,0.0165745856354,0.0138121546961,0.0110497237569,0.00828729281768,0.127071823204,0.0110497237569,0.0,0.00828729281768,0.0414364640884,0.0497237569061,0.060773480663,0.0220994475138,0.0,0.0303867403315,0.00552486187845,0.00552486187845,0.00828729281768,0.124309392265,0.0193370165746,0.0801104972376,0.204419889503,0.0414364640884,0.0,0.0,0.0690607734807,0.0,0.0,0.0,0.0,0.0,0.0,0.0,0.0,0.0,0.0,0.0,0.0,0.0
1807,0.00394866732478,0.000987166831194,0.0217176702863,0.00592300098717,0.00296150049358,0.0118460019743,0.0167818361303,0.00592300098717,0.00740375123396,0.0473840078973,0.00987166831194,0.00197433366239,0.0207305034551,0.0315893385982,0.0167818361303,0.0523198420533,0.0365251727542,0.0128331688055,0.0162882527147,0.0157946692991,0.00493583415597,0.030602171767,0.133267522211,0.0671273445212,0.0582428430405,0.0947680157947,0.0434353405726,0.00592300098717,0.0,0.0345508390918,0.0,0.170286278381,0.00246791707799,0.0,0.0,0.0,0.0,0.0,0.0,0.0,0.0,0.0148075024679,0.0
1808,0.0,0.0,0.0359116022099,0.00552486187845,0.0,0.0165745856354,0.0138121546961,0.0110497237569,0.00828729281768,0.127071823204,0.0110497237569,0.0,0.00828729281768,0.0414364640884,0.0497237569061,0.060773480663,0.0220994475138,0.0,0.0303867403315,0.00552486187845,0.00552486187845,0.00828729281768,0.124309392265,0.0193370165746,0.0801104972376,0.204419889503,0.0414364640884,0.0,0.0,0.0690607734807,0.0,0.0,0.0,0.0,0.0,0.0,0.0,0.0,0.0,0.0,0.0,0.0,0.0
1809,0.00557103064067,0.00139275766017,0.0306406685237,0.008356545961,0.0041782729805,0.016713091922,0.0236768802228,0.008356545961,0.00696378830084,0.066852367688,0.0139275766017,0.00278551532033,0.008356545961,0.0445682451253,0.0236768802228,0.0738161559889,0.0515320334262,0.0181058495822,0.0194986072423,0.0222841225627,0.00696378830084,0.0431754874652,0.188022284123,0.0320334261838,0.0821727019499,0.0779944289694,0.0612813370474,0.008356545961,0.0,0.0487465181058,0.0,0.0,0.0,0.0,0.0,0.0,0.0,0.0,0.0,0.0,0.0,0.0,0.0
1901,0.0276679841897,0.00158102766798,0.0126482213439,0.00316205533597,0.00316205533597,0.0158102766798,0.00948616600791,0.0110671936759,0.0411067193676,0.123320158103,0.0173913043478,0.00158102766798,0.0126482213439,0.0229249011858,0.0869565217391,0.0411067193676,0.00948616600791,0.00474308300395,0.0173913043478,0.0126482213439,0.00158102766798,0.0158102766798,0.0632411067194,0.0102766798419,0.0347826086957,0.0426877470356,0.0316205533597,0.0,0.00158102766798,0.0379446640316,0.0,0.0474308300395,0.0,0.0,0.237154150198,0.0,0.0,0.0,0.0,0.0,0.0,0.0,0.0
1902,0.0,0.0,0.00506329113924,0.0,0.0,0.020253164557,0.0101265822785,0.00506329113924,0.0151898734177,0.13164556962,0.0253164556962,0.00506329113924,0.020253164557,0.0151898734177,0.0405063291139,0.0405063291139,0.0253164556962,0.020253164557,0.0303797468354,0.0101265822785,0.0151898734177,0.0151898734177,0.146835443038,0.0379746835443,0.0708860759494,0.111392405063,0.0708860759494,0.0,0.0,0.111392405063,0.0,0.0,0.0,0.0,0.0,0.0,0.0,0.0,0.0,0.0,0.0,0.0,0.0
1903,0.00420168067227,0.0,0.0126050420168,0.0,0.0,0.0336134453782,0.0210084033613,0.0210084033613,0.0252100840336,0.13025210084,0.0126050420168,0.0,0.0168067226891,0.0168067226891,0.0756302521008,0.0294117647059,0.0126050420168,0.0126050420168,0.00420168067227,0.00420168067227,0.0,0.0252100840336,0.109243697479,0.00420168067227,0.0672268907563,0.138655462185,0.0588235294118,0.0,0.0,0.0378151260504,0.0,0.126050420168,0.0,0.0,0.0,0.0,0.0,0.0,0.0,0.0,0.0,0.0,0.0
2001,0.00679611650485,0.00388349514563,0.031067961165,0.0174757281553,0.00582524271845,0.00970873786408,0.0252427184466,0.00194174757282,0.052427184466,0.0776699029126,0.00388349514563,0.00388349514563,0.0203883495146,0.0291262135922,0.0291262135922,0.0427184466019,0.0446601941748,0.00388349514563,0.00970873786408,0.0135922330097,0.0,0.0349514563107,0.118446601942,0.0631067961165,0.0621359223301,0.068932038835,0.0660194174757,0.00776699029126,0.0,0.0485436893204,0.0,0.0631067961165,0.0,0.0,0.0,0.0,0.0,0.0,0.0,0.0,0.0,0.0339805825243,0.0
2002,0.0,0.0,0.012012012012,0.00900900900901,0.0,0.024024024024,0.042042042042,0.018018018018,0.00900900900901,0.126126126126,0.015015015015,0.00600600600601,0.015015015015,0.042042042042,0.03003003003,0.039039039039,0.0570570570571,0.00900900900901,0.00600600600601,0.024024024024,0.00600600600601,0.048048048048,0.186186186186,0.039039039039,0.0780780780781,0.03003003003,0.0750750750751,0.00900900900901,0.0,0.045045045045,0.0,0.0,0.0,0.0,0.0,0.0,0.0,0.0,0.0,0.0,0.0,0.0,0.0
2003,0.0,0.0,0.00897867564534,0.00673400673401,0.0,0.0179573512907,0.0314253647587,0.013468013468,0.00673400673401,0.0942760942761,0.0112233445567,0.00448933782267,0.0112233445567,0.0314253647587,0.0224466891134,0.0291806958474,0.0426487093154,0.00673400673401,0.00448933782267,0.0179573512907,0.00448933782267,0.0359147025814,0.139169472503,0.158249158249,0.0583613916947,0.0224466891134,0.0561167227834,0.00673400673401,0.0,0.03367003367,0.0,0.00561167227834,0.0,0.0,0.0,0.0,0.0,0.0,0.0,0.0,0.0,0.117845117845,0.0
2101,0.0245005104273,0.000583345486364,0.0122502552137,0.000583345486364,0.00116669097273,0.0114481551699,0.0175732827767,0.0282193379029,0.0151669826455,0.0309173107773,0.035292401925,0.026396383258,0.0449905206358,0.0567303485489,0.104127169316,0.0239171649409,0.010354382383,0.00743765495114,0.0116669097273,0.0107918914977,0.00568761849205,0.0116669097273,0.0542511302319,0.0643138398717,0.0265422196296,0.0113752369841,0.0374070293131,0.00189587283068,0.000583345486364,0.0172086918477,0.0,0.118492051918,0.0,0.048490593554,0.0514073209859,0.0222400466676,0.00218754557387,0.017135773662,0.00546886393467,0.0207816829517,0.0,0.00875018229546,0.0
2102,0.0,0.00425531914894,0.063829787234,0.0,0.0,0.00425531914894,0.0170212765957,0.00851063829787,0.00851063829787,0.0851063829787,0.0,0.0,0.00851063829787,0.0425531914894,0.00851063829787,0.0212765957447,0.0127659574468,0.00851063829787,0.0212765957447,0.0127659574468,0.00425531914894,0.0340425531915,0.106382978723,0.0212765957447,0.0468085106383,0.382978723404,0.0510638297872,0.0,0.0,0.0255319148936,0.0,0.0,0.0,0.0,0.0,0.0,0.0,0.0,0.0,0.0,0.0,0.0,0.0
2103,0.00718336483932,0.000756143667297,0.0158790170132,0.000756143667297,0.00151228733459,0.00415879017013,0.0198487712665,0.0155009451796,0.0132325141777,0.0625708884688,0.186767485822,0.0327032136106,0.026843100189,0.0465028355388,0.103024574669,0.0427221172023,0.0153119092628,0.0124763705104,0.0173913043478,0.021550094518,0.00604914933837,0.00945179584121,0.076370510397,0.054820415879,0.0431001890359,0.00302457466919,0.0735349716446,0.00189035916824,0.000756143667297,0.0294896030246,0.0,0.0132325141777,0.0,0.00189035916824,0.000945179584121,0.0,0.0198487712665,0.0,0.0189035916824,0.0,0.0,0.0,0.0
2104,0.0,0.0,0.0397350993377,0.0,0.0,0.00993377483444,0.00993377483444,0.00993377483444,0.0198675496689,0.119205298013,0.00993377483444,0.0,0.00993377483444,0.0397350993377,0.0331125827815,0.0298013245033,0.0165562913907,0.0198675496689,0.0397350993377,0.0198675496689,0.0,0.023178807947,0.122516556291,0.0298013245033,0.0662251655629,0.221854304636,0.0827814569536,0.0,0.0,0.0264900662252,0.0,0.0,0.0,0.0,0.0,0.0,0.0,0.0,0.0,0.0,0.0,0.0,0.0
2105,0.000977995110024,0.0,0.0195599022005,0.0039119804401,0.00195599022005,0.00977995110024,0.0117359413203,0.0205378973105,0.00977995110024,0.0674816625917,0.0234718826406,0.0166259168704,0.0039119804401,0.0254278728606,0.0156479217604,0.0430317848411,0.0117359413203,0.00488997555012,0.0420537897311,0.0146699266504,0.00293398533007,0.0479217603912,0.133007334963,0.0312958435208,0.0488997555012,0.0694376528117,0.0968215158924,0.00293398533007,0.000977995110024,0.040097799511,0.0,0.161369193154,0.0,0.0,0.0,0.0,0.0,0.0,0.0171149144254,0.0,0.0,0.0,0.0
2106,0.00817438692098,0.0,0.0354223433243,0.0,0.00272479564033,0.00817438692098,0.0136239782016,0.0136239782016,0.016348773842,0.0463215258856,0.0190735694823,0.0,0.00544959128065,0.0490463215259,0.0408719346049,0.0435967302452,0.0136239782016,0.016348773842,0.0217983651226,0.0245231607629,0.0190735694823,0.0217983651226,0.228882833787,0.0245231607629,0.0517711171662,0.122615803815,0.103542234332,0.0,0.0,0.0490463215259,0.0,0.0,0.0,0.0,0.0,0.0,0.0,0.0,0.0,0.0,0.0,0.0,0.0
2107,0.0,0.0,0.00625390869293,0.00125078173859,0.0,0.00875547217011,0.0,0.0494058786742,0.00250156347717,0.0125078173859,0.220137585991,0.0,0.00125078173859,0.0200125078174,0.198874296435,0.021263289556,0.0112570356473,0.0,0.00750469043152,0.0125078173859,0.00125078173859,0.0162601626016,0.057535959975,0.0200125078174,0.0287679799875,0.0112570356473,0.0650406504065,0.0,0.0,0.0200125078174,0.0,0.0,0.0,0.0187617260788,0.0,0.0,0.0,0.0,0.187617260788,0.0,0.0,0.0,0.0
2108,0.0,0.00425531914894,0.063829787234,0.0,0.0,0.00425531914894,0.0170212765957,0.00851063829787,0.00851063829787,0.0851063829787,0.0,0.0,0.00851063829787,0.0425531914894,0.00851063829787,0.0212765957447,0.0127659574468,0.00851063829787,0.0212765957447,0.0127659574468,0.00425531914894,0.0340425531915,0.106382978723,0.0212765957447,0.0468085106383,0.382978723404,0.0510638297872,0.0,0.0,0.0255319148936,0.0,0.0,0.0,0.0,0.0,0.0,0.0,0.0,0.0,0.0,0.0,0.0,0.0
2201,0.00297717499173,0.00330797221303,0.040357260999,0.00463116109825,0.00330797221303,0.00860072775389,0.0125702944095,0.0172014555078,0.0284485610321,0.121071782997,0.0112471055243,0.000661594442607,0.018524644393,0.0324181276877,0.0469732054251,0.0390340721138,0.0125702944095,0.00264637777043,0.0145550777373,0.0178630499504,0.00463116109825,0.00860072775389,0.0932848164075,0.01521667218,0.0496195831955,0.23089646047,0.0714521998015,0.0,0.00396956665564,0.040357260999,0.0,0.0430036387694,0.0,0.0,0.0,0.0,0.0,0.0,0.0,0.0,0.0,0.0,0.0
2202,0.00139470013947,0.00348675034868,0.0425383542538,0.00488145048815,0.00348675034868,0.00906555090656,0.013249651325,0.0181311018131,0.0264993026499,0.127615062762,0.0118549511855,0.000697350069735,0.0195258019526,0.034170153417,0.0495118549512,0.0411436541144,0.013249651325,0.00278940027894,0.0153417015342,0.0188284518828,0.00488145048815,0.00906555090656,0.0983263598326,0.0125523012552,0.0523012552301,0.243375174338,0.0753138075314,0.0,0.00418410041841,0.0425383542538,0.0,0.0,0.0,0.0,0.0,0.0,0.0,0.0,0.0,0.0,0.0,0.0,0.0
2203,0.0,0.0,0.0473372781065,0.0236686390533,0.0,0.0,0.0177514792899,0.0236686390533,0.0236686390533,0.236686390533,0.00591715976331,0.0,0.00591715976331,0.0118343195266,0.0828402366864,0.0355029585799,0.0177514792899,0.0,0.0295857988166,0.00591715976331,0.0,0.00591715976331,0.130177514793,0.0,0.0532544378698,0.118343195266,0.0710059171598,0.0,0.0,0.0532544378698,0.0,0.0,0.0,0.0,0.0,0.0,0.0,0.0,0.0,0.0,0.0,0.0,0.0
2204,0.00139470013947,0.00348675034868,0.0425383542538,0.00488145048815,0.00348675034868,0.00906555090656,0.013249651325,0.0181311018131,0.0264993026499,0.127615062762,0.0118549511855,0.000697350069735,0.0195258019526,0.034170153417,0.0495118549512,0.0411436541144,0.013249651325,0.00278940027894,0.0153417015342,0.0188284518828,0.00488145048815,0.00906555090656,0.0983263598326,0.0125523012552,0.0523012552301,0.243375174338,0.0753138075314,0.0,0.00418410041841,0.0425383542538,0.0,0.0,0.0,0.0,0.0,0.0,0.0,0.0,0.0,0.0,0.0,0.0,0.0
2205,0.00680272108844,0.0,0.078231292517,0.00340136054422,0.0,0.0272108843537,0.0102040816327,0.0272108843537,0.0204081632653,0.183673469388,0.0238095238095,0.0,0.0102040816327,0.00680272108844,0.0680272108844,0.0272108843537,0.00680272108844,0.00680272108844,0.0238095238095,0.00680272108844,0.00680272108844,0.0136054421769,0.115646258503,0.0272108843537,0.0884353741497,0.119047619048,0.0374149659864,0.0,0.00340136054422,0.0510204081633,0.0,0.0,0.0,0.0,0.0,0.0,0.0,0.0,0.0,0.0,0.0,0.0,0.0
2206,0.0,0.0,0.0473372781065,0.0236686390533,0.0,0.0,0.0177514792899,0.0236686390533,0.0236686390533,0.236686390533,0.00591715976331,0.0,0.00591715976331,0.0118343195266,0.0828402366864,0.0355029585799,0.0177514792899,0.0,0.0295857988166,0.00591715976331,0.0,0.00591715976331,0.130177514793,0.0,0.0532544378698,0.118343195266,0.0710059171598,0.0,0.0,0.0532544378698,0.0,0.0,0.0,0.0,0.0,0.0,0.0,0.0,0.0,0.0,0.0,0.0,0.0
2301,0.00683586076845,0.000471438673686,0.00738587255441,0.000628584898248,0.00188575469474,0.00927162724916,0.00597155653335,0.0192504125088,0.0187789738352,0.0372436552212,0.0136717215369,0.0346507425159,0.00722872632985,0.0275005892983,0.0381865325686,0.0237290799089,0.0154003300071,0.00361436316492,0.0750373222283,0.0119431130667,0.00392865561405,0.00707158010529,0.0546868861476,0.0221576176632,0.0487153296142,0.0186218276106,0.0707158010529,0.00157146224562,0.000314292449124,0.0147717451088,0.0,0.0459652706844,0.0141431602106,0.125324114088,0.179932427123,0.0161074880176,0.00275005892983,0.00314292449124,0.0110002357193,0.0,0.0,0.000392865561405,0.0
2302,0.00197628458498,0.0,0.0138339920949,0.00395256916996,0.00790513833992,0.0237154150198,0.0118577075099,0.00592885375494,0.0158102766798,0.0632411067194,0.00592885375494,0.0,0.00197628458498,0.0415019762846,0.0316205533597,0.0256916996047,0.0237154150198,0.00197628458498,0.0237154150198,0.0217391304348,0.0177865612648,0.0217391304348,0.162055335968,0.0316205533597,0.0652173913043,0.177865612648,0.116600790514,0.00197628458498,0.00197628458498,0.0770750988142,0.0,0.0,0.0,0.0,0.0,0.0,0.0,0.0,0.0,0.0,0.0,0.0,0.0
2303,0.00236127508855,0.00118063754427,0.0184966548603,0.00157418339237,0.0047225501771,0.0232192050374,0.0149547422275,0.0275482093664,0.0401416765053,0.0873671782763,0.0283353010626,0.00314836678473,0.0181031090122,0.0609996064542,0.0365997638725,0.0535222353404,0.0385674931129,0.0090515545061,0.0196772924046,0.0299094844549,0.00983864620228,0.0177095631641,0.136953955136,0.0318772136954,0.121999212908,0.0377804014168,0.0826446280992,0.00393545848091,0.000787091696183,0.0369933097206,0.0,0.0,0.0,0.0,0.0,0.0,0.0,0.0,0.0,0.0,0.0,0.0,0.0
2304,0.0,0.00282485875706,0.0225988700565,0.00564971751412,0.0,0.0169491525424,0.0112994350282,0.0141242937853,0.0310734463277,0.0762711864407,0.00847457627119,0.00564971751412,0.0112994350282,0.0310734463277,0.0310734463277,0.0395480225989,0.0310734463277,0.00847457627119,0.0141242937853,0.0254237288136,0.0112994350282,0.0225988700565,0.19209039548,0.0649717514124,0.0762711864407,0.118644067797,0.090395480226,0.0,0.00564971751412,0.0310734463277,0.0,0.0,0.0,0.0,0.0,0.0,0.0,0.0,0.0,0.0,0.0,0.0,0.0
2305,0.00183992640294,0.0,0.0128794848206,0.00367985280589,0.00735970561178,0.0220791168353,0.0110395584177,0.00551977920883,0.0147194112236,0.0588776448942,0.00551977920883,0.0,0.00183992640294,0.0386384544618,0.0294388224471,0.0239190432383,0.0220791168353,0.00183992640294,0.0220791168353,0.0202391904324,0.0165593376265,0.0202391904324,0.150873965041,0.0294388224471,0.0607175712971,0.165593376265,0.108555657774,0.00183992640294,0.00183992640294,0.0717571297148,0.0,0.0,0.0,0.0689972401104,0.0,0.0,0.0,0.0,0.0,0.0,0.0,0.0,0.0
2306,0.00197628458498,0.0,0.0138339920949,0.00395256916996,0.00790513833992,0.0237154150198,0.0118577075099,0.00592885375494,0.0158102766798,0.0632411067194,0.00592885375494,0.0,0.00197628458498,0.0415019762846,0.0316205533597,0.0256916996047,0.0237154150198,0.00197628458498,0.0237154150198,0.0217391304348,0.0177865612648,0.0217391304348,0.162055335968,0.0316205533597,0.0652173913043,0.177865612648,0.116600790514,0.00197628458498,0.00197628458498,0.0770750988142,0.0,0.0,0.0,0.0,0.0,0.0,0.0,0.0,0.0,0.0,0.0,0.0,0.0
2401,0.0891636836967,0.0,0.00585746827205,0.00911161731207,0.00195248942402,0.0162707452001,0.0234298730882,0.0169215750081,0.0221282134722,0.0917670029287,0.0139928408721,0.00130165961601,0.00780995769606,0.0136674259681,0.0253823625122,0.0195248942402,0.0130165961601,0.00585746827205,0.00911161731207,0.0110641067361,0.00650829808005,0.00911161731207,0.0533680442564,0.0442564269444,0.0357956394403,0.0986007159128,0.0722421086886,0.00260331923202,0.00195248942402,0.0357956394403,0.0,0.143182557761,0.0,0.0,0.0976244712008,0.0,0.0,0.0,0.00162707452001,0.0,0.0,0.0,0.0
2402,0.0021528525296,0.0,0.00968783638321,0.0150699677072,0.0032292787944,0.02691065662,0.0226049515608,0.0279870828848,0.0365984930032,0.151776103337,0.0204520990312,0.0021528525296,0.0129171151776,0.0226049515608,0.0419806243272,0.032292787944,0.021528525296,0.00968783638321,0.0150699677072,0.0182992465016,0.010764262648,0.0150699677072,0.0882669537137,0.0247578040904,0.059203444564,0.122712594187,0.119483315393,0.0043057050592,0.0032292787944,0.059203444564,0.0,0.0,0.0,0.0,0.0,0.0,0.0,0.0,0.0,0.0,0.0,0.0,0.0
2403,0.121495327103,0.0,0.014953271028,0.00373831775701,0.00747663551402,0.014953271028,0.0224299065421,0.0299065420561,0.0523364485981,0.175700934579,0.0261682242991,0.00373831775701,0.011214953271,0.0336448598131,0.0710280373832,0.0224299065421,0.011214953271,0.0,0.00747663551402,0.0261682242991,0.0,0.011214953271,0.0934579439252,0.0261682242991,0.0485981308411,0.0672897196262,0.0635514018692,0.0,0.00373831775701,0.0299065420561,0.0,0.0,0.0,0.0,0.0,0.0,0.0,0.0,0.0,0.0,0.0,0.0,0.0
2404,0.0,0.0,0.00262467191601,0.010498687664,0.0,0.00787401574803,0.00262467191601,0.00524934383202,0.010498687664,0.0918635170604,0.0262467191601,0.0,0.0,0.0314960629921,0.0262467191601,0.0288713910761,0.010498687664,0.00524934383202,0.00262467191601,0.00787401574803,0.0,0.0131233595801,0.0971128608924,0.00787401574803,0.0498687664042,0.317585301837,0.199475065617,0.0,0.0,0.0446194225722,0.0,0.0,0.0,0.0,0.0,0.0,0.0,0.0,0.0,0.0,0.0,0.0,0.0
2501,0.0497279929899,0.000365110080689,0.00281134762131,0.000949286209792,0.00288436963745,0.00998576070685,0.0114827120377,0.0129796633685,0.0261966482895,0.0239877323013,0.02647048085,0.00989448318668,0.0351235897623,0.032859907262,0.0154624119172,0.0287159078462,0.0108620249005,0.00427178794407,0.0199532659097,0.0121216546789,0.00237321552448,0.00624338237979,0.0274197670598,0.0783526233159,0.0500931030706,0.0218335828252,0.0272007010114,0.00102230822593,0.00127788528241,0.0184380590748,0.0,0.0627989338786,0.0932856256161,0.0861659790427,0.0976669465844,0.0240972653255,0.00383365584724,0.0143305706671,0.0292088064551,0.01058819234,0.0,0.00666325897258,0.0
2502,0.0217100868403,0.0,0.00133600534402,0.00200400801603,0.000668002672011,0.00534402137609,0.00734802939212,0.063794255177,0.00267201068804,0.0187040748163,0.00668002672011,0.0,0.0177020708083,0.0187040748163,0.00668002672011,0.0160320641283,0.00334001336005,0.00200400801603,0.0113560454242,0.0106880427522,0.00400801603206,0.00400801603206,0.0360721442886,0.00400801603206,0.0928523714095,0.0460921843687,0.0541082164329,0.000668002672011,0.000668002672011,0.0113560454242,0.0,0.200400801603,0.270541082164,0.0,0.0,0.0,0.0584502338009,0.0,0.0,0.0,0.0,0.0,0.0
2503,0.0,0.0,0.0,0.00840336134454,0.0,0.0210084033613,0.00840336134454,0.00840336134454,0.00840336134454,0.063025210084,0.00840336134454,0.0,0.0,0.0378151260504,0.0210084033613,0.00840336134454,0.0420168067227,0.00420168067227,0.0378151260504,0.0126050420168,0.00420168067227,0.0420168067227,0.0966386554622,0.0252100840336,0.0798319327731,0.260504201681,0.109243697479,0.00420168067227,0.0,0.0882352941176,0.0,0.0,0.0,0.0,0.0,0.0,0.0,0.0,0.0,0.0,0.0,0.0,0.0
2504,0.0519750519751,0.001386001386,0.002772002772,0.004158004158,0.0,0.00970200970201,0.011088011088,0.00970200970201,0.00970200970201,0.0595980595981,0.022176022176,0.022176022176,0.003465003465,0.029106029106,0.019404019404,0.02772002772,0.00693000693001,0.001386001386,0.031878031878,0.016632016632,0.004158004158,0.00693000693001,0.029106029106,0.01386001386,0.127512127512,0.015246015246,0.044352044352,0.0,0.0,0.012474012474,0.0,0.2079002079,0.0762300762301,0.003465003465,0.0,0.0,0.0935550935551,0.003465003465,0.02079002079,0.0,0.0,0.0,0.0
2505,0.00584112149533,0.0,0.00934579439252,0.00467289719626,0.0,0.00467289719626,0.0116822429907,0.00700934579439,0.00467289719626,0.0654205607477,0.0163551401869,0.00233644859813,0.00233644859813,0.0116822429907,0.0163551401869,0.0233644859813,0.018691588785,0.00233644859813,0.00934579439252,0.0116822429907,0.00467289719626,0.0233644859813,0.0981308411215,0.0163551401869,0.142523364486,0.357476635514,0.0514018691589,0.00233644859813,0.0,0.035046728972,0.0,0.0,0.0,0.00584112149533,0.0,0.0,0.0,0.0,0.0,0.0,0.0,0.035046728972,0.0
2506,0.0,0.0,0.00354609929078,0.00177304964539,0.00354609929078,0.0177304964539,0.0283687943262,0.00709219858156,0.00886524822695,0.0656028368794,0.0124113475177,0.00177304964539,0.00886524822695,0.0354609929078,0.0212765957447,0.0496453900709,0.0230496453901,0.00709219858156,0.00709219858156,0.0336879432624,0.00531914893617,0.0212765957447,0.072695035461,0.0248226950355,0.333333333333,0.0212765957447,0.108156028369,0.00177304964539,0.0,0.0478723404255,0.0,0.0265957446809,0.0,0.0,0.0,0.0,0.0,0.0,0.0,0.0,0.0,0.0,0.0
2507,0.0,0.00131492439185,0.00394477317554,0.00394477317554,0.0,0.0118343195266,0.00262984878369,0.0118343195266,0.00920447074293,0.0315581854043,0.0144641683103,0.0,0.00394477317554,0.0328731097962,0.00525969756739,0.034188034188,0.00657462195924,0.00394477317554,0.00394477317554,0.0144641683103,0.00262984878369,0.00394477317554,0.0407626561473,0.0105193951348,0.289283366206,0.0210387902696,0.0670611439842,0.00262984878369,0.00262984878369,0.0315581854043,0.0,0.0,0.332018408941,0.0,0.0,0.0,0.0,0.0,0.0,0.0,0.0,0.0,0.0
2508,0.00166112956811,0.00166112956811,0.0116279069767,0.00664451827243,0.00166112956811,0.0132890365449,0.0182724252492,0.0215946843854,0.0232558139535,0.0913621262458,0.0199335548173,0.0,0.0132890365449,0.0946843853821,0.0332225913621,0.0514950166113,0.0166112956811,0.00498338870432,0.0132890365449,0.0415282392027,0.00332225913621,0.0182724252492,0.106312292359,0.0299003322259,0.162790697674,0.00830564784053,0.116279069767,0.00166112956811,0.00166112956811,0.0714285714286,0.0,0.0,0.0,0.0,0.0,0.0,0.0,0.0,0.0,0.0,0.0,0.0,0.0
2509,,,,,,,,,,,,,,,,,,,,,,,,,,,,,,,,,,,,,,,,,,,
2601,0.0067264573991,0.00298953662182,0.0119581464873,0.00298953662182,0.0,0.0134529147982,0.00597907324365,0.01644245142,0.0276532137519,0.100149476831,0.00896860986547,0.0560538116592,0.0209267563528,0.0224215246637,0.0328849028401,0.0298953662182,0.00747384155456,0.00298953662182,0.0134529147982,0.0134529147982,0.00448430493274,0.00448430493274,0.0627802690583,0.00896860986547,0.101644245142,0.0941704035874,0.0538116591928,0.0,0.00597907324365,0.0388639760837,0.0,0.227952167414,0.0,0.0,0.0,0.0,0.0,0.0,0.0,0.0,0.0,0.0,0.0
2602,0.0042194092827,0.0042194092827,0.0168776371308,0.0042194092827,0.0,0.0189873417722,0.0084388185654,0.0232067510549,0.0337552742616,0.14135021097,0.0126582278481,0.0,0.0295358649789,0.0316455696203,0.0464135021097,0.042194092827,0.0105485232068,0.0042194092827,0.0189873417722,0.0189873417722,0.00632911392405,0.00632911392405,0.0886075949367,0.0126582278481,0.143459915612,0.132911392405,0.0759493670886,0.0,0.0084388185654,0.0548523206751,0.0,0.0,0.0,0.0,0.0,0.0,0.0,0.0,0.0,0.0,0.0,0.0,0.0
2603,0.00389105058366,0.00389105058366,0.0155642023346,0.00389105058366,0.0,0.0175097276265,0.00778210116732,0.0214007782101,0.0311284046693,0.130350194553,0.011673151751,0.0,0.0272373540856,0.0291828793774,0.0428015564202,0.0389105058366,0.00972762645914,0.00389105058366,0.0175097276265,0.0175097276265,0.00583657587549,0.00583657587549,0.0817120622568,0.011673151751,0.132295719844,0.122568093385,0.0700389105058,0.0,0.00778210116732,0.0505836575875,0.0,0.0778210116732,0.0,0.0,0.0,0.0,0.0,0.0,0.0,0.0,0.0,0.0,0.0
2701,0.0772635814889,0.000402414486922,0.00965794768612,0.00160965794769,0.00120724346076,0.00362173038229,0.0056338028169,0.00764587525151,0.0207243460765,0.0321931589537,0.0160965794769,0.00160965794769,0.0108651911469,0.00523138832998,0.0124748490946,0.010060362173,0.00643863179074,0.00281690140845,0.00362173038229,0.00724346076459,0.00281690140845,0.00804828973843,0.025754527163,0.0281690140845,0.0334004024145,0.181287726358,0.053722334004,0.0,0.00120724346076,0.0156941649899,0.0,0.0412474849095,0.0603621730382,0.237424547284,0.0663983903421,0.0,0.0,0.0,0.0010060362173,0.00603621730382,0.0,0.0010060362173,0.0
2702,0.0049504950495,0.0,0.003300330033,0.002200220022,0.003300330033,0.00660066006601,0.00550055005501,0.00550055005501,0.00660066006601,0.0539053905391,0.025302530253,0.0,0.00550055005501,0.034103410341,0.017601760176,0.024202420242,0.01100110011,0.004400440044,0.00880088008801,0.00880088008801,0.001100110011,0.00550055005501,0.0528052805281,0.012101210121,0.101210121012,0.28602860286,0.0924092409241,0.001100110011,0.002200220022,0.046204620462,0.0,0.0,0.0,0.0,0.16501650165,0.0,0.0,0.0,0.0,0.0,0.0,0.0027502750275,0.0
2703,0.0426136363636,0.0,0.00284090909091,0.00568181818182,0.00284090909091,0.0170454545455,0.00284090909091,0.0142045454545,0.00852272727273,0.0596590909091,0.00852272727273,0.00284090909091,0.0,0.0198863636364,0.0198863636364,0.0227272727273,0.0,0.0,0.00284090909091,0.0170454545455,0.00284090909091,0.0,0.0625,0.00284090909091,0.0340909090909,0.488636363636,0.136363636364,0.0,0.00852272727273,0.0142045454545,0.0,0.0,0.0,0.0,0.0,0.0,0.0,0.0,0.0,0.0,0.0,0.0,0.0
2801,0.00834760273973,0.000428082191781,0.00385273972603,0.00256849315068,0.00128424657534,0.0158390410959,0.0107020547945,0.0196917808219,0.0166952054795,0.0492294520548,0.0113441780822,0.00128424657534,0.0505136986301,0.0308219178082,0.0256849315068,0.0256849315068,0.0119863013699,0.00556506849315,0.013698630137,0.0145547945205,0.00556506849315,0.0119863013699,0.0612157534247,0.0327482876712,0.0672089041096,0.0419520547945,0.060573630137,0.000428082191781,0.00171232876712,0.0329623287671,0.00642123287671,0.0481592465753,0.0,0.0802654109589,0.200128424658,0.0,0.00642123287671,0.00642123287671,0.00856164383562,0.00749143835616,0.0,0.0,0.0
2802,0.0482093663912,0.0,0.0165289256198,0.00275482093664,0.00275482093664,0.030303030303,0.0110192837466,0.0110192837466,0.00275482093664,0.101928374656,0.0110192837466,0.0,0.0137741046832,0.0440771349862,0.0330578512397,0.0385674931129,0.0220385674931,0.00275482093664,0.0220385674931,0.0165289256198,0.0110192837466,0.0220385674931,0.118457300275,0.00826446280992,0.0964187327824,0.0798898071625,0.154269972452,0.0,0.00275482093664,0.068870523416,0.0,0.0068870523416,0.0,0.0,0.0,0.0,0.0,0.0,0.0,0.0,0.0,0.0,0.0
2803,0.0,0.0,0.0174927113703,0.00291545189504,0.00291545189504,0.0320699708455,0.0116618075802,0.0116618075802,0.00291545189504,0.107871720117,0.0116618075802,0.0,0.0145772594752,0.0466472303207,0.0349854227405,0.0408163265306,0.0233236151603,0.00291545189504,0.0233236151603,0.0174927113703,0.0116618075802,0.0233236151603,0.125364431487,0.00874635568513,0.102040816327,0.0845481049563,0.163265306122,0.0,0.00291545189504,0.0728862973761,0.0,0.0,0.0,0.0,0.0,0.0,0.0,0.0,0.0,0.0,0.0,0.0,0.0
2901,0.0269058295964,0.00179372197309,0.0717488789238,0.0107623318386,0.0,0.0143497757848,0.0179372197309,0.00538116591928,0.00358744394619,0.104035874439,0.0134529147982,0.0,0.00538116591928,0.0286995515695,0.0269058295964,0.0269058295964,0.0215246636771,0.00538116591928,0.0143497757848,0.0107623318386,0.00896860986547,0.0125560538117,0.114798206278,0.0215246636771,0.0358744394619,0.217040358744,0.0789237668161,0.0,0.00358744394619,0.0699551569507,0.0,0.0269058295964,0.0,0.0,0.0,0.0,0.0,0.0,0.0,0.0,0.0,0.0,0.0
2902,0.0,0.0,0.0416666666667,0.00641025641026,0.00320512820513,0.0192307692308,0.0224358974359,0.00961538461538,0.00320512820513,0.108974358974,0.00641025641026,0.0,0.00641025641026,0.0224358974359,0.025641025641,0.0160256410256,0.0224358974359,0.00961538461538,0.0224358974359,0.0,0.0,0.0480769230769,0.108974358974,0.0128205128205,0.0769230769231,0.266025641026,0.0576923076923,0.0,0.00320512820513,0.0641025641026,0.0,0.0160256410256,0.0,0.0,0.0,0.0,0.0,0.0,0.0,0.0,0.0,0.0,0.0
2903,0.0,0.00425531914894,0.0255319148936,0.0170212765957,0.00851063829787,0.0170212765957,0.00851063829787,0.0127659574468,0.00851063829787,0.102127659574,0.0,0.0,0.0170212765957,0.0297872340426,0.0382978723404,0.0255319148936,0.0297872340426,0.00425531914894,0.0212765957447,0.00851063829787,0.0127659574468,0.0127659574468,0.136170212766,0.0127659574468,0.106382978723,0.165957446809,0.114893617021,0.00425531914894,0.0,0.0553191489362,0.0,0.0,0.0,0.0,0.0,0.0,0.0,0.0,0.0,0.0,0.0,0.0,0.0
2904,0.00229357798165,0.0,0.139908256881,0.00229357798165,0.0,0.0114678899083,0.00688073394495,0.0160550458716,0.0229357798165,0.128440366972,0.00688073394495,0.00229357798165,0.00688073394495,0.0183486238532,0.0229357798165,0.0114678899083,0.0206422018349,0.0114678899083,0.0275229357798,0.00229357798165,0.00688073394495,0.0321100917431,0.169724770642,0.0137614678899,0.0619266055046,0.155963302752,0.0366972477064,0.0,0.00688073394495,0.0550458715596,0.0,0.0,0.0,0.0,0.0,0.0,0.0,0.0,0.0,0.0,0.0,0.0,0.0
2905,0.0,0.0,0.025974025974,0.0,0.0,0.0,0.0,0.0,0.0,0.246753246753,0.0,0.0,0.012987012987,0.038961038961,0.025974025974,0.012987012987,0.0,0.012987012987,0.0519480519481,0.0,0.0,0.0519480519481,0.168831168831,0.0,0.142857142857,0.0519480519481,0.0779220779221,0.0,0.012987012987,0.0649350649351,0.0,0.0,0.0,0.0,0.0,0.0,0.0,0.0,0.0,0.0,0.0,0.0,0.0
3001,0.100283286119,0.00226628895184,0.00906515580737,0.0056657223796,0.00679886685552,0.0215297450425,0.00906515580737,0.0113314447592,0.0203966005666,0.0815864022663,0.0124645892351,0.0,0.0113314447592,0.0294617563739,0.0203966005666,0.0215297450425,0.014730878187,0.00793201133144,0.0124645892351,0.0113314447592,0.00679886685552,0.013597733711,0.0804532577904,0.00679886685552,0.0634560906516,0.139376770538,0.0657223796034,0.0,0.00226628895184,0.0362606232295,0.0,0.0594900849858,0.0,0.0,0.116147308782,0.0,0.0,0.0,0.0,0.0,0.0,0.0,0.0
3002,0.169300225734,0.00451467268623,0.0,0.00902934537246,0.0,0.00902934537246,0.00902934537246,0.0180586907449,0.0,0.126410835214,0.0,0.0,0.0,0.00451467268623,0.0406320541761,0.0225733634312,0.0180586907449,0.0,0.0180586907449,0.00451467268623,0.00451467268623,0.0180586907449,0.103837471783,0.0180586907449,0.0496613995485,0.234762979684,0.0632054176072,0.00451467268623,0.00902934537246,0.0406320541761,0.0,0.0,0.0,0.0,0.0,0.0,0.0,0.0,0.0,0.0,0.0,0.0,0.0
3003,0.0,0.0054347826087,0.0,0.0108695652174,0.0,0.0108695652174,0.0108695652174,0.0217391304348,0.0,0.152173913043,0.0,0.0,0.0,0.0054347826087,0.0489130434783,0.0271739130435,0.0217391304348,0.0,0.0217391304348,0.0054347826087,0.0054347826087,0.0217391304348,0.125,0.0217391304348,0.0597826086957,0.282608695652,0.0760869565217,0.0054347826087,0.0108695652174,0.0489130434783,0.0,0.0,0.0,0.0,0.0,0.0,0.0,0.0,0.0,0.0,0.0,0.0,0.0
3101,0.00173913043478,0.0,0.00695652173913,0.015652173913,0.0,0.024347826087,0.0208695652174,0.0191304347826,0.0173913043478,0.0834782608696,0.00695652173913,0.00173913043478,0.015652173913,0.0173913043478,0.0260869565217,0.0173913043478,0.00695652173913,0.00173913043478,0.0121739130435,0.0139130434783,0.00347826086957,0.00695652173913,0.0626086956522,0.00347826086957,0.0452173913043,0.408695652174,0.0382608695652,0.0,0.0,0.0260869565217,0.0,0.095652173913,0.0,0.0,0.0,0.0,0.0,0.0,0.0,0.0,0.0,0.0,0.0
3102,0.0,0.0,0.0129032258065,0.00322580645161,0.00322580645161,0.0129032258065,0.00967741935484,0.00322580645161,0.00322580645161,0.0612903225806,0.00322580645161,0.0,0.00645161290323,0.00645161290323,0.0193548387097,0.0193548387097,0.00645161290323,0.00967741935484,0.0161290322581,0.00645161290323,0.00967741935484,0.00645161290323,0.041935483871,0.00322580645161,0.0258064516129,0.6,0.0322580645161,0.0,0.00322580645161,0.0258064516129,0.0,0.0483870967742,0.0,0.0,0.0,0.0,0.0,0.0,0.0,0.0,0.0,0.0,0.0
3103,0.0,0.0,0.0135593220339,0.00338983050847,0.00338983050847,0.0135593220339,0.0101694915254,0.00338983050847,0.00338983050847,0.064406779661,0.00338983050847,0.0,0.00677966101695,0.00677966101695,0.0203389830508,0.0203389830508,0.00677966101695,0.0101694915254,0.0169491525424,0.00677966101695,0.0101694915254,0.00677966101695,0.0440677966102,0.00338983050847,0.0271186440678,0.630508474576,0.0338983050847,0.0,0.00338983050847,0.0271186440678,0.0,0.0,0.0,0.0,0.0,0.0,0.0,0.0,0.0,0.0,0.0,0.0,0.0
3201,0.00821725389208,0.00103008310898,0.0521128409224,0.00248156385345,0.00538452534239,0.0122205314292,0.0108626946038,0.0270630925904,0.0430527917593,0.0537047875454,0.0670724569823,0.0185883179211,0.0279292988412,0.035982675875,0.0340863865153,0.0647079480276,0.0234109797495,0.0131101486597,0.0609856022475,0.0269226267119,0.0112840922393,0.0100667212923,0.0682195949901,0.0603535057942,0.0404073510476,0.0183776191034,0.0282336415779,0.00168559054196,0.00154512466347,0.0306683834718,0.0,0.0447149713215,0.0,0.0303172187756,0.0207187170783,0.0112372702798,0.00503336064614,0.00526747044364,0.00784267821608,0.00339459206368,0.00152171368372,0.010183776191,0.0
3202,0.00661048594641,0.000605540697381,0.0177625271232,0.00141292829389,0.00444063178079,0.00908311046072,0.00989049805722,0.0207902306101,0.0574759045264,0.0448100116062,0.142705757683,0.0272997931069,0.0821516879447,0.029822879346,0.0136246656911,0.0526315789474,0.0193773023162,0.010395115305,0.0207397688853,0.0297724176212,0.0074683352677,0.0117071201494,0.0517737296261,0.0395619922289,0.0370389059898,0.00257354796387,0.0597971438664,0.00201846899127,0.00131200484433,0.0291668769239,0.0,0.0532371196447,0.00883080183681,0.0141292829389,0.00504617247818,0.00403693798254,0.0131200484433,0.038603219458,0.0121108139476,0.00504617247818,0.0,0.00201846899127,0.0
3203,0.0234752900585,0.000608869194601,0.0196191184927,0.00135304265467,0.00169130331834,0.00659608294151,0.00700199573792,0.0129892094848,0.0523289246694,0.0380543246626,0.113317322329,0.0488110137672,0.0305449379292,0.0413354531002,0.015864425126,0.0342996312959,0.0129215573521,0.00669756114061,0.0188072928999,0.0169806853161,0.00480330142408,0.0102831241755,0.0527686635321,0.104116632277,0.0365321516761,0.0150525995332,0.0395426715827,0.00108243412374,0.0016236511856,0.0272638094916,0.001014781991,0.0669756114061,0.0,0.0438047559449,0.00744173460068,0.00405912796401,0.0104860805737,0.0191117274972,0.0292595474072,0.00456651895951,0.000169130331834,0.0167439028515,0.0
3204,0.0501914079115,0.00170140365802,0.0175811711329,0.00198497093435,0.00113426910535,0.00425350914504,0.00283567276336,0.0123351765206,0.00567134552673,0.0297745640153,0.0856373174536,0.0161633347512,0.00552956188856,0.0599744789451,0.0930100666383,0.0263717566993,0.0130440947115,0.00765631646108,0.0886147738551,0.0127605274351,0.00340280731604,0.00964128739543,0.0711753863604,0.0195661420672,0.0357294768184,0.00822345101375,0.0243867857649,0.00255210548703,0.000567134552673,0.0212675457252,0.0,0.0482064369772,0.0,0.138947965405,0.0,0.0531688643131,0.0,0.000708918190841,0.0255210548703,0.0,0.0,0.000708918190841,0.0
3205,0.00204918032787,0.0,0.125,0.0102459016393,0.00409836065574,0.0204918032787,0.0102459016393,0.0,0.0102459016393,0.0594262295082,0.00819672131148,0.0,0.00409836065574,0.030737704918,0.0327868852459,0.0348360655738,0.0266393442623,0.0,0.0102459016393,0.0102459016393,0.0143442622951,0.0266393442623,0.170081967213,0.0225409836066,0.0717213114754,0.15368852459,0.0758196721311,0.00204918032787,0.00204918032787,0.0614754098361,0.0,0.0,0.0,0.0,0.0,0.0,0.0,0.0,0.0,0.0,0.0,0.0,0.0
3206,0.000940438871473,0.000940438871473,0.0366771159875,0.0025078369906,0.00344827586207,0.0112852664577,0.0119122257053,0.0141065830721,0.0150470219436,0.069592476489,0.0319749216301,0.00501567398119,0.0119122257053,0.0407523510972,0.0244514106583,0.0711598746082,0.025078369906,0.00971786833856,0.0119122257053,0.0448275862069,0.00909090909091,0.0275862068966,0.148902821317,0.0373040752351,0.0890282131661,0.00438871473354,0.102507836991,0.00282131661442,0.00188087774295,0.0658307210031,0.0,0.0274294670846,0.0,0.0,0.0282131661442,0.0117554858934,0.0,0.0,0.0,0.0,0.0,0.0,0.0
3207,0.00224592925323,0.00112296462661,0.101066816395,0.00673778775969,0.00224592925323,0.0235822571589,0.00449185850646,0.00673778775969,0.0157215047726,0.0685008422235,0.014598540146,0.00112296462661,0.014598540146,0.0471645143178,0.0415496911847,0.0325659741718,0.0213363279057,0.0078607523863,0.00673778775969,0.0224592925323,0.0078607523863,0.0280741156654,0.111173498035,0.13419427288,0.0539023020775,0.0314430095452,0.122403144301,0.00561482313307,0.0,0.0628860190904,0.0,0.0,0.0,0.0,0.0,0.0,0.0,0.0,0.0,0.0,0.0,0.0,0.0
