MUNICIPIO,ISIC,ESTWORKERS
101,'0111,845
101,'0112,1010
101,'0113,970
101,'0121,380
101,'0122,480
101,'0130,30
101,'0140,865
101,'0500,35
101,'1010,390
101,'1120,5
101,'1320,80
101,'1410,100
101,'1422,5
101,'1429,610
101,'1511,475
101,'1512,35
101,'1513,325
101,'1514,600
101,'1520,925
101,'1531,410
101,'1533,215
101,'1541,1215
101,'1542,775
101,'1543,685
101,'1544,935
101,'1549,1790
101,'1551,425
101,'1552,40
101,'1553,815
101,'1554,950
101,'1600,360
101,'1711,1225
101,'1712,85
101,'1721,10
101,'1722,25
101,'1723,495
101,'1729,395
101,'1730,360
101,'1810,1845
101,'1820,85
101,'1912,35
101,'1920,800
101,'2010,330
101,'2021,40
101,'2022,190
101,'2029,45
101,'2101,385
101,'2102,480
101,'2109,5
101,'2211,940
101,'2212,140
101,'2213,10
101,'2219,255
101,'2221,4330
101,'2222,2015
101,'2230,90
101,'2320,390
101,'2411,520
101,'2413,75
101,'2421,40
101,'2422,10
101,'2423,2940
101,'2424,1800
101,'2429,940
101,'2511,70
101,'2519,380
101,'2520,2210
101,'2610,215
101,'2691,355
101,'2692,60
101,'2693,45
101,'2694,565
101,'2695,205
101,'2696,5
101,'2699,380
101,'2710,2095
101,'2720,5
101,'2731,35
101,'2811,1275
101,'2892,70
101,'2893,275
101,'2899,675
101,'2912,10
101,'2915,75
101,'2919,410
101,'2921,10
101,'2922,20
101,'2924,5
101,'2925,30
101,'2926,5
101,'2929,325
101,'2930,110
101,'3000,50
101,'3110,375
101,'3120,405
101,'3130,60
101,'3140,30
101,'3150,90
101,'3190,390
101,'3210,35
101,'3220,35
101,'3230,10
101,'3311,60
101,'3312,10
101,'3313,30
101,'3320,735
101,'3410,70
101,'3430,105
101,'3511,40
101,'3530,35
101,'3592,5
101,'3610,1540
101,'3691,150
101,'3693,5
101,'3694,5
101,'3699,170
101,'4010,2840
101,'4020,1265
101,'4030,340
101,'4100,340
101,'4510,1225
101,'4520,11495
101,'4530,1645
101,'4540,365
101,'4550,690
101,'5010,5020
101,'5020,3465
101,'5030,4895
101,'5040,175
101,'5050,3135
101,'5110,810
101,'5121,395
101,'5122,2515
101,'5131,3740
101,'5139,1905
101,'5141,1225
101,'5142,70
101,'5143,1930
101,'5149,195
101,'5150,2465
101,'5190,8785
101,'5211,3240
101,'5219,1460
101,'5220,1285
101,'5231,4155
101,'5232,5325
101,'5233,3585
101,'5234,3715
101,'5239,6005
101,'5240,530
101,'5251,30
101,'5259,355
101,'5260,745
101,'5510,11690
101,'5520,8570
101,'6010,5
101,'6021,3000
101,'6022,380
101,'6023,510
101,'6030,30
101,'6110,125
101,'6120,395
101,'6210,440
101,'6220,1065
101,'6301,340
101,'6302,725
101,'6303,2025
101,'6304,4265
101,'6309,1280
101,'6412,1320
101,'6420,9255
101,'6519,5745
101,'6592,8690
101,'6599,1385
101,'6602,1565
101,'6603,2285
101,'6711,170
101,'6719,855
101,'6720,2565
101,'7010,4135
101,'7020,8135
101,'7111,760
101,'7122,65
101,'7123,45
101,'7129,65
101,'7130,240
101,'7210,210
101,'7220,1355
101,'7230,60
101,'7240,5
101,'7250,420
101,'7290,680
101,'7310,225
101,'7320,90
101,'7411,4205
101,'7412,920
101,'7413,320
101,'7414,1235
101,'7421,4020
101,'7422,60
101,'7430,3990
101,'7491,225
101,'7492,8770
101,'7493,2390
101,'7494,165
101,'7495,85
101,'7499,2040
101,'8010,3915
101,'8021,590
101,'8022,1770
101,'8030,2950
101,'8090,1135
101,'8511,9360
101,'8512,1245
101,'8519,2035
101,'8520,320
101,'8531,130
101,'8532,180
101,'9000,120
101,'9111,3930
101,'9120,95
101,'9191,1255
101,'9192,80
101,'9199,2900
101,'9211,495
101,'9213,655
101,'9214,310
101,'9219,805
101,'9220,45
101,'9231,25
101,'9232,45
101,'9233,175
101,'9241,1115
101,'9249,1270
101,'9301,325
101,'9302,1090
101,'9303,5
101,'9309,790
201,'0113,90
201,'0140,105
201,'1541,5
201,'1554,105
201,'2695,5
201,'5010,5
201,'5020,30
201,'5050,5
201,'5150,5
201,'5190,5
201,'5231,60
201,'5232,5
201,'5233,30
201,'5234,35
201,'5239,35
201,'5259,5
201,'5510,5
201,'6021,5
201,'6304,180
201,'6420,25
201,'6592,75
201,'7010,10
201,'7020,5
201,'8022,5
201,'8030,75
201,'8511,70
201,'9111,75
201,'9211,5
201,'9213,15
202,'5190,30
204,'5121,30
204,'5231,5
204,'8532,30
207,'5231,50
301,'0113,75
301,'5030,5
301,'5211,5
301,'5231,35
303,'8511,30
401,'0111,175
401,'0113,30
401,'1549,300
401,'1554,10
401,'1810,300
401,'2221,5
401,'2222,5
401,'2423,5
401,'2693,175
401,'3610,35
401,'3720,75
401,'4520,10
401,'5010,60
401,'5050,40
401,'5141,5
401,'5190,5
401,'5219,5
401,'5231,35
401,'5232,5
401,'5234,35
401,'5239,75
401,'5510,125
401,'5520,10
401,'6021,30
401,'6309,10
401,'6420,25
401,'6519,30
401,'6592,40
401,'7010,5
401,'7020,10
401,'7123,30
401,'7129,5
401,'7421,5
401,'8010,30
401,'8022,175
401,'8511,35
401,'9211,5
402,'1514,5
402,'5231,5
404,'5050,5
405,'5231,5
501,'1554,40
501,'5050,5
501,'5110,175
501,'5219,5
501,'5231,30
501,'6220,30
501,'6420,5
501,'7411,5
502,'5231,10
502,'6420,5
503,'5231,5
601,'0111,645
601,'0121,5
601,'0140,5
601,'1520,30
601,'1541,65
601,'1543,210
601,'1551,30
601,'1554,345
601,'1712,300
601,'1723,75
601,'1810,5
601,'1820,75
601,'2221,35
601,'2222,30
601,'2423,5
601,'2429,5
601,'2520,30
601,'2710,30
601,'2899,30
601,'2929,5
601,'3120,5
601,'3140,5
601,'3311,5
601,'3610,5
601,'4010,30
601,'4520,70
601,'5010,205
601,'5020,55
601,'5030,100
601,'5040,5
601,'5050,150
601,'5110,90
601,'5121,10
601,'5122,390
601,'5131,5
601,'5141,65
601,'5143,135
601,'5150,5
601,'5190,195
601,'5211,5
601,'5231,235
601,'5232,90
601,'5233,145
601,'5234,250
601,'5239,95
601,'5259,5
601,'5260,5
601,'5510,135
601,'5520,5
601,'6021,5
601,'6022,5
601,'6220,5
601,'6304,35
601,'6309,5
601,'6420,340
601,'6519,265
601,'6592,165
601,'6599,40
601,'6602,5
601,'6719,5
601,'6720,5
601,'7010,35
601,'7020,145
601,'7220,10
601,'7250,5
601,'7411,25
601,'7412,15
601,'7421,5
601,'7492,135
601,'7499,5
601,'8010,105
601,'8022,5
601,'8030,300
601,'8090,5
601,'8511,595
601,'8531,10
601,'9191,30
601,'9213,5
601,'9220,5
602,'5231,5
603,'5231,5
604,'5050,35
604,'5231,10
604,'6420,5
604,'8511,30
605,'1531,5
605,'5110,5
605,'5231,5
606,'5231,15
701,'5231,10
801,'1513,300
801,'1541,5
801,'1543,30
801,'1711,105
801,'2695,5
801,'5010,30
801,'5030,5
801,'5050,35
801,'5122,5
801,'5139,5
801,'5231,55
801,'5233,35
801,'5234,5
801,'5239,30
801,'5259,5
801,'6304,5
801,'6420,35
801,'7010,35
801,'7020,35
801,'8520,5
802,'6304,5
802,'7421,5
901,'0111,300
901,'0121,95
901,'0122,285
901,'0140,35
901,'1511,30
901,'1533,300
901,'1541,115
901,'1553,300
901,'1554,5
901,'1600,30
901,'1711,175
901,'1723,330
901,'1810,585
901,'1920,65
901,'2221,45
901,'2412,30
901,'2423,60
901,'2424,175
901,'2695,30
901,'2710,35
901,'2811,10
901,'2919,30
901,'3110,30
901,'3140,175
901,'3410,5
901,'3610,35
901,'3691,30
901,'3693,75
901,'3699,5
901,'4100,300
901,'4520,65
901,'5010,430
901,'5020,20
901,'5030,70
901,'5050,30
901,'5110,35
901,'5121,35
901,'5122,35
901,'5131,110
901,'5143,10
901,'5150,65
901,'5190,75
901,'5211,180
901,'5231,155
901,'5232,280
901,'5233,90
901,'5234,70
901,'5239,295
901,'5510,35
901,'5520,40
901,'6021,30
901,'6303,30
901,'6304,10
901,'6420,60
901,'6519,95
901,'6592,105
901,'6599,35
901,'6602,5
901,'6720,5
901,'7010,15
901,'7020,85
901,'7129,30
901,'7220,5
901,'7411,10
901,'7421,5
901,'7430,5
901,'7492,5
901,'8030,75
901,'8511,205
901,'8512,5
901,'8520,80
901,'9120,5
901,'9211,5
901,'9219,75
902,'1514,5
902,'5231,5
902,'6592,5
903,'5010,250
903,'5110,5
903,'5231,15
903,'5239,5
903,'5510,300
904,'5231,5
1001,'1549,175
1001,'5259,5
1001,'6420,5
1002,'0113,75
1002,'5141,5
1003,'1429,30
1003,'5190,5
1101,'0111,35
1101,'0112,40
1101,'0121,50
1101,'0140,60
1101,'1511,5
1101,'1520,5
1101,'1531,30
1101,'1533,5
1101,'1541,10
1101,'1543,5
1101,'1549,35
1101,'1554,60
1101,'1600,5
1101,'1810,5
1101,'1911,75
1101,'2022,10
1101,'2221,50
1101,'2423,5
1101,'2691,5
1101,'2695,5
1101,'2696,75
1101,'2699,5
1101,'2710,60
1101,'2731,5
1101,'2899,5
1101,'2929,30
1101,'2930,75
1101,'3110,5
1101,'3150,5
1101,'3610,455
1101,'4010,60
1101,'4510,30
1101,'4520,275
1101,'4530,15
1101,'5010,245
1101,'5020,45
1101,'5030,105
1101,'5040,5
1101,'5050,65
1101,'5110,45
1101,'5121,10
1101,'5122,180
1101,'5131,30
1101,'5139,35
1101,'5143,125
1101,'5150,30
1101,'5190,105
1101,'5211,280
1101,'5219,155
1101,'5220,135
1101,'5231,240
1101,'5232,250
1101,'5233,265
1101,'5234,95
1101,'5239,105
1101,'5259,10
1101,'5510,2830
1101,'5520,230
1101,'6021,250
1101,'6022,5
1101,'6220,5
1101,'6304,1325
1101,'6309,105
1101,'6420,215
1101,'6519,50
1101,'6592,285
1101,'6599,20
1101,'6602,5
1101,'6711,5
1101,'7010,105
1101,'7020,610
1101,'7111,55
1101,'7129,15
1101,'7220,20
1101,'7250,35
1101,'7310,5
1101,'7411,60
1101,'7412,10
1101,'7414,35
1101,'7421,85
1101,'7430,15
1101,'7492,335
1101,'8010,30
1101,'8030,60
1101,'8090,65
1101,'8511,515
1101,'8531,5
1101,'8532,35
1101,'9213,10
1101,'9214,75
1101,'9219,200
1101,'9220,30
1101,'9241,185
1101,'9249,10
1101,'9301,30
1101,'9302,35
1102,'0113,30
1102,'4010,175
1102,'5010,175
1102,'5231,5
1102,'5232,5
1102,'5234,5
1102,'6303,30
1102,'6592,5
1201,'0112,300
1201,'0113,30
1201,'0140,30
1201,'1320,5
1201,'1531,175
1201,'1541,40
1201,'1542,300
1201,'1543,5
1201,'1554,110
1201,'1600,330
1201,'1711,175
1201,'1722,30
1201,'1729,30
1201,'1730,75
1201,'1810,515
1201,'2022,5
1201,'2029,5
1201,'2221,5
1201,'2222,5
1201,'2424,5
1201,'2429,5
1201,'2519,5
1201,'2520,5
1201,'2610,5
1201,'2710,90
1201,'2811,90
1201,'2899,35
1201,'2922,5
1201,'3210,75
1201,'3230,300
1201,'3511,35
1201,'3610,125
1201,'3699,205
1201,'4010,5
1201,'4030,5
1201,'4100,175
1201,'4520,480
1201,'4530,30
1201,'4540,5
1201,'5010,260
1201,'5020,45
1201,'5030,125
1201,'5040,5
1201,'5050,155
1201,'5110,10
1201,'5122,45
1201,'5131,60
1201,'5141,5
1201,'5143,125
1201,'5149,5
1201,'5150,20
1201,'5190,245
1201,'5211,175
1201,'5219,30
1201,'5220,35
1201,'5231,180
1201,'5232,505
1201,'5233,250
1201,'5234,425
1201,'5239,260
1201,'5240,15
1201,'5260,35
1201,'5510,110
1201,'5520,170
1201,'6021,305
1201,'6022,10
1201,'6110,115
1201,'6120,5
1201,'6302,5
1201,'6303,5
1201,'6304,530
1201,'6309,35
1201,'6420,185
1201,'6519,305
1201,'6592,530
1201,'6599,15
1201,'6602,185
1201,'6711,30
1201,'6719,45
1201,'6720,15
1201,'7010,510
1201,'7020,1350
1201,'7111,5
1201,'7129,10
1201,'7220,5
1201,'7411,125
1201,'7412,10
1201,'7414,70
1201,'7421,45
1201,'7430,50
1201,'7492,675
1201,'7493,205
1201,'7495,5
1201,'7499,5
1201,'8010,185
1201,'8021,85
1201,'8090,35
1201,'8511,555
1201,'8532,5
1201,'9120,30
1201,'9199,30
1201,'9211,10
1201,'9214,15
1201,'9219,80
1201,'9241,5
1201,'9302,5
1201,'9309,5
1301,'0111,60
1301,'0112,410
1301,'0121,35
1301,'0122,155
1301,'0140,170
1301,'1511,605
1301,'1513,30
1301,'1520,35
1301,'1533,175
1301,'1541,65
1301,'1549,70
1301,'1553,360
1301,'1554,220
1301,'1711,30
1301,'1712,330
1301,'1721,5
1301,'1723,380
1301,'1810,2480
1301,'1920,300
1301,'2010,30
1301,'2022,30
1301,'2029,30
1301,'2221,145
1301,'2411,5
1301,'2423,60
1301,'2429,5
1301,'2519,30
1301,'2610,5
1301,'2694,75
1301,'2695,35
1301,'2710,30
1301,'2899,35
1301,'2919,5
1301,'3110,35
1301,'3120,175
1301,'3140,5
1301,'3190,30
1301,'3320,35
1301,'3410,5
1301,'3610,325
1301,'4020,5
1301,'4520,145
1301,'5010,580
1301,'5020,100
1301,'5030,405
1301,'5040,35
1301,'5050,175
1301,'5110,140
1301,'5121,75
1301,'5122,45
1301,'5131,150
1301,'5139,40
1301,'5141,75
1301,'5143,25
1301,'5150,15
1301,'5190,380
1301,'5211,195
1301,'5219,80
1301,'5220,40
1301,'5231,295
1301,'5232,435
1301,'5233,95
1301,'5234,320
1301,'5239,170
1301,'5259,35
1301,'5510,105
1301,'5520,35
1301,'6010,5
1301,'6021,120
1301,'6302,30
1301,'6304,55
1301,'6309,5
1301,'6420,495
1301,'6519,195
1301,'6592,150
1301,'6599,10
1301,'6603,5
1301,'6719,30
1301,'6720,5
1301,'7010,20
1301,'7020,290
1301,'7111,5
1301,'7411,45
1301,'7414,30
1301,'7421,35
1301,'7430,35
1301,'7492,30
1301,'7499,40
1301,'8010,80
1301,'8021,30
1301,'8030,5
1301,'8511,810
1301,'8512,5
1301,'9213,65
1301,'9214,30
1301,'9219,65
1301,'9249,5
1302,'0140,80
1302,'4520,5
1302,'5010,15
1302,'5030,10
1302,'5040,5
1302,'5050,30
1302,'5149,5
1302,'5231,50
1302,'5233,30
1302,'5234,60
1302,'5510,5
1302,'7414,30
1302,'7499,5
1302,'8010,30
1302,'8022,5
1302,'8511,30
1303,'0112,60
1303,'1541,30
1303,'1549,5
1303,'2423,30
1303,'2429,5
1303,'4520,5
1303,'5010,10
1303,'5030,5
1303,'5050,5
1303,'5122,5
1303,'5131,35
1303,'5143,30
1303,'5190,30
1303,'5231,70
1303,'5233,5
1303,'5234,35
1303,'5510,30
1303,'6304,30
1303,'7010,5
1303,'7123,5
1303,'7499,5
1303,'8022,5
1303,'8030,30
1304,'0111,80
1304,'1531,175
1304,'1600,175
1304,'5121,30
1401,'0111,35
1401,'1541,30
1401,'1554,135
1401,'2022,5
1401,'2693,5
1401,'2899,5
1401,'4520,5
1401,'5010,80
1401,'5020,35
1401,'5030,5
1401,'5040,40
1401,'5050,35
1401,'5121,5
1401,'5122,5
1401,'5141,5
1401,'5143,5
1401,'5150,5
1401,'5190,5
1401,'5211,5
1401,'5231,55
1401,'5232,5
1401,'5234,50
1401,'5239,10
1401,'5510,10
1401,'6021,5
1401,'6304,45
1401,'6309,10
1401,'6420,95
1401,'6592,75
1401,'6602,5
1401,'7020,90
1401,'7111,5
1401,'7494,5
1401,'8090,5
1401,'8511,95
1401,'9214,5
1402,'0111,5
1402,'0500,30
1402,'5220,5
1402,'5234,5
1402,'5510,175
1402,'7499,5
1402,'8511,30
1404,'2022,5
1404,'4520,5
1404,'5231,10
1404,'5510,5
1404,'9111,5
1501,'0111,30
1501,'0140,75
1501,'1511,75
1501,'1600,300
1501,'2101,30
1501,'2811,205
1501,'5010,60
1501,'5030,15
1501,'5050,10
1501,'5122,5
1501,'5139,175
1501,'5190,10
1501,'5220,40
1501,'5231,20
1501,'5232,40
1501,'5510,15
1501,'5520,35
1501,'6420,35
1501,'6519,35
1501,'6592,30
1501,'7020,10
1501,'7492,30
1501,'8511,5
1502,'5231,5
1502,'5239,30
1503,'0113,580
1503,'1520,30
1503,'2423,300
1503,'2899,30
1503,'5040,35
1503,'6420,5
1503,'6592,30
1504,'5231,5
1504,'5234,30
1505,'5121,30
1505,'6110,5
1505,'6420,60
1506,'0111,30
1506,'0140,30
1506,'5231,5
1601,'0140,300
1601,'2695,5
1601,'5231,5
1601,'5233,5
1601,'6592,5
1601,'7421,5
1701,'0140,30
1701,'1513,300
1701,'1520,30
1701,'1533,60
1701,'1542,5
1701,'1543,60
1701,'1549,5
1701,'1554,60
1701,'1712,30
1701,'1810,205
1701,'2010,60
1701,'2423,10
1701,'2692,5
1701,'2811,5
1701,'3511,300
1701,'3610,105
1701,'4520,5
1701,'5010,115
1701,'5020,10
1701,'5030,10
1701,'5040,5
1701,'5050,60
1701,'5110,5
1701,'5122,65
1701,'5131,30
1701,'5141,205
1701,'5142,5
1701,'5143,35
1701,'5150,35
1701,'5190,115
1701,'5211,25
1701,'5219,10
1701,'5220,135
1701,'5231,80
1701,'5232,10
1701,'5234,65
1701,'5239,65
1701,'5259,5
1701,'5520,5
1701,'6021,65
1701,'6420,60
1701,'6519,105
1701,'6592,10
1701,'6602,5
1701,'7010,5
1701,'7020,20
1701,'7111,5
1701,'7421,10
1701,'7492,5
1701,'7499,15
1701,'8010,60
1701,'8021,30
1701,'8022,5
1701,'8030,10
1701,'8511,160
1701,'8520,5
1701,'9111,30
1701,'9199,5
1701,'9219,5
1702,'1554,5
1702,'5231,5
1702,'6021,30
1801,'0111,10
1801,'0112,60
1801,'0121,5
1801,'0140,30
1801,'1520,90
1801,'1541,100
1801,'1549,5
1801,'1551,600
1801,'1554,135
1801,'1600,5
1801,'1711,30
1801,'1712,30
1801,'1723,390
1801,'1730,330
1801,'1810,35
1801,'1820,300
1801,'2022,65
1801,'2029,5
1801,'2221,50
1801,'2222,40
1801,'2693,30
1801,'2699,30
1801,'2710,35
1801,'2919,30
1801,'2929,30
1801,'3110,30
1801,'3140,15
1801,'3150,75
1801,'3190,30
1801,'3320,10
1801,'3699,205
1801,'4010,60
1801,'4520,205
1801,'4530,30
1801,'5010,110
1801,'5020,90
1801,'5030,10
1801,'5050,255
1801,'5110,25
1801,'5121,5
1801,'5122,25
1801,'5131,5
1801,'5139,40
1801,'5143,140
1801,'5150,315
1801,'5190,485
1801,'5211,360
1801,'5219,210
1801,'5220,25
1801,'5231,215
1801,'5232,145
1801,'5233,245
1801,'5234,535
1801,'5239,385
1801,'5259,30
1801,'5510,1705
1801,'5520,285
1801,'6021,455
1801,'6110,65
1801,'6120,5
1801,'6220,205
1801,'6301,75
1801,'6303,60
1801,'6304,905
1801,'6309,155
1801,'6420,600
1801,'6519,855
1801,'6592,1195
1801,'6602,10
1801,'6719,15
1801,'6720,5
1801,'7010,870
1801,'7020,3540
1801,'7111,60
1801,'7129,45
1801,'7130,5
1801,'7220,10
1801,'7250,5
1801,'7411,80
1801,'7412,5
1801,'7414,35
1801,'7421,380
1801,'7430,45
1801,'7492,100
1801,'7494,30
1801,'7499,105
1801,'8010,165
1801,'8021,5
1801,'8022,30
1801,'8090,45
1801,'8511,545
1801,'8520,5
1801,'9111,5
1801,'9211,40
1801,'9213,10
1801,'9214,5
1801,'9219,470
1801,'9241,290
1801,'9249,35
1801,'9309,100
1802,'5050,30
1803,'3610,30
1803,'5050,5
1803,'5231,5
1804,'1541,5
1804,'5234,30
1805,'5231,10
1806,'5231,20
1806,'5510,300
1807,'1511,300
1807,'1520,40
1807,'1552,5
1807,'1600,5
1807,'2221,5
1807,'2693,30
1807,'3610,5
1807,'4010,30
1807,'4510,35
1807,'4520,255
1807,'5020,5
1807,'5050,40
1807,'5122,10
1807,'5190,10
1807,'5211,205
1807,'5220,5
1807,'5231,25
1807,'5232,5
1807,'5233,10
1807,'5234,10
1807,'5239,35
1807,'5510,350
1807,'5520,70
1807,'6304,70
1807,'6592,15
1807,'6603,5
1807,'7010,45
1807,'7020,25
1807,'7111,30
1807,'7220,5
1807,'7412,15
1807,'7414,5
1807,'7492,65
1807,'7494,5
1807,'8010,10
1807,'8022,5
1807,'9111,30
1807,'9241,5
1807,'9249,75
1809,'5231,5
1901,'0112,5
1901,'0113,30
1901,'1533,30
1901,'1543,30
1901,'1810,300
1901,'3110,5
1901,'5010,40
1901,'5030,5
1901,'5040,5
1901,'5141,5
1901,'5143,30
1901,'5231,70
1901,'5239,5
1901,'6021,5
1901,'6304,35
1901,'6420,5
1901,'6592,5
1901,'6719,30
1901,'7010,5
1901,'7020,15
1901,'7430,5
1901,'8010,30
1902,'5050,30
1902,'5231,25
1902,'5234,5
1902,'5239,75
1902,'6420,30
1902,'7010,5
1902,'7020,5
1902,'7421,5
1902,'8511,30
1903,'1533,30
1903,'1554,30
1903,'5040,30
1903,'5231,10
1903,'5234,30
2001,'0140,5
2001,'1554,65
2001,'2211,30
2001,'2695,5
2001,'4010,35
2001,'4520,300
2001,'5050,5
2001,'5121,10
2001,'5122,5
2001,'5190,10
2001,'5231,20
2001,'5232,5
2001,'5234,35
2001,'5239,10
2001,'5510,20
2001,'5520,5
2001,'6021,60
2001,'6220,5
2001,'6304,130
2001,'6309,55
2001,'6420,10
2001,'6519,85
2001,'6592,130
2001,'6602,5
2001,'7010,40
2001,'7020,375
2001,'7111,25
2001,'7411,5
2001,'7499,30
2001,'8010,60
2001,'8090,5
2001,'9219,35
2001,'9241,10
2001,'9309,30
2002,'5234,5
2002,'6022,5
2003,'1554,5
2003,'4010,105
2003,'4510,5
2003,'4550,5
2003,'5010,30
2003,'5143,5
2003,'5190,5
2003,'5231,20
2003,'5234,5
2003,'5239,5
2003,'5510,140
2003,'5520,5
2003,'6420,5
2003,'6592,5
2003,'7020,75
2003,'7411,30
2003,'7412,5
2003,'7414,5
2003,'7492,75
2101,'0111,175
2101,'0113,35
2101,'0122,5
2101,'0140,115
2101,'1320,75
2101,'1410,175
2101,'1511,175
2101,'1513,375
2101,'1514,30
2101,'1520,5
2101,'1541,210
2101,'1549,775
2101,'1554,55
2101,'1711,360
2101,'1723,305
2101,'1810,705
2101,'1920,305
2101,'2022,30
2101,'2101,5
2101,'2102,75
2101,'2109,175
2101,'2211,30
2101,'2221,15
2101,'2222,5
2101,'2413,300
2101,'2423,30
2101,'2429,30
2101,'2520,340
2101,'2693,60
2101,'2694,300
2101,'2695,75
2101,'2699,90
2101,'2710,235
2101,'2811,35
2101,'2891,30
2101,'2893,5
2101,'2899,5
2101,'2919,60
2101,'2922,5
2101,'2929,40
2101,'2930,180
2101,'3190,390
2101,'3210,600
2101,'3230,600
2101,'3311,30
2101,'3511,30
2101,'3610,35
2101,'3691,5
2101,'4010,90
2101,'4030,30
2101,'4520,425
2101,'4530,5
2101,'5010,290
2101,'5020,65
2101,'5030,80
2101,'5040,5
2101,'5050,150
2101,'5110,40
2101,'5122,555
2101,'5131,120
2101,'5139,35
2101,'5141,5
2101,'5143,490
2101,'5149,30
2101,'5150,55
2101,'5190,320
2101,'5211,50
2101,'5220,70
2101,'5231,370
2101,'5232,220
2101,'5233,305
2101,'5234,160
2101,'5239,165
2101,'5240,5
2101,'5510,105
2101,'5520,60
2101,'6021,400
2101,'6022,5
2101,'6023,5
2101,'6030,175
2101,'6110,5
2101,'6304,130
2101,'6309,70
2101,'6420,515
2101,'6519,60
2101,'6592,220
2101,'6599,35
2101,'6602,15
2101,'6719,5
2101,'6720,10
2101,'7010,180
2101,'7020,320
2101,'7111,10
2101,'7250,5
2101,'7411,10
2101,'7412,5
2101,'7414,5
2101,'7421,170
2101,'7430,55
2101,'7492,335
2101,'7494,5
2101,'7499,45
2101,'8010,100
2101,'8022,210
2101,'8090,30
2101,'8511,525
2101,'8520,15
2101,'9111,30
2101,'9120,10
2101,'9191,5
2101,'9213,5
2101,'9214,5
2101,'9219,5
2101,'9220,5
2101,'9309,5
2102,'5231,5
2103,'0113,30
2103,'1422,75
2103,'1514,30
2103,'1541,30
2103,'1554,10
2103,'1711,5
2103,'1723,5
2103,'1810,5
2103,'2021,75
2103,'2022,30
2103,'2101,60
2103,'2221,40
2103,'2320,175
2103,'2413,405
2103,'2423,175
2103,'2424,175
2103,'2429,175
2103,'2520,165
2103,'2691,75
2103,'2695,5
2103,'2699,30
2103,'2811,30
2103,'2899,70
2103,'3190,30
2103,'3210,475
2103,'3410,5
2103,'3511,30
2103,'3699,30
2103,'4520,240
2103,'5010,35
2103,'5020,30
2103,'5030,40
2103,'5040,180
2103,'5050,30
2103,'5122,480
2103,'5131,135
2103,'5141,5
2103,'5150,5
2103,'5190,150
2103,'5220,30
2103,'5231,30
2103,'5233,175
2103,'5234,70
2103,'5239,5
2103,'5259,5
2103,'5520,305
2103,'6021,80
2103,'6022,30
2103,'6023,30
2103,'6210,30
2103,'6302,90
2103,'6303,330
2103,'6304,10
2103,'6309,175
2103,'6592,15
2103,'6719,5
2103,'7010,5
2103,'7020,35
2103,'7411,30
2103,'7414,30
2103,'7421,60
2103,'7430,5
2103,'7493,5
2103,'7499,10
2103,'8511,235
2103,'9111,40
2103,'9120,35
2103,'9191,175
2103,'9302,5
2104,'5110,5
2104,'5231,10
2104,'5234,5
2105,'1513,300
2105,'1554,30
2105,'2102,30
2105,'2423,30
2105,'2520,30
2105,'2811,35
2105,'3699,30
2105,'4520,5
2105,'5190,5
2105,'5231,15
2105,'8511,5
2106,'5040,30
2107,'1711,30
2107,'2101,75
2107,'2413,350
2107,'2899,300
2107,'3210,300
2107,'5141,5
2107,'5149,5
2107,'5231,5
2107,'5234,35
2107,'5239,5
2107,'6021,30
2107,'6023,30
2201,'0112,5
2201,'1541,70
2201,'1554,60
2201,'2221,10
2201,'4520,5
2201,'5030,60
2201,'5050,5
2201,'5110,5
2201,'5122,35
2201,'5139,35
2201,'5141,30
2201,'5190,165
2201,'5211,60
2201,'5220,30
2201,'5231,55
2201,'5232,5
2201,'5233,20
2201,'5234,30
2201,'5510,10
2201,'6420,105
2201,'6519,30
2201,'6592,60
2201,'7020,5
2201,'7411,5
2201,'7421,5
2201,'8021,30
2201,'8090,5
2201,'8511,110
2203,'5231,5
2204,'5231,5
2205,'5050,5
2205,'5231,15
2205,'6420,30
2205,'8511,5
2301,'0111,35
2301,'0113,35
2301,'0140,5
2301,'1511,30
2301,'1513,30
2301,'1541,70
2301,'1542,175
2301,'1543,30
2301,'1551,105
2301,'1554,145
2301,'1600,180
2301,'1711,610
2301,'1712,175
2301,'1723,810
2301,'1810,2290
2301,'1911,30
2301,'1920,175
2301,'2010,30
2301,'2022,5
2301,'2102,30
2301,'2109,75
2301,'2211,30
2301,'2221,5
2301,'2320,30
2301,'2423,30
2301,'2520,425
2301,'2710,40
2301,'2811,5
2301,'2812,30
2301,'2892,5
2301,'2893,30
2301,'2899,70
2301,'3190,40
2301,'3210,300
2301,'3311,30
2301,'3691,825
2301,'3699,30
2301,'3720,75
2301,'4010,5
2301,'4510,75
2301,'4520,250
2301,'4530,5
2301,'5010,85
2301,'5020,20
2301,'5030,60
2301,'5040,5
2301,'5050,65
2301,'5121,5
2301,'5122,60
2301,'5131,10
2301,'5139,105
2301,'5143,35
2301,'5150,35
2301,'5190,395
2301,'5211,5
2301,'5219,330
2301,'5220,5
2301,'5231,180
2301,'5232,50
2301,'5233,25
2301,'5234,170
2301,'5239,95
2301,'5259,35
2301,'5260,35
2301,'5510,470
2301,'5520,115
2301,'6021,125
2301,'6023,30
2301,'6304,50
2301,'6309,20
2301,'6420,215
2301,'6592,55
2301,'6599,10
2301,'6602,5
2301,'6603,10
2301,'6720,35
2301,'7010,65
2301,'7020,305
2301,'7111,5
2301,'7129,5
2301,'7220,5
2301,'7250,30
2301,'7411,55
2301,'7412,10
2301,'7421,40
2301,'7494,5
2301,'7499,10
2301,'8010,230
2301,'8022,5
2301,'8030,300
2301,'8090,10
2301,'8511,725
2301,'9111,30
2301,'9219,10
2301,'9241,5
2301,'9249,30
2301,'9301,175
2301,'9302,305
2302,'5050,5
2302,'5190,5
2302,'6592,5
2304,'5190,5
2304,'5231,10
2304,'7421,30
2305,'1712,75
2401,'0111,235
2401,'0113,5
2401,'0140,30
2401,'1429,30
2401,'1511,30
2401,'1520,30
2401,'1531,175
2401,'1544,175
2401,'1554,30
2401,'1810,300
2401,'2424,5
2401,'2892,5
2401,'4520,5
2401,'4530,5
2401,'5010,100
2401,'5030,35
2401,'5121,35
2401,'5141,5
2401,'5143,5
2401,'5190,35
2401,'5211,5
2401,'5231,95
2401,'5232,15
2401,'5234,90
2401,'5239,10
2401,'5510,5
2401,'6021,35
2401,'6302,5
2401,'6420,30
2401,'6519,35
2401,'6592,115
2401,'7010,5
2401,'7020,5
2401,'7411,5
2401,'7421,85
2401,'8030,175
2401,'8511,90
2401,'8512,75
2401,'8519,5
2401,'9211,75
2402,'5231,5
2402,'6420,5
2403,'0111,60
2403,'0121,5
2403,'5050,30
2403,'5231,10
2403,'5239,30
2501,'0111,720
2501,'0112,10
2501,'0113,545
2501,'0122,1220
2501,'0130,30
2501,'0140,185
2501,'0200,10
2501,'1320,75
2501,'1410,30
2501,'1422,5
2501,'1429,60
2501,'1511,815
2501,'1513,30
2501,'1514,300
2501,'1520,135
2501,'1531,205
2501,'1533,5
2501,'1541,750
2501,'1543,5
2501,'1549,480
2501,'1551,180
2501,'1553,80
2501,'1554,455
2501,'1600,5110
2501,'1711,850
2501,'1712,355
2501,'1722,5
2501,'1723,2855
2501,'1729,5
2501,'1730,650
2501,'1810,4775
2501,'1820,575
2501,'1911,105
2501,'1920,1215
2501,'2010,30
2501,'2022,45
2501,'2023,135
2501,'2101,30
2501,'2102,140
2501,'2109,75
2501,'2211,30
2501,'2212,75
2501,'2219,35
2501,'2221,565
2501,'2222,140
2501,'2320,30
2501,'2411,65
2501,'2413,30
2501,'2421,60
2501,'2422,35
2501,'2423,425
2501,'2424,50
2501,'2429,115
2501,'2511,30
2501,'2519,60
2501,'2520,330
2501,'2610,75
2501,'2691,35
2501,'2692,30
2501,'2693,300
2501,'2694,405
2501,'2695,355
2501,'2696,210
2501,'2699,140
2501,'2710,755
2501,'2731,30
2501,'2811,845
2501,'2891,5
2501,'2893,80
2501,'2899,670
2501,'2919,510
2501,'2921,35
2501,'2929,35
2501,'3110,100
2501,'3130,330
2501,'3140,65
2501,'3190,265
2501,'3230,175
2501,'3320,85
2501,'3330,180
2501,'3410,60
2501,'3430,65
2501,'3610,635
2501,'3691,60
2501,'3699,230
2501,'4010,335
2501,'4020,30
2501,'4510,30
2501,'4520,1590
2501,'4530,275
2501,'4540,15
2501,'4550,90
2501,'5010,2010
2501,'5020,915
2501,'5030,1005
2501,'5040,5
2501,'5050,1055
2501,'5110,225
2501,'5121,435
2501,'5122,865
2501,'5131,480
2501,'5139,205
2501,'5141,120
2501,'5142,120
2501,'5143,575
2501,'5149,55
2501,'5150,695
2501,'5190,1185
2501,'5211,750
2501,'5219,80
2501,'5220,220
2501,'5231,1395
2501,'5232,1970
2501,'5233,1230
2501,'5234,1675
2501,'5239,1735
2501,'5240,40
2501,'5259,160
2501,'5260,35
2501,'5510,1015
2501,'5520,710
2501,'6021,1100
2501,'6022,50
2501,'6023,65
2501,'6030,5
2501,'6210,30
2501,'6220,35
2501,'6301,30
2501,'6302,45
2501,'6303,235
2501,'6304,555
2501,'6309,490
2501,'6420,2720
2501,'6519,360
2501,'6592,2095
2501,'6599,110
2501,'6602,180
2501,'6603,445
2501,'6711,5
2501,'6719,75
2501,'6720,205
2501,'7010,1495
2501,'7020,2575
2501,'7111,105
2501,'7129,10
2501,'7130,70
2501,'7210,35
2501,'7220,200
2501,'7250,5
2501,'7290,30
2501,'7310,10
2501,'7411,600
2501,'7412,95
2501,'7413,10
2501,'7414,65
2501,'7421,730
2501,'7430,445
2501,'7491,35
2501,'7492,855
2501,'7493,220
2501,'7494,75
2501,'7499,570
2501,'8010,510
2501,'8021,310
2501,'8022,85
2501,'8030,1010
2501,'8090,205
2501,'8511,2235
2501,'8512,45
2501,'8519,50
2501,'8520,130
2501,'8531,10
2501,'9111,145
2501,'9120,35
2501,'9191,30
2501,'9199,185
2501,'9211,15
2501,'9212,5
2501,'9213,20
2501,'9214,95
2501,'9219,110
2501,'9220,35
2501,'9232,75
2501,'9241,110
2501,'9249,435
2501,'9301,50
2501,'9302,110
2501,'9309,140
2502,'0113,5
2502,'0122,30
2502,'0140,30
2502,'1533,300
2502,'1549,300
2502,'1600,810
2502,'2023,175
2502,'2109,175
2502,'2610,30
2502,'2696,5
2502,'3610,30
2502,'4520,40
2502,'5190,30
2502,'6592,5
2503,'5231,5
2504,'0113,35
2504,'0122,35
2504,'0140,5
2504,'1531,300
2504,'1600,110
2504,'1711,5
2504,'2010,30
2504,'2022,105
2504,'2520,30
2504,'2699,5
2504,'2710,5
2504,'2893,30
2504,'3610,30
2504,'5020,30
2504,'5030,30
2504,'5050,30
2504,'5143,30
2504,'5190,40
2504,'5231,25
2504,'5234,35
2504,'5520,75
2504,'6592,5
2504,'8511,5
2505,'0121,5
2505,'1730,5
2505,'4030,30
2505,'5050,30
2505,'5231,10
2506,'1543,30
2506,'5050,5
2507,'1600,505
2507,'5231,5
2507,'6304,5
2601,'0140,5
2601,'1553,300
2601,'1554,5
2601,'2221,5
2601,'2520,75
2601,'5219,10
2601,'5231,40
2601,'5232,5
2601,'5234,5
2601,'6304,5
2601,'6420,60
2601,'6592,5
2601,'7010,5
2601,'8030,5
2601,'8511,35
2601,'9120,30
2602,'5231,5
2603,'1531,75
2603,'1554,5
2603,'5139,5
2603,'5231,10
2603,'5234,30
2701,'0111,255
2701,'0113,5
2701,'0121,30
2701,'0122,30
2701,'0140,60
2701,'1531,140
2701,'1541,60
2701,'1554,5
2701,'1600,300
2701,'1711,75
2701,'1712,175
2701,'1723,930
2701,'1810,330
2701,'2221,35
2701,'2695,30
2701,'2899,5
2701,'2929,30
2701,'4030,5
2701,'4520,5
2701,'5010,150
2701,'5030,35
2701,'5040,60
2701,'5050,65
2701,'5110,5
2701,'5121,260
2701,'5131,5
2701,'5150,35
2701,'5190,140
2701,'5211,5
2701,'5219,5
2701,'5220,60
2701,'5231,160
2701,'5232,10
2701,'5233,5
2701,'5234,35
2701,'5239,30
2701,'5259,5
2701,'5510,35
2701,'6021,30
2701,'6220,30
2701,'6304,5
2701,'6412,5
2701,'6420,135
2701,'6592,5
2701,'6599,5
2701,'7010,5
2701,'7020,35
2701,'7411,5
2701,'7412,5
2701,'7421,75
2701,'7499,5
2701,'8010,105
2701,'8511,145
2701,'9213,5
2701,'9302,5
2702,'0140,5
2702,'1810,300
2702,'2423,30
2702,'4020,5
2702,'5030,5
2702,'5050,5
2702,'5231,25
2702,'5239,5
2702,'6592,10
2702,'8511,35
2703,'0111,30
2703,'5231,10
2703,'5234,5
2703,'7020,5
2703,'8520,5
2801,'0111,35
2801,'1010,30
2801,'1513,30
2801,'1520,80
2801,'1541,5
2801,'1549,35
2801,'1554,75
2801,'1711,75
2801,'1723,300
2801,'1810,935
2801,'2010,30
2801,'2101,30
2801,'2221,10
2801,'2413,5
2801,'2693,180
2801,'2710,30
2801,'2811,35
2801,'2899,5
2801,'2919,35
2801,'3610,30
2801,'4520,125
2801,'5010,100
2801,'5020,60
2801,'5040,5
2801,'5050,70
2801,'5121,40
2801,'5122,30
2801,'5141,90
2801,'5143,5
2801,'5190,20
2801,'5211,15
2801,'5220,5
2801,'5231,110
2801,'5232,45
2801,'5233,10
2801,'5234,45
2801,'5239,85
2801,'5260,5
2801,'5510,45
2801,'5520,70
2801,'6021,30
2801,'6022,10
2801,'6304,5
2801,'6420,195
2801,'6519,110
2801,'6592,45
2801,'6719,5
2801,'7010,190
2801,'7020,75
2801,'7210,30
2801,'7492,65
2801,'8010,35
2801,'8021,30
2801,'8030,175
2801,'8090,30
2801,'8511,480
2801,'8531,30
2801,'9111,5
2801,'9309,5
2802,'0111,5
2802,'0121,30
2802,'1533,5
2802,'4520,5
2802,'5020,10
2802,'5050,5
2802,'5231,5
2802,'7010,5
2901,'0140,30
2901,'1554,30
2901,'2411,5
2901,'5040,5
2901,'5050,5
2901,'5110,30
2901,'5150,5
2901,'5231,5
2901,'5233,5
2901,'5239,5
2901,'5259,5
2901,'6021,5
2901,'6599,5
2901,'7020,5
2902,'1533,5
2902,'1554,5
2902,'5231,5
2903,'5131,5
2903,'5231,5
2904,'5231,20
3001,'0111,175
3001,'1520,75
3001,'1541,30
3001,'1810,205
3001,'4520,5
3001,'5010,35
3001,'5030,15
3001,'5110,5
3001,'5121,30
3001,'5220,30
3001,'5231,20
3001,'5233,30
3001,'5234,30
3001,'5239,30
3001,'5259,5
3001,'6420,10
3001,'6720,5
3001,'8511,35
3002,'0121,75
3002,'5110,75
3002,'6304,5
3101,'1541,110
3101,'5010,5
3101,'5121,30
3101,'5122,5
3101,'5141,30
3101,'5231,25
3101,'5239,30
3101,'6304,5
3101,'6420,35
3101,'8519,5
3102,'1554,30
3201,'0112,30
3201,'0113,10
3201,'0122,30
3201,'0140,195
3201,'1410,5
3201,'1429,5
3201,'1511,170
3201,'1512,30
3201,'1513,350
3201,'1520,340
3201,'1531,30
3201,'1533,30
3201,'1541,305
3201,'1543,30
3201,'1544,5
3201,'1549,35
3201,'1551,175
3201,'1552,5
3201,'1553,40
3201,'1554,365
3201,'1711,470
3201,'1712,210
3201,'1721,35
3201,'1723,275
3201,'1730,305
3201,'1810,875
3201,'1820,10
3201,'1920,480
3201,'2010,40
3201,'2022,175
3201,'2101,360
3201,'2102,10
3201,'2109,60
3201,'2211,80
3201,'2219,75
3201,'2221,395
3201,'2222,75
3201,'2320,10
3201,'2411,205
3201,'2413,210
3201,'2421,5
3201,'2422,40
3201,'2423,195
3201,'2424,275
3201,'2429,185
3201,'2519,180
3201,'2520,350
3201,'2610,125
3201,'2691,70
3201,'2692,5
3201,'2693,35
3201,'2695,130
3201,'2710,35
3201,'2720,10
3201,'2731,180
3201,'2811,280
3201,'2812,5
3201,'2893,5
3201,'2899,45
3201,'2919,115
3201,'2921,5
3201,'2929,10
3201,'2930,15
3201,'3000,65
3201,'3110,30
3201,'3120,5
3201,'3140,5
3201,'3150,30
3201,'3190,415
3201,'3210,10
3201,'3220,5
3201,'3230,405
3201,'3311,105
3201,'3320,35
3201,'3430,310
3201,'3610,1170
3201,'3691,385
3201,'3693,305
3201,'3699,305
3201,'4010,335
3201,'4020,70
3201,'4030,30
3201,'4510,15
3201,'4520,1180
3201,'4530,315
3201,'4550,40
3201,'5010,400
3201,'5020,265
3201,'5030,735
3201,'5040,50
3201,'5050,420
3201,'5110,105
3201,'5121,15
3201,'5122,280
3201,'5131,215
3201,'5139,125
3201,'5141,315
3201,'5142,40
3201,'5143,215
3201,'5149,125
3201,'5150,100
3201,'5190,1160
3201,'5211,490
3201,'5219,205
3201,'5220,150
3201,'5231,1255
3201,'5232,490
3201,'5233,960
3201,'5234,1545
3201,'5239,620
3201,'5259,30
3201,'5260,175
3201,'5510,355
3201,'5520,545
3201,'6021,610
3201,'6022,50
3201,'6023,40
3201,'6030,5
3201,'6110,30
3201,'6220,80
3201,'6302,90
3201,'6303,280
3201,'6304,550
3201,'6309,450
3201,'6412,10
3201,'6420,1110
3201,'6519,305
3201,'6592,920
3201,'6599,65
3201,'6603,185
3201,'6719,110
3201,'6720,25
3201,'7010,385
3201,'7020,980
3201,'7111,60
3201,'7123,5
3201,'7130,5
3201,'7210,30
3201,'7220,345
3201,'7230,5
3201,'7250,5
3201,'7290,10
3201,'7411,60
3201,'7412,25
3201,'7414,50
3201,'7421,305
3201,'7430,175
3201,'7492,680
3201,'7493,25
3201,'7494,30
3201,'7499,130
3201,'8010,485
3201,'8022,80
3201,'8030,10
3201,'8090,440
3201,'8511,1060
3201,'8512,275
3201,'8519,330
3201,'8520,35
3201,'8531,35
3201,'8532,35
3201,'9000,5
3201,'9111,40
3201,'9191,10
3201,'9199,5
3201,'9213,5
3201,'9219,70
3201,'9220,300
3201,'9233,5
3201,'9241,30
3201,'9249,315
3201,'9301,30
3201,'9309,30
3202,'0111,5
3202,'0112,35
3202,'0113,5
3202,'0121,35
3202,'0122,5
3202,'0140,30
3202,'1422,30
3202,'1511,545
3202,'1513,5
3202,'1520,175
3202,'1533,35
3202,'1541,30
3202,'1549,180
3202,'1554,85
3202,'1600,175
3202,'1711,175
3202,'1712,35
3202,'1722,10
3202,'1730,60
3202,'1810,70
3202,'1820,30
3202,'1920,80
3202,'2010,205
3202,'2022,50
3202,'2023,5
3202,'2101,30
3202,'2102,110
3202,'2109,30
3202,'2211,250
3202,'2212,305
3202,'2219,110
3202,'2221,140
3202,'2230,30
3202,'2413,305
3202,'2422,35
3202,'2423,1510
3202,'2424,335
3202,'2429,95
3202,'2520,425
3202,'2610,515
3202,'2691,135
3202,'2693,5
3202,'2694,75
3202,'2695,630
3202,'2710,705
3202,'2720,30
3202,'2732,30
3202,'2811,40
3202,'2893,35
3202,'2899,165
3202,'2912,5
3202,'2919,20
3202,'2923,5
3202,'2929,70
3202,'3110,20
3202,'3140,75
3202,'3150,30
3202,'3190,30
3202,'3320,5
3202,'3430,80
3202,'3610,140
3202,'3699,125
3202,'4010,30
3202,'4020,5
3202,'4030,5
3202,'4520,730
3202,'4530,195
3202,'4540,40
3202,'4550,5
3202,'5010,420
3202,'5020,315
3202,'5030,75
3202,'5040,5
3202,'5050,845
3202,'5110,225
3202,'5121,150
3202,'5122,615
3202,'5131,625
3202,'5139,295
3202,'5141,310
3202,'5142,135
3202,'5143,565
3202,'5149,45
3202,'5150,60
3202,'5190,1560
3202,'5211,290
3202,'5219,110
3202,'5220,345
3202,'5231,350
3202,'5232,215
3202,'5233,185
3202,'5234,320
3202,'5239,240
3202,'5240,5
3202,'5259,40
3202,'5260,70
3202,'5510,180
3202,'5520,120
3202,'6021,35
3202,'6110,175
3202,'6220,30
3202,'6303,60
3202,'6304,20
3202,'6309,75
3202,'6420,165
3202,'6592,80
3202,'6599,5
3202,'6719,5
3202,'6720,40
3202,'7010,110
3202,'7020,155
3202,'7129,5
3202,'7130,5
3202,'7220,35
3202,'7250,40
3202,'7290,5
3202,'7310,5
3202,'7411,5
3202,'7412,10
3202,'7413,5
3202,'7414,5
3202,'7421,70
3202,'7430,20
3202,'7492,195
3202,'7493,105
3202,'7499,5
3202,'8010,165
3202,'8021,60
3202,'8090,35
3202,'8511,445
3202,'8512,15
3202,'8519,20
3202,'8531,30
3202,'8532,30
3202,'9000,5
3202,'9111,30
3202,'9120,5
3202,'9199,30
3202,'9219,5
3202,'9241,30
3202,'9302,405
3202,'9309,30
3203,'0111,235
3203,'0113,65
3203,'0121,60
3203,'0122,260
3203,'0140,40
3203,'1010,30
3203,'1320,5
3203,'1410,30
3203,'1421,5
3203,'1513,175
3203,'1514,175
3203,'1520,80
3203,'1531,240
3203,'1541,230
3203,'1543,235
3203,'1549,195
3203,'1551,380
3203,'1553,90
3203,'1554,180
3203,'1711,170
3203,'1712,305
3203,'1721,5
3203,'1722,5
3203,'1723,805
3203,'1729,5
3203,'1810,220
3203,'1912,30
3203,'1920,90
3203,'2010,240
3203,'2022,70
3203,'2101,210
3203,'2102,30
3203,'2211,5
3203,'2219,15
3203,'2221,465
3203,'2222,720
3203,'2320,75
3203,'2330,30
3203,'2411,65
3203,'2412,300
3203,'2413,80
3203,'2422,305
3203,'2423,1680
3203,'2424,275
3203,'2429,175
3203,'2519,110
3203,'2520,1255
3203,'2610,80
3203,'2691,210
3203,'2692,10
3203,'2693,60
3203,'2695,240
3203,'2696,60
3203,'2699,5
3203,'2710,460
3203,'2731,105
3203,'2811,425
3203,'2812,300
3203,'2893,5
3203,'2899,135
3203,'2919,60
3203,'2929,5
3203,'2930,70
3203,'3000,5
3203,'3110,190
3203,'3140,20
3203,'3190,520
3203,'3220,5
3203,'3230,10
3203,'3430,30
3203,'3610,265
3203,'3699,115
3203,'4010,110
3203,'4020,385
3203,'4510,40
3203,'4520,2175
3203,'4530,500
3203,'4540,65
3203,'4550,155
3203,'5010,900
3203,'5020,440
3203,'5030,1280
3203,'5040,80
3203,'5050,295
3203,'5110,165
3203,'5122,275
3203,'5131,75
3203,'5139,80
3203,'5141,545
3203,'5142,30
3203,'5143,305
3203,'5150,95
3203,'5190,460
3203,'5211,120
3203,'5219,35
3203,'5220,10
3203,'5231,715
3203,'5232,300
3203,'5233,625
3203,'5234,670
3203,'5239,660
3203,'5259,5
3203,'5260,160
3203,'5510,245
3203,'5520,565
3203,'6021,1255
3203,'6022,15
3203,'6023,95
3203,'6030,30
3203,'6110,180
3203,'6120,90
3203,'6220,275
3203,'6301,5
3203,'6302,465
3203,'6303,130
3203,'6304,160
3203,'6309,110
3203,'6412,35
3203,'6420,785
3203,'6519,135
3203,'6592,1365
3203,'6599,175
3203,'6603,5
3203,'6719,20
3203,'6720,65
3203,'7010,190
3203,'7020,905
3203,'7111,5
3203,'7112,30
3203,'7122,60
3203,'7129,5
3203,'7130,5
3203,'7220,25
3203,'7250,20
3203,'7290,30
3203,'7411,250
3203,'7412,45
3203,'7413,5
3203,'7414,20
3203,'7421,755
3203,'7430,220
3203,'7491,35
3203,'7492,900
3203,'7493,65
3203,'7494,30
3203,'7495,60
3203,'7499,85
3203,'8010,65
3203,'8021,5
3203,'8030,15
3203,'8090,95
3203,'8511,640
3203,'8512,70
3203,'8519,220
3203,'8520,80
3203,'8531,5
3203,'8532,5
3203,'9000,5
3203,'9111,340
3203,'9120,60
3203,'9191,100
3203,'9199,410
3203,'9211,35
3203,'9213,80
3203,'9214,5
3203,'9219,70
3203,'9231,35
3203,'9301,75
3203,'9302,60
3203,'9309,70
3204,'0140,330
3204,'1520,300
3204,'1541,35
3204,'1554,5
3204,'1711,75
3204,'1712,900
3204,'1730,5
3204,'1912,75
3204,'1920,300
3204,'2102,75
3204,'2320,30
3204,'2423,300
3204,'2424,175
3204,'2429,75
3204,'2520,110
3204,'2610,5
3204,'2710,5
3204,'2893,180
3204,'3190,305
3204,'3210,300
3204,'3230,300
3204,'3511,40
3204,'3691,305
3204,'3699,300
3204,'4010,5
3204,'4520,10
3204,'5010,5
3204,'5020,75
3204,'5050,30
3204,'5131,5
3204,'5139,5
3204,'5190,30
3204,'5220,5
3204,'5231,70
3204,'5232,10
3204,'5233,25
3204,'5234,85
3204,'5239,45
3204,'5510,205
3204,'5520,145
3204,'6021,20
3204,'6023,5
3204,'6220,205
3204,'6301,30
3204,'6303,215
3204,'6304,215
3204,'6309,105
3204,'6420,75
3204,'6592,140
3204,'7010,180
3204,'7020,15
3204,'7111,120
3204,'7129,5
3204,'7414,5
3204,'7430,5
3204,'7499,30
3204,'8090,175
3204,'8511,35
3204,'9120,5
3204,'9191,5
3206,'1551,175
3206,'1810,180
3206,'1920,75
3206,'4510,30
3206,'5122,175
3206,'5143,30
3206,'5231,55
3206,'5234,70
3206,'6220,30
3206,'7310,30
3206,'8511,335
3206,'8519,315
3207,'5219,75
3207,'5231,15
3207,'7414,175
