inc2002,munocc,grossalary13,occinc13,frstsourcinc13,numworkers02,numworkers10,occ,duty02,duty13
2512.41128656,101,5827.92727725,5827.92727725,145.698181931,2571.0,2331.0,1,11.2825112108,1.49038595813
2512.41128656,101,7284.90909656,7284.90909656,1456.98181931,2571.0,2331.0,1,11.2825112108,1.49038595813
1277.62999887,201,1439.55517402,1414.21511767,393.126072224,121.5,99.5,1,11.2825112108,1.49038595813
1277.62999887,201,2440.51115223,2424.52598027,1080.46533983,121.5,99.5,1,11.2825112108,1.49038595813
1070.11656218,202,2651.70691115,2631.30916568,,5.0,0.0,1,11.2825112108,1.49038595813
1070.11656218,202,5452.3497416,5414.14444056,1500.69127389,5.0,0.0,1,11.2825112108,1.49038595813
2054.62379939,203,1803.18845161,2507.17431467,1162.84632963,1.0,1.0,1,11.2825112108,1.49038595813
1448.22441416,204,1712.76307204,1711.46797708,1165.58545545,6.0,1.0,1,11.2825112108,1.49038595813
1448.22441416,204,3170.92225039,3304.72616256,782.388444512,6.0,1.0,1,11.2825112108,1.49038595813
1070.11656218,205,2355.3568091,2355.3568091,1923.21600149,5.0,0.0,1,11.2825112108,1.49038595813
1070.11656218,205,2021.52865164,2021.52865164,1129.56562714,5.0,0.0,1,11.2825112108,1.49038595813
1448.22441416,206,631.358788368,626.502182304,,6.0,1.0,1,11.2825112108,1.49038595813
1448.22441416,206,1994.93686551,2342.6413314,1306.02231414,6.0,1.0,1,11.2825112108,1.49038595813
2054.62379939,208,252.543515347,501.201745843,582.792727725,1.0,1.0,1,11.2825112108,1.49038595813
2054.62379939,208,1580.58685875,1578.46761246,679.924849012,1.0,1.0,1,11.2825112108,1.49038595813
2054.62379939,209,1651.24606189,1646.38945582,97.9415556315,1.0,1.0,1,11.2825112108,1.49038595813
2054.62379939,209,1543.18657695,1540.75827392,676.687111636,1.0,1.0,1,11.2825112108,1.49038595813
1334.35752638,301,1149.07299483,1130.61789179,999.334116654,59.5,42.5,1,11.2825112108,1.49038595813
1334.35752638,301,1525.59088203,1514.3995724,23205.2896626,59.5,42.5,1,11.2825112108,1.49038595813
1334.35752638,302,1278.09682927,1231.546996,724.605624804,22.0,5.0,1,11.2825112108,1.49038595813
1334.35752638,302,4057.33359033,4055.52970808,785.968842428,22.0,5.0,1,11.2825112108,1.49038595813
1148.59177674,303,2815.4439156,2790.74460476,1202.01000093,6.0,0.0,1,11.2825112108,1.49038595813
1148.59177674,303,1577.61991395,1576.08624888,1121.87600087,6.0,0.0,1,11.2825112108,1.49038595813
1334.35752638,304,1039.31369778,1019.88727352,296.252969927,22.0,5.0,1,11.2825112108,1.49038595813
1334.35752638,305,2428.27528015,2390.1162325,566.280267106,22.0,5.0,1,11.2825112108,1.49038595813
8037.05378706,401,757.630546042,751.802618765,,136.5,103.5,1,11.2825112108,1.49038595813
8037.05378706,401,2297.17466845,2457.79587629,449.527457318,136.5,103.5,1,11.2825112108,1.49038595813
1160.54141169,402,3788.15273021,3759.01309382,145.698181931,16.0,0.0,1,11.2825112108,1.49038595813
1160.54141169,402,1073.30994023,1065.05370992,305.966182055,16.0,0.0,1,11.2825112108,1.49038595813
1712.1864995,403,1078.86034716,1075.04444239,2622.56727476,2.0,0.0,1,11.2825112108,1.49038595813
1712.1864995,403,1660.95927402,1655.32561098,582.792727725,2.0,0.0,1,11.2825112108,1.49038595813
1712.1864995,404,378.815273021,375.901309382,,2.0,0.0,1,11.2825112108,1.49038595813
1712.1864995,404,3609.80736307,3587.41301288,1359.04026368,2.0,0.0,1,11.2825112108,1.49038595813
1513.28750114,405,3219.12038633,3213.37340249,2149.04818348,12.0,0.0,1,11.2825112108,1.49038595813
8037.05378706,406,1136.44581906,1456.98181931,2913.96363862,34.0,1.0,1,11.2825112108,1.49038595813
8037.05378706,407,1581.6347083,1571.11206182,806.196606686,34.0,1.0,1,11.2825112108,1.49038595813
8037.05378706,407,3237.73737625,3229.64303281,621.992476673,34.0,1.0,1,11.2825112108,1.49038595813
1160.54141169,409,2904.25042649,2680.84654753,,16.0,0.0,1,11.2825112108,1.49038595813
1160.54141169,410,589.268202477,584.73537015,757.630546042,16.0,0.0,1,11.2825112108,1.49038595813
1160.54141169,410,1456.98181931,1456.98181931,395.716262125,16.0,0.0,1,11.2825112108,1.49038595813
1513.28750114,411,1262.71757674,1253.00436461,874.189091587,12.0,0.0,1,11.2825112108,1.49038595813
1395.47212646,501,3933.85091214,3933.85091214,,32.0,4.0,1,11.2825112108,1.49038595813
1395.47212646,501,1477.10204444,1313.52514787,1183.49419031,32.0,4.0,1,11.2825112108,1.49038595813
1110.35294492,502,1456.98181931,1456.98181931,,21.0,1.0,1,11.2825112108,1.49038595813
1110.35294492,503,1262.71757674,1165.58545545,121.415151609,21.0,1.0,1,11.2825112108,1.49038595813
1110.35294492,503,2382.97470892,2952.81648714,1129.16090997,21.0,1.0,1,11.2825112108,1.49038595813
1110.35294492,505,242.296076552,242.296076552,240.402000186,21.0,1.0,1,11.2825112108,1.49038595813
1110.35294492,505,4038.26794253,3795.43763931,5099.43636759,21.0,1.0,1,11.2825112108,1.49038595813
1494.04276198,601,3115.85969073,3109.82362319,1029.60048565,338.5,329.5,1,11.2825112108,1.49038595813
1494.04276198,601,1543.65355831,1818.84312207,19305.0091059,338.5,329.5,1,11.2825112108,1.49038595813
1299.38376701,602,4040.69624556,4009.61396675,,3.0,0.0,1,11.2825112108,1.49038595813
1299.38376701,602,3486.34935335,3486.34935335,1783.34574684,3.0,0.0,1,11.2825112108,1.49038595813
1231.40453044,603,2904.25042649,2680.84654753,,7.0,0.0,1,11.2825112108,1.49038595813
1231.40453044,603,5827.92727725,5827.92727725,,7.0,0.0,1,11.2825112108,1.49038595813
1284.13987462,604,1781.40310441,1775.76944138,1664.19701139,1.0,0.0,1,11.2825112108,1.49038595813
1284.13987462,604,1573.54036486,1567.71243758,234.735959778,1.0,0.0,1,11.2825112108,1.49038595813
1299.38376701,605,2747.4514307,2743.2886255,371.96745847,3.0,0.0,1,11.2825112108,1.49038595813
1299.38376701,605,3035.37879023,3035.37879023,,3.0,0.0,1,11.2825112108,1.49038595813
1284.13987462,606,2251.38381127,2238.54849524,,1.0,0.0,1,11.2825112108,1.49038595813
1284.13987462,606,2219.44468839,2209.00298535,433.306393063,1.0,0.0,1,11.2825112108,1.49038595813
1313.91703113,701,1126.65490124,1080.4977172,481.678189464,23.0,1.0,1,11.2825112108,1.49038595813
1313.91703113,701,1888.0990038,2002.62151064,248.901060799,23.0,1.0,1,11.2825112108,1.49038595813
1313.91703113,702,893.615515844,845.049455201,,23.0,1.0,1,11.2825112108,1.49038595813
1313.91703113,702,1806.65745595,1806.65745595,650.105287777,23.0,1.0,1,11.2825112108,1.49038595813
1027.3118997,704,291.396363862,291.396363862,,1.0,0.0,1,11.2825112108,1.49038595813
1027.3118997,704,1976.00123865,1958.63887197,296.167979321,1.0,0.0,1,11.2825112108,1.49038595813
3017.72870536,801,1553.30450626,1541.72959513,566.604040843,6.0,1.0,1,11.2825112108,1.49038595813
3017.72870536,801,2431.53267522,2370.21802366,1368.67657955,6.0,1.0,1,11.2825112108,1.49038595813
898.897912235,802,2256.68676256,2243.41203932,930.849495671,2.0,0.0,1,11.2825112108,1.49038595813
29169.1681415,901,1943.72167154,1938.15006514,,365.5,363.5,1,11.2825112108,1.49038595813
29169.1681415,901,3817.2923666,3805.63651204,1299.14212222,365.5,363.5,1,11.2825112108,1.49038595813
1712.83934132,903,1136.44581906,1049.0269099,,6.0,0.0,1,11.2825112108,1.49038595813
1712.83934132,903,1291.85721312,1291.85721312,1456.98181931,6.0,0.0,1,11.2825112108,1.49038595813
1712.83934132,904,2428.20590006,2428.20590006,,6.0,0.0,1,11.2825112108,1.49038595813
1712.83934132,904,1578.39697092,1456.98181931,,6.0,0.0,1,11.2825112108,1.49038595813
1455.35852457,1001,1894.07636511,1748.37818317,,61.0,5.0,1,11.2825112108,1.49038595813
1455.35852457,1001,2185.47272897,2185.47272897,2913.96363862,61.0,5.0,1,11.2825112108,1.49038595813
1455.35852457,1002,1153.92960089,1147.51888089,258.00719717,98.5,42.5,1,11.2825112108,1.49038595813
1455.35852457,1002,2167.6651734,2160.70403804,1894.07636511,98.5,42.5,1,11.2825112108,1.49038595813
1455.35852457,1004,1762.94800137,1471.5516375,262.256727476,61.0,5.0,1,11.2825112108,1.49038595813
1455.35852457,1004,2109.70967436,2107.37850345,222.189727445,61.0,5.0,1,11.2825112108,1.49038595813
1455.35852457,1005,954.323091649,949.223655282,145.698181931,61.0,5.0,1,11.2825112108,1.49038595813
1455.35852457,1005,3564.74885125,3560.8635664,890.377778468,61.0,5.0,1,11.2825112108,1.49038595813
4323.27091123,1101,2702.21561422,2681.42934026,,102.5,94.5,1,11.2825112108,1.49038595813
4323.27091123,1101,2908.76013213,2870.25418404,582.792727725,102.5,94.5,1,11.2825112108,1.49038595813
856.093249748,1102,938.943839112,874.189091587,1699.81212253,16.0,15.0,1,11.2825112108,1.49038595813
856.093249748,1102,653.164949597,653.164949597,574.9250259,16.0,15.0,1,11.2825112108,1.49038595813
1465.23652361,1201,4735.19091276,4429.22473071,,193.0,182.0,1,11.2825112108,1.49038595813
1465.23652361,1202,856.280356725,822.375175638,,13.0,2.0,1,11.2825112108,1.49038595813
1465.23652361,1202,2525.43515347,2506.00872922,,13.0,2.0,1,11.2825112108,1.49038595813
1709.76636201,1301,2381.4510678,2510.65285877,923.969303747,445.0,417.0,1,11.2825112108,1.49038595813
1709.76636201,1301,2392.68543048,2404.12238437,531.492024282,445.0,417.0,1,11.2825112108,1.49038595813
1561.38657115,1302,3161.04347215,3144.71313426,146581.792839,58.0,43.0,1,11.2825112108,1.49038595813
1561.38657115,1302,5514.19052549,5506.51708791,7321.33364204,58.0,43.0,1,11.2825112108,1.49038595813
1384.0525314,1303,1779.67631114,1768.29026804,1456.98181931,35.0,31.0,1,11.2825112108,1.49038595813
1384.0525314,1303,2914.76228051,2880.29878812,599.402320465,35.0,31.0,1,11.2825112108,1.49038595813
1257.01015896,1304,2393.33546852,2378.95991457,,44.0,40.0,1,11.2825112108,1.49038595813
1257.01015896,1304,3462.7601239,3438.47709358,393.385091214,44.0,40.0,1,11.2825112108,1.49038595813
1842.06807539,1401,1452.81901411,1445.32596476,1029.30908928,24.5,18.5,1,11.2825112108,1.49038595813
1842.06807539,1401,2833.3023499,2986.39991807,807.278936037,24.5,18.5,1,11.2825112108,1.49038595813
1600.89437703,1402,3763.86969989,3751.72818473,,7.5,2.5,1,11.2825112108,1.49038595813
1600.89437703,1402,3156.79394184,3132.51091152,,7.5,2.5,1,11.2825112108,1.49038595813
1600.89437703,1404,4662.3418218,4662.3418218,,5.0,0.0,1,11.2825112108,1.49038595813
1146.4564637,1501,1862.16152525,1853.28087416,,57.5,52.5,1,11.2825112108,1.49038595813
1146.4564637,1501,3965.76575199,3957.99518229,4370.94545793,57.5,52.5,1,11.2825112108,1.49038595813
881.529782717,1502,1032.27161898,1024.33106807,,4.0,0.0,1,11.2825112108,1.49038595813
881.529782717,1502,1758.06711227,1753.69616681,874.189091587,4.0,0.0,1,11.2825112108,1.49038595813
1803.23941833,1503,1293.52464787,1369.73774797,1262.71757674,293.0,290.0,1,11.2825112108,1.49038595813
1803.23941833,1503,9385.57801194,9249.59304214,4731.30562791,293.0,290.0,1,11.2825112108,1.49038595813
1803.23941833,1504,2051.9160622,2036.13209249,97.0349891662,3.0,0.0,1,11.2825112108,1.49038595813
1803.23941833,1504,8115.38873357,8115.38873357,1852.40668507,3.0,0.0,1,11.2825112108,1.49038595813
1146.4564637,1505,943.395728004,908.428164341,365.119643919,5.0,0.0,1,11.2825112108,1.49038595813
1146.4564637,1505,3205.36000249,3195.64679036,291.396363862,5.0,0.0,1,11.2825112108,1.49038595813
881.529782717,1506,2317.29489357,2314.51969011,425.904925421,34.0,30.0,1,11.2825112108,1.49038595813
881.529782717,1506,2815.36374306,2814.50034642,1899.62677204,34.0,30.0,1,11.2825112108,1.49038595813
1145.33046913,1601,1821.22727414,1813.94236504,1019.88727352,157.0,150.0,1,11.2825112108,1.49038595813
1145.33046913,1601,2510.86533528,2484.94320041,988.214730277,157.0,150.0,1,11.2825112108,1.49038595813
1325.81836417,1701,1813.94236504,1777.15357411,641.072000497,58.0,17.0,1,11.2825112108,1.49038595813
1325.81836417,1701,2052.91595168,2030.00419837,582.792727725,58.0,17.0,1,11.2825112108,1.49038595813
1452.456547,1702,2561.85969896,2553.36063834,,17.0,0.0,1,11.2825112108,1.49038595813
1452.456547,1702,1165.58545545,1165.58545545,757.630546042,17.0,0.0,1,11.2825112108,1.49038595813
1383.0662057,1801,2167.86753198,2155.60460167,485.660606437,61.5,56.5,1,11.2825112108,1.49038595813
1383.0662057,1801,1252.59964744,1194.72509184,633.787091401,61.5,56.5,1,11.2825112108,1.49038595813
2078.38038707,1804,1199.5816979,1190.35414638,126.271757674,2.0,1.0,1,11.2825112108,1.49038595813
1363.32850022,1806,3351.05818442,3336.48836622,3496.75636635,8.0,0.0,1,11.2825112108,1.49038595813
1363.32850022,1808,1573.54036486,1564.79847394,291.396363862,8.0,0.0,1,11.2825112108,1.49038595813
1363.32850022,1808,2924.37065162,2913.96363862,1495.83466783,8.0,0.0,1,11.2825112108,1.49038595813
1412.55386208,1901,1557.35167798,1545.37204968,1758.0913953,22.5,17.5,1,11.2825112108,1.49038595813
1412.55386208,1901,4095.73778095,4089.2623062,,22.5,17.5,1,11.2825112108,1.49038595813
1284.13987462,1902,2588.57103231,2568.65894745,,1.0,0.0,1,11.2825112108,1.49038595813
1284.13987462,1902,2389.45018367,2367.1980977,1165.58545545,1.0,0.0,1,11.2825112108,1.49038595813
909.920112825,1903,1545.7252574,1475.52522428,598.171980262,4.0,1.0,1,11.2825112108,1.49038595813
1680.08300263,2001,1513.87349035,1510.68200637,768.557909687,14.5,3.5,1,11.2825112108,1.49038595813
1680.08300263,2001,3198.26188593,3181.82414233,963.324001555,14.5,3.5,1,11.2825112108,1.49038595813
1210.76045321,2002,437.094545793,437.094545793,,7.0,0.0,1,11.2825112108,1.49038595813
1210.76045321,2002,3244.212851,3219.92982068,,7.0,0.0,1,11.2825112108,1.49038595813
1210.76045321,2003,1772.6612135,1762.94800137,,7.0,0.0,1,11.2825112108,1.49038595813
1633.392628,2101,8839.02303716,8159.09818815,,255.0,168.0,1,11.2825112108,1.49038595813
1633.392628,2101,4147.54157897,4143.65629412,437.094545793,255.0,168.0,1,11.2825112108,1.49038595813
1242.27691471,2102,2020.32383975,2020.32383975,,10.0,0.0,1,11.2825112108,1.49038595813
1505.57025474,2103,1262.71757674,1253.00436461,1894.07636511,38.0,19.0,1,11.2825112108,1.49038595813
1505.57025474,2103,2227.56331486,2078.62739555,,38.0,19.0,1,11.2825112108,1.49038595813
1279.38380101,2104,378.815273021,375.901309382,,9.0,0.0,1,11.2825112108,1.49038595813
1279.38380101,2104,2164.64482696,2107.3368754,808.624909718,9.0,0.0,1,11.2825112108,1.49038595813
1397.80571019,2105,874.189091587,874.189091587,711.007127824,22.0,1.0,1,11.2825112108,1.49038595813
1397.80571019,2105,2233.59727997,2224.41387941,1308.36967374,22.0,1.0,1,11.2825112108,1.49038595813
1392.31893073,2106,515.91032421,594.351450158,55.8509697403,11.0,3.0,1,11.2825112108,1.49038595813
1392.31893073,2106,1664.89312493,1656.87972492,1172.87036455,11.0,3.0,1,11.2825112108,1.49038595813
1476.14936064,2107,2525.43515347,2506.00872922,101.988727352,7.0,0.0,1,11.2825112108,1.49038595813
1476.14936064,2107,2739.12582031,2731.84091121,1456.98181931,7.0,0.0,1,11.2825112108,1.49038595813
1242.27691471,2108,505.087030695,501.201745843,,10.0,0.0,1,11.2825112108,1.49038595813
1242.27691471,2108,1756.14875288,1718.65575406,757.630546042,10.0,0.0,1,11.2825112108,1.49038595813
1402.63151042,2201,1765.58746118,1788.79208364,4939.7580982,47.5,4.5,1,11.2825112108,1.49038595813
1402.63151042,2201,1862.973041,1882.34012535,10913.3330774,47.5,4.5,1,11.2825112108,1.49038595813
1402.63151042,2202,1515.26109208,1438.04105566,320.536000249,45.0,2.0,1,11.2825112108,1.49038595813
1402.63151042,2202,1554.1139406,2112.623638,291.396363862,45.0,2.0,1,11.2825112108,1.49038595813
1504.79446755,2203,2671.09170735,2668.31650389,165.934040533,8.0,0.0,1,11.2825112108,1.49038595813
1504.79446755,2203,2140.69059792,2102.66065756,1659.72893381,8.0,0.0,1,11.2825112108,1.49038595813
1402.63151042,2204,826.837182459,804.98245517,226.641616337,45.0,2.0,1,11.2825112108,1.49038595813
1402.63151042,2204,2117.48024407,2117.48024407,276.826545669,45.0,2.0,1,11.2825112108,1.49038595813
1337.71519082,2205,1602.68000124,1602.68000124,,19.0,2.0,1,11.2825112108,1.49038595813
1337.71519082,2205,1747.30972984,1745.69086115,1008.35630312,19.0,2.0,1,11.2825112108,1.49038595813
1504.79446755,2206,4743.2852562,4735.19091276,1748.37818317,8.0,0.0,1,11.2825112108,1.49038595813
1504.79446755,2206,3059.66182055,3011.09575991,,8.0,0.0,1,11.2825112108,1.49038595813
1598.38951159,2301,378.815273021,375.901309382,,64.5,43.5,1,11.2825112108,1.49038595813
656.33815814,2302,1341.63742528,1690.0989104,378.815273021,3.0,1.0,1,11.2825112108,1.49038595813
656.33815814,2302,1639.10454673,1602.68000124,645.928606561,3.0,1.0,1,11.2825112108,1.49038595813
656.33815814,2305,1224.83604943,1167.33383363,631.358788368,3.0,1.0,1,11.2825112108,1.49038595813
656.33815814,2305,1238.43454641,1165.58545545,1767.80460743,3.0,1.0,1,11.2825112108,1.49038595813
1619.44306411,2401,2428.30303219,2424.41774733,473.519091276,147.0,137.0,1,11.2825112108,1.49038595813
1619.44306411,2401,2734.26921424,2805.2503798,499.975452812,147.0,137.0,1,11.2825112108,1.49038595813
1726.45472032,2403,3030.52218417,3007.21047506,,38.5,32.5,1,11.2825112108,1.49038595813
1540.96784955,2404,2260.26446236,2250.16272174,,5.0,0.0,1,11.2825112108,1.49038595813
1540.96784955,2404,6711.69082079,7726.86024842,1278.90626362,5.0,0.0,1,11.2825112108,1.49038595813
3139.26876761,2501,2559.04286744,2786.68818236,2525.43515347,1406.0,1362.0,1,11.2825112108,1.49038595813
3139.26876761,2501,3377.95631031,2132.75647769,1416.80149847,1406.0,1362.0,1,11.2825112108,1.49038595813
1605.17484328,2502,1295.79800204,1501.69173474,262.256727476,36.5,32.5,1,11.2825112108,1.49038595813
588.564109201,2507,7770.569703,7722.00364235,582.792727725,2.0,0.0,1,11.2825112108,1.49038595813
1150.96981355,2509,874.189091587,874.189091587,,9.0,0.0,1,11.2825112108,1.49038595813
1150.96981355,2509,2525.43515347,2331.1709109,,9.0,0.0,1,11.2825112108,1.49038595813
1862.0028182,2601,1651.24606189,1651.24606189,436.220356702,4.5,4.5,1,11.2825112108,1.49038595813
1862.0028182,2601,1042.55143515,1031.21935434,833.374174222,4.5,4.5,1,11.2825112108,1.49038595813
1862.0028182,2602,1395.06009199,1385.75159703,1126.73260693,2.0,2.0,1,11.2825112108,1.49038595813
1862.0028182,2602,1730.5706276,1665.33021947,1136.44581906,2.0,2.0,1,11.2825112108,1.49038595813
1862.0028182,2603,4018.84151827,3933.85091214,2221.89727445,2.0,2.0,1,11.2825112108,1.49038595813
2193.16388844,2701,1764.8366815,1715.0294882,582.792727725,220.0,192.0,1,11.2825112108,1.49038595813
2193.16388844,2701,1849.39558931,1810.44560868,582.792727725,220.0,192.0,1,11.2825112108,1.49038595813
6514.81270949,2702,2387.6841451,2289.84560839,1351.75535458,8.5,4.5,1,11.2825112108,1.49038595813
6514.81270949,2702,1550.47148605,1512.16500572,301.400972355,8.5,4.5,1,11.2825112108,1.49038595813
2690.47733231,2703,2724.55600211,2720.18505665,601.005000466,20.0,15.0,1,11.2825112108,1.49038595813
2690.47733231,2703,2251.84634518,2175.75951684,429.000202353,20.0,15.0,1,11.2825112108,1.49038595813
30374.9859309,2801,1748.37818317,1651.24606189,,26.5,19.5,1,11.2825112108,1.49038595813
30374.9859309,2801,2063.49097332,2468.79741355,910.61363707,26.5,19.5,1,11.2825112108,1.49038595813
2132.03840287,2803,1919.33071664,2130.10741983,582.792727725,8.0,0.0,1,11.2825112108,1.49038595813
2132.03840287,2803,4089.2623062,6410.72000497,,8.0,0.0,1,11.2825112108,1.49038595813
1699.35362079,2901,1456.98181931,1456.98181931,,41.0,15.0,1,11.2825112108,1.49038595813
1699.35362079,2901,12034.6698275,12031.7558639,5827.92727725,41.0,15.0,1,11.2825112108,1.49038595813
1187.00918152,2903,947.038182553,903.328727973,242.830303219,19.0,0.0,1,11.2825112108,1.49038595813
1187.00918152,2903,1839.99319997,1838.82761452,564.198864507,19.0,0.0,1,11.2825112108,1.49038595813
1711.35901162,2905,1456.98181931,1456.98181931,1165.58545545,19.0,0.0,1,11.2825112108,1.49038595813
1711.35901162,2905,1645.0649269,1645.0649269,982.29714258,19.0,0.0,1,11.2825112108,1.49038595813
1588.05297828,3001,1380.4902738,1348.43667377,,92.5,88.5,1,11.2825112108,1.49038595813
1588.05297828,3001,1411.06481652,1369.03309858,574.050836809,92.5,88.5,1,11.2825112108,1.49038595813
984.50723721,3002,2285.38005372,2569.14460805,437.094545793,39.5,37.5,1,11.2825112108,1.49038595813
984.50723721,3002,2564.89507775,2484.15400193,860.590594607,39.5,37.5,1,11.2825112108,1.49038595813
984.50723721,3003,2272.89163813,2255.40785629,356.960545731,2.0,0.0,1,11.2825112108,1.49038595813
984.50723721,3003,2331.1709109,2316.60109271,874.189091587,2.0,0.0,1,11.2825112108,1.49038595813
941.702574722,3101,1905.73221966,1891.74519419,406.789323952,3.0,1.0,1,11.2825112108,1.49038595813
941.702574722,3101,2565.46977613,2555.35184683,1098.73912958,3.0,1.0,1,11.2825112108,1.49038595813
1284.13987462,3102,4553.06818535,4553.06818535,121.415151609,1.0,0.0,1,11.2825112108,1.49038595813
1284.13987462,3103,2146.61988045,2146.61988045,338.74827299,1.0,0.0,1,11.2825112108,1.49038595813
1284.13987462,3103,2498.0681783,2498.0681783,1077.62538161,1.0,0.0,1,11.2825112108,1.49038595813
2083.7911844,3201,1894.07636511,,,786.5,175.5,1,11.2825112108,1.49038595813
2083.7911844,3201,4370.94545793,4370.94545793,,786.5,175.5,1,11.2825112108,1.49038595813
7394.82972244,3202,2476.86909283,2476.86909283,582.792727725,156.5,65.5,1,11.2825112108,1.49038595813
2793.28046669,3203,1456.98181931,1456.98181931,,502.0,347.0,1,11.2825112108,1.49038595813
1362.9004536,3204,8839.02303716,8771.03055226,,185.0,177.0,1,11.2825112108,1.49038595813
1362.9004536,3204,378.815273021,375.901309382,291.396363862,185.0,177.0,1,11.2825112108,1.49038595813
2868.64733463,3206,0.0,,365.119643919,53.0,3.0,1,11.2825112108,1.49038595813
2868.64733463,3206,1675.52909221,1675.52909221,874.189091587,53.0,3.0,1,11.2825112108,1.49038595813
11054.4943303,101,4072.69270904,4342.58287852,287.122550526,20.5,133.5,11,3.0,0.0
6078.26207321,201,5243.51568083,5215.50925253,879.045697651,3.0,9.0,11,3.0,0.0
278.230306168,202,3574.46206338,3461.78880268,553.653091338,2.0,3.0,11,3.0,0.0
454.799538928,203,4251.14917501,4218.44802751,174.837818317,16.0,5.0,11,3.0,0.0
470.851287361,206,2304.45957754,2210.2414199,1942.64242575,1.0,4.0,11,3.0,0.0
454.799538928,208,2020.34812278,2004.80698337,,16.0,5.0,11,3.0,0.0
2520.12450394,301,5682.22909532,5245.13454952,,4.0,4.0,11,3.0,0.0
2520.12450394,302,8320.98505696,8265.94352156,1767.80460743,4.0,4.0,11,3.0,0.0
1198.53054965,303,1748.37818317,1748.37818317,582.792727725,2.0,2.0,11,3.0,0.0
2520.12450394,305,2331.1709109,2331.1709109,,4.0,4.0,11,3.0,0.0
1854.86870779,401,2652.67823236,2583.520162,1173.30745909,3.0,7.0,11,3.0,0.0
2525.47508676,404,2700.27297179,2684.73183238,4009.12830614,3.0,3.0,11,3.0,0.0
2399.20133242,405,3788.15273021,3759.01309382,437.094545793,1.0,4.0,11,3.0,0.0
1854.86870779,406,1957.21224394,1832.88312869,,3.0,7.0,11,3.0,0.0
1854.86870779,407,4808.04000373,4793.47018554,,3.0,7.0,11,3.0,0.0
2399.20133242,411,4370.94545793,4370.94545793,,1.0,4.0,11,3.0,0.0
5618.41679179,601,2803.23302036,2770.98515609,992.568864406,8.0,11.0,11,3.0,0.0
1372.424491,604,3496.75636635,3496.75636635,,4.0,1.0,11,3.0,0.0
2143.5113808,605,3982.41697279,3865.85842724,1117.01939481,5.0,3.0,11,3.0,0.0
1372.424491,606,796.483394557,792.598109706,,4.0,1.0,11,3.0,0.0
9391.34294973,701,932.468364359,1395.7885829,,5.0,11.0,11,3.0,0.0
428.046624874,704,757.630546042,751.802618765,777.0569703,1.0,4.0,11,3.0,0.0
7918.86256017,801,3725.01685137,3696.36287559,1515.26109208,1.0,5.0,11,3.0,0.0
1926.20981193,901,6061.04436834,6014.42095012,270.415825664,2.0,7.0,11,3.0,0.0
6296.9858468,903,4735.19091276,4698.76636728,,4.0,4.0,11,3.0,0.0
1926.20981193,1001,7260.62606624,7204.7750965,582.792727725,7.0,6.0,11,3.0,0.0
1926.20981193,1002,3578.83300884,4421.93982161,1552.78646827,7.0,6.0,11,3.0,0.0
1926.20981193,1005,1894.07636511,1748.37818317,728.490909656,7.0,6.0,11,3.0,0.0
642.069937311,1101,2818.77415976,2788.66320216,,2.0,14.0,11,3.0,0.0
642.069937311,1102,1456.98181931,1456.98181931,,1.0,3.0,11,3.0,0.0
2225.84244934,1201,2146.61988045,2130.10741983,,4.0,3.0,11,3.0,0.0
1013.55613676,1301,4141.87553857,4042.46228413,1476.40824357,3.0,11.0,11,3.0,0.0
2461.88570551,1302,2146.61988045,2130.10741983,,2.0,2.0,11,3.0,0.0
1455.96418882,1303,3061.82031214,3045.73954984,,3.0,2.0,11,3.0,0.0
3424.37299899,1304,3100.13353776,2964.9580023,,1.0,1.0,11,3.0,0.0
6420.69937311,1402,3577.69980075,3550.17903306,2331.1709109,1.0,1.0,11,3.0,0.0
1284.13987462,1501,1748.37818317,1748.37818317,218.547272897,1.0,2.0,11,3.0,0.0
1284.13987462,1503,2331.1709109,2331.1709109,,1.0,3.0,11,3.0,0.0
1284.13987462,1504,2683.27485057,2520.57854741,2651.70691115,1.0,3.0,11,3.0,0.0
477.985397776,1601,2820.06925471,2745.9250688,203.977454704,3.0,1.0,11,3.0,0.0
5637.79674014,1701,3354.70063897,3336.12412077,4798.3267916,6.0,8.0,11,3.0,0.0
3909.56266584,1801,1398.70254654,1398.70254654,291.396363862,6.0,7.0,11,3.0,0.0
1396.17457856,1806,2039.77454704,2030.06133491,,3.0,2.0,11,3.0,0.0
1396.17457856,1808,1325.85345557,1315.65458284,704.207879334,3.0,2.0,11,3.0,0.0
1605.17484328,1901,2070.85682585,2054.92715796,983.462728035,2.0,2.0,11,3.0,0.0
3210.34968655,2001,4840.41737749,4693.90976122,1431.0799203,1.0,9.0,11,3.0,0.0
2439.86576178,2101,3559.40658458,3532.74381728,1578.39697092,2.0,4.0,11,3.0,0.0
1145.02472154,2102,3237.73737625,3219.92982068,,3.0,0.0,11,3.0,0.0
920.300243479,2105,2952.81648714,2935.33270531,1787.23103169,2.0,4.0,11,3.0,0.0
2033.22146815,2106,2746.4107294,2725.28449302,,2.0,0.0,11,3.0,0.0
1145.02472154,2108,699.35127327,699.35127327,,3.0,0.0,11,3.0,0.0
7604.96170192,2201,2766.87785496,2759.9398463,896.853253221,3.0,7.0,11,3.0,0.0
7604.96170192,2202,3011.09575991,3011.09575991,,3.0,7.0,11,3.0,0.0
342.437299899,2203,699.35127327,699.35127327,262.256727476,2.0,4.0,11,3.0,0.0
2675.29140546,2205,1456.98181931,1456.98181931,764.915455139,2.0,1.0,11,3.0,0.0
5571.74023377,2301,3845.68483282,3732.56327003,1108.92505136,6.0,4.0,11,3.0,0.0
5778.6294358,2302,1151.01563726,1107.30618268,,2.0,2.0,11,3.0,0.0
4858.32919232,2304,5354.40818597,5315.06967685,291.396363862,2.0,2.0,11,3.0,0.0
5778.6294358,2305,2020.34812278,2004.80698337,,2.0,2.0,11,3.0,0.0
428.046624874,2401,3188.36188126,3163.83602064,,1.0,14.0,11,3.0,0.0
5992.65274823,2403,2590.189901,2574.00121412,,1.0,1.0,11,3.0,0.0
428.046624874,2404,1262.71757674,1253.00436461,,1.0,4.0,11,3.0,0.0
9835.44132304,2501,2970.81449785,2913.27800012,314.028148122,8.0,26.0,11,3.0,0.0
385.241962386,2503,2683.27485057,2662.63427479,380.434141709,1.0,2.0,11,3.0,0.0
1334.43535304,2506,3788.15273021,3759.01309382,,2.0,1.0,11,3.0,0.0
2951.53377974,2701,3644.3971907,3624.97076645,1456.98181931,4.0,4.0,11,3.0,0.0
2792.29081626,2702,3950.84903337,3867.55823936,835.336243072,3.0,2.0,11,3.0,0.0
2792.29081626,2703,3378.57895211,3359.31441473,,3.0,2.0,11,3.0,0.0
813.28858726,2801,4295.88881876,4261.00955702,1925.45004028,1.0,6.0,11,3.0,0.0
4507.30694609,2803,2525.43515347,2331.1709109,815.909818815,4.0,1.0,11,3.0,0.0
10251.980892,2903,1767.80460743,1754.20611045,698.477084178,2.0,4.0,11,3.0,0.0
7704.83924773,3001,4356.37563974,4322.8650579,631.358788368,1.0,5.0,11,3.0,0.0
3071.23453347,3003,1894.07636511,1879.50654691,,4.0,2.0,11,3.0,0.0
11985.3054965,3102,2777.97866882,4079.54909407,,1.0,1.0,11,3.0,0.0
3414.86085177,3201,2735.88808293,2731.84091121,947.038182553,9.0,53.0,11,3.0,0.0
1348.34686835,3202,3977.56036672,7893.92749703,,2.0,14.0,11,3.0,0.0
1448.22441416,3203,4209.05858912,4095.09023348,,6.0,20.0,11,3.0,0.0
4815.52452983,3204,3700.73382105,4476.57663983,1340.42327377,2.0,7.0,11,3.0,0.0
12942.8440703,101,4072.69270904,4342.58287852,287.122550526,248.0,353.0,12,3.0,0.0
13783.1013209,201,5243.51568083,5215.50925253,879.045697651,5.0,2.0,12,3.0,0.0
4268.33826103,203,4251.14917501,4218.44802751,174.837818317,3.0,0.0,12,3.0,0.0
2678.28773184,206,2304.45957754,2210.2414199,1942.64242575,4.0,0.0,12,3.0,0.0
4268.33826103,208,2020.34812278,2004.80698337,,3.0,0.0,12,3.0,0.0
4251.92980708,301,5682.22909532,5245.13454952,,3.0,2.0,12,3.0,0.0
4251.92980708,302,8320.98505696,8265.94352156,1767.80460743,3.0,2.0,12,3.0,0.0
8560.93249748,303,1748.37818317,1748.37818317,582.792727725,1.0,0.0,12,3.0,0.0
4251.92980708,305,2331.1709109,2331.1709109,,3.0,2.0,12,3.0,0.0
4483.78839555,401,2652.67823236,2583.520162,1173.30745909,4.0,2.0,12,3.0,0.0
2568.27974924,404,2700.27297179,2684.73183238,4009.12830614,1.0,0.0,12,3.0,0.0
6420.69937311,405,3788.15273021,3759.01309382,437.094545793,1.0,0.0,12,3.0,0.0
4483.78839555,406,1957.21224394,1832.88312869,,4.0,2.0,12,3.0,0.0
4483.78839555,407,4808.04000373,4793.47018554,,4.0,2.0,12,3.0,0.0
6420.69937311,411,4370.94545793,4370.94545793,,1.0,0.0,12,3.0,0.0
6766.79374079,601,2803.23302036,2770.98515609,992.568864406,10.0,8.0,12,3.0,0.0
3568.19666495,604,3496.75636635,3496.75636635,,5.0,0.0,12,3.0,0.0
3568.19666495,605,3982.41697279,3865.85842724,1117.01939481,5.0,1.0,12,3.0,0.0
3568.19666495,606,796.483394557,792.598109706,,5.0,0.0,12,3.0,0.0
3543.94068954,701,932.468364359,1395.7885829,,3.0,0.0,12,3.0,0.0
12841.3987462,704,757.630546042,751.802618765,777.0569703,1.0,1.0,12,3.0,0.0
4251.92980708,801,3725.01685137,3696.36287559,1515.26109208,3.0,2.0,12,3.0,0.0
6450.28527129,901,6061.04436834,6014.42095012,270.415825664,8.0,12.0,12,3.0,0.0
4173.45459252,903,4735.19091276,4698.76636728,,2.0,0.0,12,3.0,0.0
4665.70821112,1001,7260.62606624,7204.7750965,582.792727725,2.0,2.0,12,3.0,0.0
4665.70821112,1002,3578.83300884,4421.93982161,1552.78646827,2.0,2.0,12,3.0,0.0
4665.70821112,1005,1894.07636511,1748.37818317,728.490909656,2.0,2.0,12,3.0,0.0
4865.54007053,1101,2818.77415976,2788.66320216,,11.0,25.0,12,3.0,0.0
4811.24406358,1102,1456.98181931,1456.98181931,,3.0,0.0,12,3.0,0.0
4865.46330273,1201,2146.61988045,2130.10741983,,9.0,10.0,12,3.0,0.0
9175.42041859,1301,4141.87553857,4042.46228413,1476.40824357,7.0,12.0,12,3.0,0.0
2225.00886464,1302,2146.61988045,2130.10741983,,4.0,1.0,12,3.0,0.0
4800.53065301,1303,3061.82031214,3045.73954984,,3.0,2.0,12,3.0,0.0
5595.42548035,1304,3100.13353776,2964.9580023,,1.0,1.0,12,3.0,0.0
6465.16149948,1401,3380.1978208,3359.80007533,1456.98181931,4.0,1.0,12,3.0,0.0
4865.9828738,1402,3577.69980075,3550.17903306,2331.1709109,2.0,2.0,12,3.0,0.0
6848.74599798,1403,3967.84715459,3944.04978488,,1.0,0.0,12,3.0,0.0
5307.77814844,1501,1748.37818317,1748.37818317,218.547272897,3.0,1.0,12,3.0,0.0
4280.46624874,1503,2331.1709109,2331.1709109,,1.0,0.0,12,3.0,0.0
4280.46624874,1504,2683.27485057,2520.57854741,2651.70691115,1.0,0.0,12,3.0,0.0
8988.97912235,1601,2820.06925471,2745.9250688,203.977454704,4.0,0.0,12,3.0,0.0
6844.05197284,1701,3354.70063897,3336.12412077,4798.3267916,6.0,3.0,12,3.0,0.0
8406.97760643,1801,1398.70254654,1398.70254654,291.396363862,7.0,9.0,12,3.0,0.0
4814.13345418,1806,2039.77454704,2030.06133491,,5.0,0.0,12,3.0,0.0
4814.13345418,1808,1325.85345557,1315.65458284,704.207879334,5.0,0.0,12,3.0,0.0
4580.09888615,1901,2070.85682585,2054.92715796,983.462728035,4.0,2.0,12,3.0,0.0
4280.46624874,2001,4840.41737749,4693.90976122,1431.0799203,1.0,3.0,12,3.0,0.0
3852.41962386,2002,2399.1633958,2380.70829276,3788.15273021,2.0,0.0,12,3.0,0.0
3852.41962386,2003,3994.07282734,3907.62523939,631.358788368,2.0,0.0,12,3.0,0.0
5907.04342326,2101,3559.40658458,3532.74381728,1578.39697092,9.0,8.0,12,3.0,0.0
4280.46624874,2102,3237.73737625,3219.92982068,,4.0,0.0,12,3.0,0.0
7276.79262285,2103,3402.39944853,3349.80934286,2525.43515347,2.0,4.0,12,3.0,0.0
4772.71986734,2105,2952.81648714,2935.33270531,1787.23103169,4.0,2.0,12,3.0,0.0
2528.68543644,2106,2746.4107294,2725.28449302,,2.0,1.0,12,3.0,0.0
4280.46624874,2108,699.35127327,699.35127327,,4.0,0.0,12,3.0,0.0
6948.9089082,2201,2766.87785496,2759.9398463,896.853253221,10.0,5.0,12,3.0,0.0
6948.9089082,2202,3011.09575991,3011.09575991,,10.0,5.0,12,3.0,0.0
22103.2575919,2301,3845.68483282,3732.56327003,1108.92505136,8.0,12.0,12,3.0,0.0
2568.27974924,2302,1151.01563726,1107.30618268,,1.0,4.0,12,3.0,0.0
11129.2122467,2304,5354.40818597,5315.06967685,291.396363862,2.0,0.0,12,3.0,0.0
2568.27974924,2305,2020.34812278,2004.80698337,,1.0,4.0,12,3.0,0.0
3317.36134277,2401,3188.36188126,3163.83602064,,2.0,3.0,12,3.0,0.0
4922.53618605,2403,2590.189901,2574.00121412,,1.0,2.0,12,3.0,0.0
2996.32637412,2404,1262.71757674,1253.00436461,,1.0,0.0,12,3.0,0.0
8720.01476665,2501,2970.81449785,2913.27800012,314.028148122,51.0,79.0,12,3.0,0.0
3984.68122144,2701,3644.3971907,3624.97076645,1456.98181931,5.0,3.0,12,3.0,0.0
3713.53215516,2702,3950.84903337,3867.55823936,835.336243072,3.0,3.0,12,3.0,0.0
5251.35382061,2703,3378.57895211,3359.31441473,,3.0,1.0,12,3.0,0.0
3867.79629399,2801,4295.88881876,4261.00955702,1925.45004028,4.0,3.0,12,3.0,0.0
5479.65717887,2803,2525.43515347,2331.1709109,815.909818815,4.0,1.0,12,3.0,0.0
4870.30745178,2903,1767.80460743,1754.20611045,698.477084178,4.0,2.0,12,3.0,0.0
2568.27974924,3003,1894.07636511,1879.50654691,,1.0,0.0,12,3.0,0.0
2996.32637412,3102,2777.97866882,4079.54909407,,1.0,1.0,12,3.0,0.0
6751.0086853,3201,2735.88808293,2731.84091121,947.038182553,60.0,115.0,12,3.0,0.0
9083.89380873,3202,3977.56036672,7893.92749703,,23.0,44.0,12,3.0,0.0
8369.95784946,3203,4209.05858912,4095.09023348,,13.0,25.0,12,3.0,0.0
5065.21839434,3204,3700.73382105,4476.57663983,1340.42327377,3.0,4.0,12,3.0,0.0
6501.55262447,3206,4501.19080239,4432.00624145,284.985643857,9.0,11.0,12,3.0,0.0
11091.4388541,101,4072.69270904,4342.58287852,287.122550526,475.0,808.0,13,3.0,0.0
3445.77533023,201,5243.51568083,5215.50925253,879.045697651,2.0,21.0,13,3.0,0.0
428.046624874,202,3574.46206338,3461.78880268,553.653091338,1.0,1.0,13,3.0,0.0
2568.27974924,206,2304.45957754,2210.2414199,1942.64242575,1.0,3.0,13,3.0,0.0
642.069937311,301,5682.22909532,5245.13454952,,1.0,6.0,13,3.0,0.0
642.069937311,302,8320.98505696,8265.94352156,1767.80460743,1.0,6.0,13,3.0,0.0
642.069937311,305,2331.1709109,2331.1709109,,1.0,6.0,13,3.0,0.0
29370.1134181,401,2652.67823236,2583.520162,1173.30745909,7.0,27.0,13,3.0,0.0
29370.1134181,406,1957.21224394,1832.88312869,,7.0,27.0,13,3.0,0.0
29370.1134181,407,4808.04000373,4793.47018554,,7.0,27.0,13,3.0,0.0
2630.69546735,601,2803.23302036,2770.98515609,992.568864406,45.0,53.0,13,3.0,0.0
1150.96981355,604,3496.75636635,3496.75636635,,9.0,6.0,13,3.0,0.0
1620.70753444,605,3982.41697279,3865.85842724,1117.01939481,10.0,6.0,13,3.0,0.0
1150.96981355,606,796.483394557,792.598109706,,9.0,6.0,13,3.0,0.0
3895.22428635,801,3725.01685137,3696.36287559,1515.26109208,4.0,11.0,13,3.0,0.0
1145.1018182,901,6061.04436834,6014.42095012,270.415825664,29.0,41.0,13,3.0,0.0
3189.94837945,903,4735.19091276,4698.76636728,,6.0,7.0,13,3.0,0.0
7811.85090395,1001,7260.62606624,7204.7750965,582.792727725,2.0,6.0,13,3.0,0.0
7811.85090395,1002,3578.83300884,4421.93982161,1552.78646827,2.0,6.0,13,3.0,0.0
7811.85090395,1005,1894.07636511,1748.37818317,728.490909656,2.0,6.0,13,3.0,0.0
1993.41568191,1101,2818.77415976,2788.66320216,,42.0,45.0,13,3.0,0.0
2254.40354765,1102,1456.98181931,1456.98181931,,5.0,5.0,13,3.0,0.0
4559.32078957,1201,2146.61988045,2130.10741983,,26.5,40.5,13,3.0,0.0
6741.86121241,1301,4141.87553857,4042.46228413,1476.40824357,14.0,48.0,13,3.0,0.0
5938.2205014,1302,2146.61988045,2130.10741983,,4.0,11.0,13,3.0,0.0
1678.80913271,1303,3061.82031214,3045.73954984,,6.0,6.0,13,3.0,0.0
4976.79561737,1304,3100.13353776,2964.9580023,,3.0,3.0,13,3.0,0.0
1958.3133088,1401,3380.1978208,3359.80007533,1456.98181931,4.0,8.0,13,3.0,0.0
5633.09358334,1402,3577.69980075,3550.17903306,2331.1709109,3.0,7.0,13,3.0,0.0
1091.51889343,1403,3967.84715459,3944.04978488,,2.0,2.0,13,3.0,0.0
3899.5047526,1501,1748.37818317,1748.37818317,218.547272897,4.0,4.0,13,3.0,0.0
11343.2355592,1503,2331.1709109,2331.1709109,,2.0,6.0,13,3.0,0.0
11343.2355592,1504,2683.27485057,2520.57854741,2651.70691115,2.0,6.0,13,3.0,0.0
1275.14431017,1701,3354.70063897,3336.12412077,4798.3267916,9.0,27.0,13,3.0,0.0
9600.47430074,1801,1398.70254654,1398.70254654,291.396363862,14.0,37.0,13,3.0,0.0
2753.76662002,1806,2039.77454704,2030.06133491,,3.0,6.0,13,3.0,0.0
2753.76662002,1808,1325.85345557,1315.65458284,704.207879334,3.0,6.0,13,3.0,0.0
2675.29140546,1901,2070.85682585,2054.92715796,983.462728035,2.0,10.0,13,3.0,0.0
428.046624874,1902,2841.11454766,2819.25982037,728.490909656,1.0,4.0,13,3.0,0.0
3210.34968655,2001,4840.41737749,4693.90976122,1431.0799203,2.0,5.0,13,3.0,0.0
2033.22146815,2002,2399.1633958,2380.70829276,3788.15273021,2.0,8.0,13,3.0,0.0
2033.22146815,2003,3994.07282734,3907.62523939,631.358788368,2.0,8.0,13,3.0,0.0
3861.3417207,2101,3559.40658458,3532.74381728,1578.39697092,69.5,78.5,13,3.0,0.0
856.093249748,2102,3237.73737625,3219.92982068,,1.0,1.0,13,3.0,0.0
4851.1950819,2103,3402.39944853,3349.80934286,2525.43515347,9.0,11.0,13,3.0,0.0
1455.35852457,2104,2841.11454766,2753.6956385,1262.71757674,5.0,3.0,13,3.0,0.0
856.093249748,2105,2952.81648714,2935.33270531,1787.23103169,2.0,10.0,13,3.0,0.0
749.081593529,2106,2746.4107294,2725.28449302,,2.0,3.0,13,3.0,0.0
856.093249748,2108,699.35127327,699.35127327,,1.0,1.0,13,3.0,0.0
2776.1881099,2201,2766.87785496,2759.9398463,896.853253221,7.0,13.0,13,3.0,0.0
2776.1881099,2202,3011.09575991,3011.09575991,,7.0,13.0,13,3.0,0.0
449.448956117,2205,1456.98181931,1456.98181931,764.915455139,2.0,8.0,13,3.0,0.0
4674.26914362,2301,3845.68483282,3732.56327003,1108.92505136,25.0,59.0,13,3.0,0.0
2375.65876805,2302,1151.01563726,1107.30618268,,4.0,12.0,13,3.0,0.0
2568.27974924,2304,5354.40818597,5315.06967685,291.396363862,1.0,6.0,13,3.0,0.0
2375.65876805,2305,2020.34812278,2004.80698337,,4.0,12.0,13,3.0,0.0
3167.54502407,2401,3188.36188126,3163.83602064,,5.0,25.0,13,3.0,0.0
3852.41962386,2403,2590.189901,2574.00121412,,1.0,4.0,13,3.0,0.0
1883.40514944,2404,1262.71757674,1253.00436461,,2.0,3.0,13,3.0,0.0
7311.68606647,2501,2970.81449785,2913.27800012,314.028148122,149.5,273.5,13,3.0,0.0
1498.16318706,2503,2683.27485057,2662.63427479,380.434141709,1.0,5.0,13,3.0,0.0
4012.93710819,2506,3788.15273021,3759.01309382,,4.0,10.0,13,3.0,0.0
2746.63250961,2701,3644.3971907,3624.97076645,1456.98181931,6.0,9.0,13,3.0,0.0
3103.33803034,2702,3950.84903337,3867.55823936,835.336243072,6.0,6.0,13,3.0,0.0
1284.13987462,2703,3378.57895211,3359.31441473,,1.0,6.0,13,3.0,0.0
4601.14580552,2801,4295.88881876,4261.00955702,1925.45004028,14.0,37.0,13,3.0,0.0
1284.13987462,2803,2525.43515347,2331.1709109,815.909818815,2.0,11.0,13,3.0,0.0
1070.11656218,2903,1767.80460743,1754.20611045,698.477084178,1.0,4.0,13,3.0,0.0
4869.03035794,3001,4356.37563974,4322.8650579,631.358788368,4.0,19.0,13,3.0,0.0
2825.10772417,3003,1894.07636511,1879.50654691,,3.0,2.0,13,3.0,0.0
2268.64711183,3102,2777.97866882,4079.54909407,,2.0,4.0,13,3.0,0.0
6126.34402285,3201,2735.88808293,2731.84091121,947.038182553,73.0,261.0,13,3.0,0.0
6549.11336057,3202,3977.56036672,7893.92749703,,45.0,90.0,13,3.0,0.0
3897.11272734,3203,4209.05858912,4095.09023348,,36.5,97.5,13,3.0,0.0
642.069937311,3204,3700.73382105,4476.57663983,1340.42327377,1.0,15.0,13,3.0,0.0
8595.95449406,3206,4501.19080239,4432.00624145,284.985643857,11.0,36.0,13,3.0,0.0
8543.0539072,101,4735.19091276,4370.94545793,,1051.0,1204.0,21,7.27679448673,1.02523025915
3649.09747705,201,3625.45642705,3616.95736644,582.792727725,2.0,15.0,21,7.27679448673,1.02523025915
3833.21704777,601,6192.17273207,6192.17273207,,14.0,34.0,21,7.27679448673,1.02523025915
4398.17907058,1101,874.189091587,874.189091587,631.358788368,4.0,42.0,21,7.27679448673,1.02523025915
5501.61058234,1201,2086.00943677,2011.68393756,1165.58545545,53.0,57.0,21,7.27679448673,1.02523025915
3789.33833262,1301,2668.21937177,2591.09646746,1165.58545545,19.0,61.0,21,7.27679448673,1.02523025915
3731.89243826,1303,1165.58545545,1165.58545545,,2.0,9.0,21,7.27679448673,1.02523025915
1469.7703414,1503,1856.1948378,1729.14602316,582.792727725,2.0,7.0,21,7.27679448673,1.02523025915
3852.41962386,1506,3205.36000249,3205.36000249,582.792727725,1.0,3.0,21,7.27679448673,1.02523025915
3409.65082923,1701,5827.92727725,5827.92727725,728.490909656,9.0,16.0,21,7.27679448673,1.02523025915
3959.43128008,1806,4079.54909407,4079.54909407,,1.0,4.0,21,7.27679448673,1.02523025915
10326.6248251,1807,437.094545793,437.094545793,437.094545793,4.0,6.0,21,7.27679448673,1.02523025915
6244.82198315,2101,2247.8072678,2166.24056895,551.224788306,170.5,193.5,21,7.27679448673,1.02523025915
19975.5091608,2105,3535.60921486,,,18.0,21.0,21,7.27679448673,1.02523025915
4851.1950819,2201,1027.98161696,1456.98181931,1631.81963763,6.0,26.0,21,7.27679448673,1.02523025915
385.241962386,2205,1442.41200112,1438.04105566,,1.0,8.0,21,7.27679448673,1.02523025915
10025.0714656,2301,1165.58545545,1165.58545545,,91.5,122.5,21,7.27679448673,1.02523025915
5136.55949849,2305,1262.71757674,1165.58545545,,2.0,3.0,21,7.27679448673,1.02523025915
3103.33803034,2403,4419.51151858,4385.51527613,,1.0,8.0,21,7.27679448673,1.02523025915
7045.46784544,2501,2474.9264504,2455.88855463,1325.85345557,265.5,355.5,21,7.27679448673,1.02523025915
3693.43087748,2502,3788.15273021,3759.01309382,,94.5,95.5,21,7.27679448673,1.02523025915
4840.92196291,2503,3788.15273021,3759.01309382,87.4189091587,3.0,2.0,21,7.27679448673,1.02523025915
4280.46624874,2507,2904.25042649,2881.9100386,,3.0,9.0,21,7.27679448673,1.02523025915
3210.34968655,2601,1010.17406139,1002.40349169,,4.0,11.0,21,7.27679448673,1.02523025915
3210.34968655,2603,947.038182553,874.189091587,,4.0,11.0,21,7.27679448673,1.02523025915
2046.35513728,2701,2011.17453355,1931.63411867,302.323727507,3.0,19.0,21,7.27679448673,1.02523025915
3279.26215737,2702,1767.80460743,1705.25152132,,2.0,5.0,21,7.27679448673,1.02523025915
9459.96417428,2801,10781.6654629,10781.6654629,,31.0,46.0,21,7.27679448673,1.02523025915
3424.37299899,2802,2331.1709109,2331.1709109,,1.0,4.0,21,7.27679448673,1.02523025915
3424.37299899,2803,3472.47333603,3205.36000249,,1.0,4.0,21,7.27679448673,1.02523025915
6771.16773281,3201,2504.62112748,1966.92545607,1019.88727352,442.0,578.0,21,7.27679448673,1.02523025915
4749.71236126,3202,4183.86899234,4183.86899234,,165.0,206.0,21,7.27679448673,1.02523025915
6839.04360782,3203,1894.07636511,1879.50654691,,165.0,192.0,21,7.27679448673,1.02523025915
6971.04503366,3204,2913.96363862,2913.96363862,,44.5,43.5,21,7.27679448673,1.02523025915
3799.88662899,3206,2064.05757736,2693.4737233,,22.0,45.0,21,7.27679448673,1.02523025915
5307.77814844,3207,1835.79709233,1832.88312869,,4.0,6.0,21,7.27679448673,1.02523025915
6948.72769138,101,4735.19091276,4370.94545793,,4438.0,4702.0,22,13.3541666667,3.51388888889
2341.55164868,201,3625.45642705,3616.95736644,582.792727725,47.0,41.0,22,13.3541666667,3.51388888889
729.462789889,203,1388.98933441,1378.30480107,423.398916692,12.0,2.0,22,13.3541666667,3.51388888889
3622.54267775,601,6192.17273207,6192.17273207,,121.5,127.5,22,13.3541666667,3.51388888889
4378.85752154,1101,874.189091587,874.189091587,631.358788368,61.0,66.0,22,13.3541666667,3.51388888889
3715.40189924,1201,2086.00943677,2011.68393756,1165.58545545,55.0,75.0,22,13.3541666667,3.51388888889
4357.31202581,1301,2668.21937177,2591.09646746,1165.58545545,230.5,168.5,22,13.3541666667,3.51388888889
1021.66984068,1303,1165.58545545,1165.58545545,,76.0,7.0,22,13.3541666667,3.51388888889
722.070117667,1503,1856.1948378,1729.14602316,582.792727725,17.0,2.0,22,13.3541666667,3.51388888889
1836.26717852,1506,3205.36000249,3205.36000249,582.792727725,19.0,4.0,22,13.3541666667,3.51388888889
2191.52697515,1701,5827.92727725,5827.92727725,728.490909656,47.0,25.0,22,13.3541666667,3.51388888889
2203.94853658,1807,437.094545793,437.094545793,437.094545793,10.5,7.5,22,13.3541666667,3.51388888889
1098.81514272,2001,2098.05381981,2098.05381981,,37.0,27.0,22,13.3541666667,3.51388888889
3188.94735531,2101,2247.8072678,2166.24056895,551.224788306,94.0,104.0,22,13.3541666667,3.51388888889
2329.52485404,2105,3535.60921486,,,9.0,10.0,22,13.3541666667,3.51388888889
3191.07910063,2201,1027.98161696,1456.98181931,1631.81963763,63.0,43.0,22,13.3541666667,3.51388888889
2891.73795706,2205,1442.41200112,1438.04105566,,23.0,6.0,22,13.3541666667,3.51388888889
4427.27243311,2301,1165.58545545,1165.58545545,,110.5,119.5,22,13.3541666667,3.51388888889
1198.53054965,2305,1262.71757674,1165.58545545,,2.0,8.0,22,13.3541666667,3.51388888889
2485.96309061,2403,4419.51151858,4385.51527613,,13.0,14.0,22,13.3541666667,3.51388888889
4274.49110699,2501,2474.9264504,2455.88855463,1325.85345557,642.5,717.5,22,13.3541666667,3.51388888889
684.874599798,2502,3788.15273021,3759.01309382,,5.0,4.0,22,13.3541666667,3.51388888889
956.470183281,2503,3788.15273021,3759.01309382,87.4189091587,6.0,2.0,22,13.3541666667,3.51388888889
256.827974924,2507,2904.25042649,2881.9100386,,1.0,7.0,22,13.3541666667,3.51388888889
2058.31385651,2601,1010.17406139,1002.40349169,,31.5,18.5,22,13.3541666667,3.51388888889
2058.31385651,2603,947.038182553,874.189091587,,29.0,16.0,22,13.3541666667,3.51388888889
12432.6673212,2701,2011.17453355,1931.63411867,302.323727507,69.5,51.5,22,13.3541666667,3.51388888889
1429.95837768,2702,1767.80460743,1705.25152132,,48.0,6.0,22,13.3541666667,3.51388888889
2395.9503872,2801,10781.6654629,10781.6654629,,60.0,39.0,22,13.3541666667,3.51388888889
2319.90914715,2802,2331.1709109,2331.1709109,,17.0,1.0,22,13.3541666667,3.51388888889
2319.90914715,2803,3472.47333603,3205.36000249,,17.0,1.0,22,13.3541666667,3.51388888889
4432.84776772,3201,2504.62112748,1966.92545607,1019.88727352,590.5,919.5,22,13.3541666667,3.51388888889
4329.91436956,3202,4183.86899234,4183.86899234,,515.5,569.5,22,13.3541666667,3.51388888889
3590.66685988,3203,1894.07636511,1879.50654691,,697.5,773.5,22,13.3541666667,3.51388888889
2246.75558444,3204,2913.96363862,2913.96363862,,14.0,20.0,22,13.3541666667,3.51388888889
1994.38020034,3206,2064.05757736,2693.4737233,,27.0,48.0,22,13.3541666667,3.51388888889
2285.76897683,3207,1835.79709233,1832.88312869,,5.0,14.0,22,13.3541666667,3.51388888889
4852.19045062,101,4735.19091276,4370.94545793,,907.0,1367.0,23,3.21388885,0.1456
8192.79378936,201,3625.45642705,3616.95736644,582.792727725,69.0,109.0,23,3.21388885,0.1456
5259.48927253,601,10490.269099,10490.269099,,163.0,226.0,23,3.21388885,0.1456
2906.12906329,1101,874.189091587,874.189091587,631.358788368,62.0,133.0,23,3.21388885,0.1456
2213.83171533,1201,2086.00943677,2011.68393756,1165.58545545,101.0,127.0,23,3.21388885,0.1456
2431.6749427,1301,2668.21937177,2591.09646746,1165.58545545,117.0,229.0,23,3.21388885,0.1456
5132.13510234,1303,1165.58545545,1165.58545545,,50.0,47.0,23,3.21388885,0.1456
3573.56870324,1503,1856.1948378,1729.14602316,582.792727725,34.0,31.0,23,3.21388885,0.1456
2549.99215502,1506,3205.36000249,3205.36000249,582.792727725,35.0,23.0,23,3.21388885,0.1456
2435.98203922,1701,5827.92727725,5827.92727725,728.490909656,80.0,114.0,23,3.21388885,0.1456
2959.98785946,1807,437.094545793,437.094545793,437.094545793,21.0,48.0,23,3.21388885,0.1456
1850.23153602,2001,2098.05381981,2098.05381981,,20.0,40.0,23,3.21388885,0.1456
2529.83969892,2101,2017.12333635,1915.75625458,551.224788306,117.0,212.0,23,3.21388885,0.1456
2406.07861486,2105,3535.60921486,,,45.0,69.0,23,3.21388885,0.1456
2631.75623196,2201,1027.98161696,1456.98181931,1631.81963763,97.0,183.0,23,3.21388885,0.1456
2675.51147213,2205,1442.41200112,1438.04105566,,42.0,54.0,23,3.21388885,0.1456
2411.48116541,2301,1165.58545545,1165.58545545,,124.0,237.0,23,3.21388885,0.1456
2475.53631385,2403,4419.51151858,4385.51527613,,30.0,47.0,23,3.21388885,0.1456
3175.51276849,2501,2474.9264504,2455.88855463,1325.85345557,339.0,657.0,23,3.21388885,0.1456
2070.03347789,2502,3788.15273021,3759.01309382,,14.0,28.0,23,3.21388885,0.1456
4965.34084854,2503,3788.15273021,3759.01309382,87.4189091587,15.0,15.0,23,3.21388885,0.1456
3017.72870536,2507,2904.25042649,2881.9100386,,12.0,24.0,23,3.21388885,0.1456
2805.39936467,2601,1010.17406139,1002.40349169,,47.0,67.0,23,3.21388885,0.1456
2805.39936467,2603,947.038182553,874.189091587,,47.0,67.0,23,3.21388885,0.1456
2970.34561661,2701,2011.17453355,1931.63411867,302.323727507,58.0,80.0,23,3.21388885,0.1456
2903.7086205,2702,1767.80460743,1705.25152132,,36.0,49.0,23,3.21388885,0.1456
4408.50514207,2801,10781.6654629,10781.6654629,,103.0,115.0,23,3.21388885,0.1456
2891.73770484,2802,2331.1709109,2331.1709109,,34.0,37.0,23,3.21388885,0.1456
2891.73770484,2803,3472.47333603,3205.36000249,,34.0,37.0,23,3.21388885,0.1456
3103.22833823,3201,2504.62112748,1966.92545607,1019.88727352,524.0,1147.0,23,3.21388885,0.1456
3058.34685941,3202,4183.86899234,4183.86899234,,185.0,444.0,23,3.21388885,0.1456
1967.66295684,3203,1894.07636511,1879.50654691,,268.5,562.5,23,3.21388885,0.1456
2038.16046767,3204,2913.96363862,2913.96363862,,41.0,105.0,23,3.21388885,0.1456
4355.24547838,3206,2064.05757736,2693.4737233,,83.0,222.0,23,3.21388885,0.1456
1819.19815571,3207,2913.96363862,2913.96363862,,25.0,61.0,23,3.21388885,0.1456
7697.38728993,101,4735.19091276,4370.94545793,,4572.5,4424.5,24,4.13057466628,0.517844202179
3378.52920547,201,3625.45642705,3616.95736644,582.792727725,20.0,18.0,24,4.13057466628,0.517844202179
2975.78013612,407,3472.47333603,3205.36000249,631.358788368,25.0,29.0,24,4.13057466628,0.517844202179
3735.32960775,601,10490.269099,10490.269099,,58.0,48.0,24,4.13057466628,0.517844202179
8418.25028918,1002,1748.37818317,1748.37818317,582.792727725,3.0,2.0,24,4.13057466628,0.517844202179
3766.30049578,1101,874.189091587,874.189091587,631.358788368,28.5,70.5,24,4.13057466628,0.517844202179
4033.55642732,1201,2024.7676343,1965.48304407,1165.58545545,87.0,84.0,24,4.13057466628,0.517844202179
3661.28519225,1301,2852.90916239,2743.70490602,1165.58545545,114.0,85.0,24,4.13057466628,0.517844202179
3440.34823999,1303,1165.58545545,1165.58545545,,29.5,24.5,24,4.13057466628,0.517844202179
1111.34918914,1402,1019.88727352,1019.88727352,,5.0,6.0,24,4.13057466628,0.517844202179
6848.37095133,1503,1856.1948378,1729.14602316,582.792727725,154.0,152.0,24,4.13057466628,0.517844202179
1112.2868775,1506,2719.69939605,2719.69939605,582.792727725,5.0,3.0,24,4.13057466628,0.517844202179
3226.30227374,1701,4225.247276,4225.247276,728.490909656,34.0,22.0,24,4.13057466628,0.517844202179
1969.01447442,1804,291.396363862,291.396363862,,2.0,4.0,24,4.13057466628,0.517844202179
4922.53618605,1807,437.094545793,437.094545793,437.094545793,6.0,10.0,24,4.13057466628,0.517844202179
856.093249748,2001,3088.80145694,3088.80145694,364.245454828,1.0,2.0,24,4.13057466628,0.517844202179
8198.24059574,2101,1982.04568962,1897.57312147,438.195376501,271.0,242.0,24,4.13057466628,0.517844202179
3118.67636773,2103,1748.37818317,1748.37818317,,483.0,494.0,24,4.13057466628,0.517844202179
5007.32234444,2105,3535.60921486,,,28.0,24.0,24,4.13057466628,0.517844202179
3117.40241944,2201,1027.98161696,1456.98181931,1631.81963763,35.0,17.0,24,4.13057466628,0.517844202179
3568.19666495,2301,3403.50952991,3403.50952991,11655.8545545,75.0,87.0,24,4.13057466628,0.517844202179
2004.28551631,2403,4419.51151858,4385.51527613,,5.0,7.0,24,4.13057466628,0.517844202179
4358.12252687,2501,2483.34456758,2435.10228068,1325.85345557,678.0,725.0,24,4.13057466628,0.517844202179
2769.1323963,2502,3788.15273021,3759.01309382,,13.0,10.0,24,4.13057466628,0.517844202179
3467.17766148,2507,2904.25042649,2881.9100386,,3.0,11.0,24,4.13057466628,0.517844202179
6625.21053832,2601,1010.17406139,1002.40349169,,9.0,6.0,24,4.13057466628,0.517844202179
6625.21053832,2603,947.038182553,874.189091587,,9.0,6.0,24,4.13057466628,0.517844202179
2798.6210228,2701,2159.73271683,2088.14634344,302.323727507,23.0,40.0,24,4.13057466628,0.517844202179
3229.23752216,2702,1915.12165805,1859.59446205,,32.0,23.0,24,4.13057466628,0.517844202179
3553.56632817,2801,10781.6654629,10781.6654629,,30.5,26.5,24,4.13057466628,0.517844202179
1439.87960618,2802,2331.1709109,2331.1709109,,4.0,4.0,24,4.13057466628,0.517844202179
1439.87960618,2803,3472.47333603,3205.36000249,,4.0,4.0,24,4.13057466628,0.517844202179
5458.38961816,3201,3623.64329412,3557.76310909,1238.43454641,1147.5,1432.5,24,4.13057466628,0.517844202179
5463.23787683,3202,4183.86899234,4183.86899234,,1379.0,1414.0,24,4.13057466628,0.517844202179
5683.48418323,3203,3861.00182118,3853.71691208,,1566.0,1675.0,24,4.13057466628,0.517844202179
4048.60766026,3204,3642.45454828,3642.45454828,,287.0,302.0,24,4.13057466628,0.517844202179
3422.80697475,3206,1944.26129444,2245.50037992,,41.0,102.0,24,4.13057466628,0.517844202179
5233.6725765,3207,2913.96363862,2913.96363862,,16.0,13.0,24,4.13057466628,0.517844202179
3758.01200411,101,4735.19091276,4370.94545793,,1106.0,1331.0,31,6.88480391912,0.464527629234
2238.68384809,201,3625.45642705,3616.95736644,582.792727725,10.0,17.0,31,6.88480391912,0.464527629234
1378.0746883,601,10490.269099,10490.269099,,39.0,63.0,31,6.88480391912,0.464527629234
2665.83188184,1101,874.189091587,874.189091587,631.358788368,31.0,110.0,31,6.88480391912,0.464527629234
1821.96724746,1201,2086.00943677,2011.68393756,1165.58545545,81.0,143.0,31,6.88480391912,0.464527629234
2309.9130911,1301,2668.21937177,2591.09646746,1165.58545545,179.5,229.5,31,6.88480391912,0.464527629234
1586.2182106,1303,1165.58545545,1165.58545545,,8.0,5.0,31,6.88480391912,0.464527629234
1945.5644642,1503,1856.1948378,1729.14602316,582.792727725,11.0,18.0,31,6.88480391912,0.464527629234
2854.41104219,1506,3205.36000249,3205.36000249,582.792727725,9.0,5.0,31,6.88480391912,0.464527629234
1748.98674344,1701,5827.92727725,5827.92727725,728.490909656,21.0,40.0,31,6.88480391912,0.464527629234
1734.05422144,1807,437.094545793,437.094545793,437.094545793,5.0,32.0,31,6.88480391912,0.464527629234
3412.14309542,2001,2098.05381981,2098.05381981,,7.0,15.0,31,6.88480391912,0.464527629234
2435.32402032,2101,2312.294902,2179.25627321,551.224788306,272.0,389.0,31,6.88480391912,0.464527629234
2327.11828079,2103,2054.34436523,1981.49527426,728.490909656,75.0,123.0,31,6.88480391912,0.464527629234
1668.30045606,2105,3535.60921486,,,19.0,26.0,31,6.88480391912,0.464527629234
1438.23665958,2107,2331.1709109,,,5.0,16.0,31,6.88480391912,0.464527629234
3959.65653342,2201,1027.98161696,1456.98181931,1631.81963763,23.0,49.0,31,6.88480391912,0.464527629234
159.898408631,2205,1442.41200112,1438.04105566,,2.0,2.0,31,6.88480391912,0.464527629234
2104.39528971,2301,1107.30618268,1107.30618268,395.716262125,107.0,175.0,31,6.88480391912,0.464527629234
1284.13987462,2403,4419.51151858,4385.51527613,,1.0,9.0,31,6.88480391912,0.464527629234
2262.62884946,2501,2474.9264504,2455.88855463,1325.85345557,614.0,900.0,31,6.88480391912,0.464527629234
1426.10867187,2502,3788.15273021,3759.01309382,,18.0,28.0,31,6.88480391912,0.464527629234
727.679262285,2503,3788.15273021,3759.01309382,87.4189091587,1.0,9.0,31,6.88480391912,0.464527629234
727.679262285,2507,2904.25042649,2881.9100386,,3.0,25.0,31,6.88480391912,0.464527629234
1403.99292959,2601,1010.17406139,1002.40349169,,5.0,15.0,31,6.88480391912,0.464527629234
1403.99292959,2603,947.038182553,874.189091587,,5.0,15.0,31,6.88480391912,0.464527629234
23485.5993905,2701,2011.17453355,1931.63411867,302.323727507,10.0,13.0,31,6.88480391912,0.464527629234
1740.93038692,2702,1767.80460743,1705.25152132,,17.0,31.0,31,6.88480391912,0.464527629234
3675.89022175,2801,10781.6654629,10781.6654629,,22.0,72.0,31,6.88480391912,0.464527629234
877.975857709,2802,2331.1709109,2331.1709109,,4.0,16.0,31,6.88480391912,0.464527629234
877.975857709,2803,3472.47333603,3205.36000249,,4.0,16.0,31,6.88480391912,0.464527629234
2969.17216635,3201,2174.68027105,1979.06697123,2404.02000186,530.5,768.5,31,6.88480391912,0.464527629234
3025.43354461,3202,4183.86899234,4183.86899234,,187.5,295.5,31,6.88480391912,0.464527629234
3090.9585829,3203,1894.07636511,1879.50654691,,466.0,611.0,31,6.88480391912,0.464527629234
1883.94020773,3204,2913.96363862,2913.96363862,,168.5,211.5,31,6.88480391912,0.464527629234
2651.54373542,3206,2064.05757736,2693.4737233,,48.0,130.0,31,6.88480391912,0.464527629234
1765.6923276,3207,3788.15273021,3788.15273021,,4.0,42.0,31,6.88480391912,0.464527629234
3055.09769143,101,4735.19091276,4370.94545793,,123.0,429.0,32,9.7971380404,0.418732782369
1677.14018208,201,3625.45642705,3616.95736644,582.792727725,16.0,26.0,32,9.7971380404,0.418732782369
1491.45849505,601,10490.269099,10490.269099,,36.0,128.0,32,9.7971380404,0.418732782369
1817.25248924,1101,874.189091587,874.189091587,631.358788368,11.0,42.0,32,9.7971380404,0.418732782369
1469.38074159,1201,2086.00943677,2011.68393756,1165.58545545,216.5,229.5,32,9.7971380404,0.418732782369
1942.18915454,1301,2668.21937177,2591.09646746,1165.58545545,27.0,88.0,32,9.7971380404,0.418732782369
1807.48158081,1303,1165.58545545,1165.58545545,,4.0,16.0,32,9.7971380404,0.418732782369
2996.32637412,1503,1856.1948378,1729.14602316,582.792727725,4.0,7.0,32,9.7971380404,0.418732782369
2454.79836951,1701,5827.92727725,5827.92727725,728.490909656,12.0,40.0,32,9.7971380404,0.418732782369
1170.82146924,1807,437.094545793,437.094545793,437.094545793,4.0,17.0,32,9.7971380404,0.418732782369
2582.92845596,2001,2098.05381981,2098.05381981,,9.0,15.0,32,9.7971380404,0.418732782369
3110.62779407,2101,2312.294902,2179.25627321,551.224788306,633.0,714.0,32,9.7971380404,0.418732782369
14399.4884608,2103,2054.34436523,1981.49527426,728.490909656,242.5,272.5,32,9.7971380404,0.418732782369
2193.73895248,2105,3535.60921486,,,4.0,16.0,32,9.7971380404,0.418732782369
1605.17484328,2107,2331.1709109,,,152.0,159.0,32,9.7971380404,0.418732782369
2538.5417732,2201,1027.98161696,1456.98181931,1631.81963763,19.0,71.0,32,9.7971380404,0.418732782369
2501.69471871,2205,1442.41200112,1438.04105566,,9.0,20.0,32,9.7971380404,0.418732782369
2465.13912337,2301,1107.30618268,1107.30618268,395.716262125,173.0,243.0,32,9.7971380404,0.418732782369
2568.27974924,2403,4419.51151858,4385.51527613,,2.0,19.0,32,9.7971380404,0.418732782369
2010.52006517,2501,2474.9264504,2455.88855463,1325.85345557,173.5,423.5,32,9.7971380404,0.418732782369
1776.39349323,2502,3788.15273021,3759.01309382,,2.0,10.0,32,9.7971380404,0.418732782369
802.587421638,2503,3788.15273021,3759.01309382,87.4189091587,2.0,5.0,32,9.7971380404,0.418732782369
1284.13987462,2507,2904.25042649,2881.9100386,,2.0,4.0,32,9.7971380404,0.418732782369
2428.85884857,2601,1010.17406139,1002.40349169,,14.0,22.0,32,9.7971380404,0.418732782369
2428.85884857,2603,947.038182553,874.189091587,,14.0,22.0,32,9.7971380404,0.418732782369
2232.48697604,2701,2011.17453355,1931.63411867,302.323727507,11.0,31.0,32,9.7971380404,0.418732782369
1436.49866885,2702,1767.80460743,1705.25152132,,3.0,16.0,32,9.7971380404,0.418732782369
1802.55189808,2801,10781.6654629,10781.6654629,,9.0,60.0,32,9.7971380404,0.418732782369
898.897912235,2802,2331.1709109,2331.1709109,,1.0,12.0,32,9.7971380404,0.418732782369
898.897912235,2803,3472.47333603,3205.36000249,,1.0,12.0,32,9.7971380404,0.418732782369
2585.02509174,3201,2174.68027105,1979.06697123,2404.02000186,318.0,728.0,32,9.7971380404,0.418732782369
3290.83957389,3202,4183.86899234,4183.86899234,,25.0,135.0,32,9.7971380404,0.418732782369
2428.19176292,3203,1894.07636511,1879.50654691,,51.5,234.5,32,9.7971380404,0.418732782369
1804.92993488,3204,2913.96363862,2913.96363862,,306.0,328.0,32,9.7971380404,0.418732782369
1600.89437703,3206,2064.05757736,2693.4737233,,10.0,78.0,32,9.7971380404,0.418732782369
1337.64570273,3207,3788.15273021,3788.15273021,,8.0,37.0,32,9.7971380404,0.418732782369
2681.61482151,101,6435.00303529,6313.58788368,2622.56727476,505.5,2305.5,33,8.10476189524,0.679595959596
2205.26328469,201,3625.45642705,3616.95736644,582.792727725,26.0,49.0,33,8.10476189524,0.679595959596
1600.73941653,601,10490.269099,10490.269099,,29.5,126.5,33,8.10476189524,0.679595959596
1316.24337149,801,1456.98181931,1456.98181931,631.358788368,8.0,15.0,33,8.10476189524,0.679595959596
17155.4972298,1101,874.189091587,874.189091587,631.358788368,14.0,211.0,33,8.10476189524,0.679595959596
1531.97887042,1201,2086.00943677,2011.68393756,1165.58545545,20.0,122.0,33,8.10476189524,0.679595959596
1755.69907885,1301,2668.21937177,2591.09646746,1165.58545545,46.5,167.5,33,8.10476189524,0.679595959596
2076.0673048,1302,1311.28363738,1311.28363738,,2.0,13.0,33,8.10476189524,0.679595959596
1714.2200099,1303,1165.58545545,1165.58545545,,10.0,21.0,33,8.10476189524,0.679595959596
1519.10437933,1503,1856.1948378,1729.14602316,582.792727725,4.0,12.0,33,8.10476189524,0.679595959596
1519.10437933,1504,1456.98181931,1456.98181931,,4.0,12.0,33,8.10476189524,0.679595959596
2301.8191051,1506,3205.36000249,3205.36000249,582.792727725,6.0,8.0,33,8.10476189524,0.679595959596
1521.22063192,1701,3545.32242699,3496.75636635,728.490909656,10.0,53.0,33,8.10476189524,0.679595959596
1451.79146936,1807,437.094545793,437.094545793,437.094545793,6.0,53.0,33,8.10476189524,0.679595959596
2054.62379939,1902,7576.30546042,6993.5127327,2039.77454704,2.0,8.0,33,8.10476189524,0.679595959596
428.046624874,2001,2098.05381981,2098.05381981,,1.0,22.0,33,8.10476189524,0.679595959596
1626.57717452,2003,582.792727725,582.792727725,,7.0,13.0,33,8.10476189524,0.679595959596
2935.17685628,2101,2312.294902,2179.25627321,551.224788306,36.0,164.0,33,8.10476189524,0.679595959596
3354.51578981,2103,2054.34436523,1981.49527426,728.490909656,5.0,113.0,33,8.10476189524,0.679595959596
920.300243479,2105,3535.60921486,,,3.0,44.0,33,8.10476189524,0.679595959596
1455.35852457,2107,2331.1709109,,,2.0,17.0,33,8.10476189524,0.679595959596
2174.90418278,2201,1027.98161696,1456.98181931,1631.81963763,21.0,59.0,33,8.10476189524,0.679595959596
1722.93188481,2205,1442.41200112,1438.04105566,,5.0,8.0,33,8.10476189524,0.679595959596
1877.8219326,2301,1107.30618268,1107.30618268,395.716262125,38.0,151.0,33,8.10476189524,0.679595959596
2653.88907422,2403,4419.51151858,4385.51527613,,1.0,6.0,33,8.10476189524,0.679595959596
1956.82235988,2501,2474.9264504,2455.88855463,1325.85345557,221.5,786.5,33,8.10476189524,0.679595959596
1776.39349323,2502,3788.15273021,3759.01309382,,4.0,24.0,33,8.10476189524,0.679595959596
1048.71423094,2503,3788.15273021,3759.01309382,87.4189091587,2.0,2.0,33,8.10476189524,0.679595959596
684.874599798,2507,2904.25042649,2881.9100386,,2.0,26.0,33,8.10476189524,0.679595959596
1869.13692862,2601,1010.17406139,1002.40349169,,6.0,20.0,33,8.10476189524,0.679595959596
1869.13692862,2603,947.038182553,874.189091587,,6.0,20.0,33,8.10476189524,0.679595959596
1808.76533623,2701,2011.17453355,1931.63411867,302.323727507,9.0,25.0,33,8.10476189524,0.679595959596
3295.85781847,2702,1848.15936231,1789.4385799,,4.0,22.0,33,8.10476189524,0.679595959596
1944.17785677,2801,10781.6654629,10781.6654629,,22.0,60.0,33,8.10476189524,0.679595959596
1275.94300903,2802,2331.1709109,2331.1709109,,11.0,14.0,33,8.10476189524,0.679595959596
1275.94300903,2803,3472.47333603,3205.36000249,,11.0,14.0,33,8.10476189524,0.679595959596
1897.49291925,3201,2468.03889999,2431.33841098,1643.15171845,206.0,1382.0,33,8.10476189524,0.679595959596
1501.83215813,3202,4183.86899234,4183.86899234,,37.5,521.5,33,8.10476189524,0.679595959596
1160.15498071,3203,1894.07636511,1879.50654691,,72.0,507.0,33,8.10476189524,0.679595959596
1400.24752162,3204,2913.96363862,2913.96363862,,12.0,93.0,33,8.10476189524,0.679595959596
1457.15096981,3206,2064.05757736,2693.4737233,,32.0,227.0,33,8.10476189524,0.679595959596
1155.72588716,3207,3788.15273021,3788.15273021,,7.0,29.0,33,8.10476189524,0.679595959596
5220.98799432,101,4735.19091276,4370.94545793,,1446.5,599.5,34,9.67064934545,1.0719433294
3788.90302792,201,3625.45642705,3616.95736644,582.792727725,31.0,12.0,34,9.67064934545,1.0719433294
1741.24567034,601,10490.269099,10490.269099,,87.0,51.0,34,9.67064934545,1.0719433294
2898.85923528,1101,874.189091587,874.189091587,631.358788368,90.0,173.0,34,9.67064934545,1.0719433294
2666.43453949,1201,2086.00943677,2011.68393756,1165.58545545,162.0,98.0,34,9.67064934545,1.0719433294
2587.84164205,1301,2668.21937177,2591.09646746,1165.58545545,92.5,43.5,34,9.67064934545,1.0719433294
1763.90934861,1303,1165.58545545,1165.58545545,,18.0,7.0,34,9.67064934545,1.0719433294
975.279562371,1503,1856.1948378,1729.14602316,582.792727725,12.0,4.0,34,9.67064934545,1.0719433294
1563.16254278,1506,3205.36000249,3205.36000249,582.792727725,19.0,3.0,34,9.67064934545,1.0719433294
1975.83487045,1701,5827.92727725,5827.92727725,728.490909656,36.0,25.0,34,9.67064934545,1.0719433294
2352.280837,1807,437.094545793,437.094545793,437.094545793,26.0,37.0,34,9.67064934545,1.0719433294
1605.69801137,2001,2098.05381981,2098.05381981,,9.0,23.0,34,9.67064934545,1.0719433294
2823.61748777,2101,2312.294902,2179.25627321,551.224788306,108.0,71.0,34,9.67064934545,1.0719433294
2774.31527636,2103,2054.34436523,1981.49527426,728.490909656,61.5,40.5,34,9.67064934545,1.0719433294
2773.29155379,2105,3535.60921486,,,19.0,12.0,34,9.67064934545,1.0719433294
1669.38183701,2107,2331.1709109,,,7.0,9.0,34,9.67064934545,1.0719433294
2126.90784683,2201,1027.98161696,1456.98181931,1631.81963763,46.0,19.0,34,9.67064934545,1.0719433294
1124.05043692,2205,1442.41200112,1438.04105566,,5.0,2.0,34,9.67064934545,1.0719433294
7109.07333217,2301,1107.30618268,1107.30618268,395.716262125,137.0,98.0,34,9.67064934545,1.0719433294
2140.23312437,2403,4419.51151858,4385.51527613,,10.0,3.0,34,9.67064934545,1.0719433294
3519.52212278,2501,2474.9264504,2455.88855463,1325.85345557,578.5,297.5,34,9.67064934545,1.0719433294
2173.52563964,2502,3788.15273021,3759.01309382,,18.0,5.0,34,9.67064934545,1.0719433294
3369.47601935,2503,3788.15273021,3759.01309382,87.4189091587,8.0,10.0,34,9.67064934545,1.0719433294
2471.96925865,2507,2904.25042649,2881.9100386,,8.0,5.0,34,9.67064934545,1.0719433294
1926.20981193,2601,1010.17406139,1002.40349169,,16.0,5.0,34,9.67064934545,1.0719433294
1926.20981193,2603,947.038182553,874.189091587,,16.0,5.0,34,9.67064934545,1.0719433294
2446.93238206,2701,2011.17453355,1931.63411867,302.323727507,44.0,16.0,34,9.67064934545,1.0719433294
2315.23616461,2702,1767.80460743,1705.25152132,,30.0,10.0,34,9.67064934545,1.0719433294
2336.35021457,2801,10781.6654629,10781.6654629,,61.0,28.0,34,9.67064934545,1.0719433294
1079.90220031,2802,2331.1709109,2331.1709109,,5.0,8.0,34,9.67064934545,1.0719433294
1079.90220031,2803,3472.47333603,3205.36000249,,5.0,8.0,34,9.67064934545,1.0719433294
3540.01805845,3201,2174.68027105,1979.06697123,2404.02000186,976.0,500.0,34,9.67064934545,1.0719433294
3682.91440113,3202,4183.86899234,4183.86899234,,385.0,192.0,34,9.67064934545,1.0719433294
3356.55478651,3203,1894.07636511,1879.50654691,,267.0,191.0,34,9.67064934545,1.0719433294
2395.09208482,3204,2913.96363862,2913.96363862,,35.0,46.0,34,9.67064934545,1.0719433294
2446.8496804,3206,2064.05757736,2693.4737233,,95.0,80.0,34,9.67064934545,1.0719433294
3011.43390205,3207,3788.15273021,3788.15273021,,17.0,19.0,34,9.67064934545,1.0719433294
1535.08267987,101,9887.40850852,10553.0085202,20810.5219103,14666.5,14597.5,74,3.0,0.336
700.926348231,201,5503.50599215,6036.38775293,1906.21788027,26.0,17.0,74,3.0,0.336
1969.01447442,202,5827.92727725,,,7.0,1.0,74,3.0,0.336
556.460612336,204,2258.32181993,2258.32181993,801.340000621,4.0,6.0,74,3.0,0.336
1969.01447442,205,4079.54909407,4079.54909407,,7.0,1.0,74,3.0,0.336
556.460612336,206,3108.2278812,3108.2278812,7284.90909656,4.0,6.0,74,3.0,0.336
599.265274823,208,6301.44636852,6301.44636852,699.35127327,5.0,2.0,74,3.0,0.336
668.822851365,301,4662.3418218,4662.3418218,2525.43515347,8.0,6.0,74,3.0,0.336
342.437299899,303,2525.43515347,2506.00872922,2913.96363862,1.0,7.0,74,3.0,0.336
1716.46696574,401,4692.7733154,4828.31505599,1386.06322926,32.5,35.5,74,3.0,0.336
1255.60343296,402,3234.49963887,3234.49963887,670.211636883,3.0,4.0,74,3.0,0.336
385.241962386,405,1456.98181931,1456.98181931,291.396363862,2.0,5.0,74,3.0,0.336
1716.46696574,406,1981.49527426,1981.49527426,4370.94545793,30.0,33.0,74,3.0,0.336
1716.46696574,407,43636.6054884,43223.7939729,461.377576115,30.0,33.0,74,3.0,0.336
1255.60343296,410,2185.47272897,2185.47272897,485.660606437,3.0,4.0,74,3.0,0.336
1652.25997201,501,4838.15096133,4828.4377492,783.12772788,7.5,6.5,74,3.0,0.336
1070.11656218,502,6766.87111636,6750.68242948,2593.42763837,4.0,5.0,74,3.0,0.336
1070.11656218,503,1602.68000124,1583.25357699,1408.41575867,4.0,5.0,74,3.0,0.336
1070.11656218,505,2943.10327501,2943.10327501,,4.0,5.0,74,3.0,0.336
768.663999799,601,5217.0122443,5211.90002739,3496.75636635,243.5,147.5,74,3.0,0.336
466.057165163,603,7042.07879334,7022.65236908,2913.96363862,17.0,2.0,74,3.0,0.336
733.029845096,604,3205.36000249,3205.36000249,1456.98181931,16.0,14.0,74,3.0,0.336
633.944544596,605,2039.77454704,2039.77454704,481.678189464,18.0,0.0,74,3.0,0.336
733.029845096,606,1894.07636511,1879.50654691,291.396363862,16.0,14.0,74,3.0,0.336
495.820673812,701,4953.73818566,4953.73818566,874.189091587,6.0,4.0,74,3.0,0.336
2183.78221577,801,2820.87868906,3314.63363893,3755.77535645,23.0,10.0,74,3.0,0.336
950.379321493,901,6697.25976277,6638.00916878,2258.32181993,214.5,62.5,74,3.0,0.336
978.286445917,904,7284.90909656,7284.90909656,5827.92727725,51.0,9.0,74,3.0,0.336
817.569053509,1001,5827.92727725,,,4.0,7.0,74,3.0,0.336
817.569053509,1002,1748.37818317,1748.37818317,582.792727725,4.0,7.0,74,3.0,0.336
1220.61492302,1101,8068.58871149,7947.17355988,2536.11968682,360.0,369.0,74,3.0,0.336
1049.08139162,1201,11944.6018605,8363.07564285,4215.53406387,827.0,664.0,74,3.0,0.336
1740.57647902,1301,4456.14420432,4362.49496338,2704.63508706,444.5,172.5,74,3.0,0.336
679.751193427,1302,2829.78246684,2820.71680219,412.811515472,66.5,22.5,74,3.0,0.336
659.374744312,1303,2404.02000186,2331.1709109,,58.5,14.5,74,3.0,0.336
874.707544635,1304,4856.60606437,4837.17964011,,52.0,9.0,74,3.0,0.336
633.140867427,1401,7232.87403158,7230.79262898,3788.15273021,37.5,13.5,74,3.0,0.336
860.153897468,1402,3475.94234036,3618.17151796,,19.5,10.5,74,3.0,0.336
1606.78950017,1403,7576.30546042,7576.30546042,1165.58545545,12.0,0.0,74,3.0,0.336
860.153897468,1404,1456.98181931,1456.98181931,,17.0,8.0,74,3.0,0.336
989.833852221,1501,3117.94109333,3114.05580848,714.358186008,37.0,23.0,74,3.0,0.336
780.222174508,1502,4662.3418218,4662.3418218,,24.0,7.0,74,3.0,0.336
808.779672828,1503,3423.19497316,3257.88905368,805.419549715,23.0,6.0,74,3.0,0.336
989.833852221,1505,7722.00364235,7284.90909656,874.189091587,22.0,8.0,74,3.0,0.336
780.222174508,1506,1748.37818317,1748.37818317,,24.0,7.0,74,3.0,0.336
428.046624874,1601,2622.56727476,2622.56727476,590.514731367,3.5,5.5,74,3.0,0.336
755.213502782,1701,3469.23559865,3430.70652387,655.64181869,128.0,40.0,74,3.0,0.336
1016.75906938,1702,5342.26667081,5342.26667081,497.802121598,39.0,11.0,74,3.0,0.336
1289.21970505,1801,4913.91401593,4100.91816076,1864.93672872,473.0,445.0,74,3.0,0.336
801.434988418,1804,461.377576115,458.949273083,1262.71757674,13.0,10.0,74,3.0,0.336
1214.13641618,1807,2624.99557779,2535.1483656,437.094545793,69.0,68.0,74,3.0,0.336
536.317241754,1808,3933.85091214,3933.85091214,485.660606437,17.0,7.0,74,3.0,0.336
896.12997823,1901,3715.30363924,3715.30363924,,25.5,6.5,74,3.0,0.336
613.670690083,1902,2201.5966611,2201.5966611,1165.58545545,13.5,7.5,74,3.0,0.336
819.882819049,1903,6604.98424755,6556.4181869,1311.28363738,8.0,1.0,74,3.0,0.336
620.667606067,2001,3059.66182055,3059.66182055,364.245454828,23.5,32.5,74,3.0,0.336
620.667606067,2003,8231.94727911,8231.94727911,306.840371147,71.5,70.5,74,3.0,0.336
1075.04749144,2101,5666.89244459,5965.53111574,6723.70128468,417.0,441.0,74,3.0,0.336
1113.52950145,2103,5789.07442873,5987.22395616,1456.98181931,108.0,145.0,74,3.0,0.336
561.216685946,2104,7794.85273332,7794.85273332,5827.92727725,9.0,9.0,74,3.0,0.336
780.550400572,2105,3065.05804951,3278.20909345,2039.77454704,29.0,32.0,74,3.0,0.336
499.387729019,2106,3302.49212377,3108.2278812,63.1358788368,6.0,9.0,74,3.0,0.336
759.782759151,2107,2897.77495174,2816.83151734,1456.98181931,12.0,16.0,74,3.0,0.336
636.362648979,2201,6041.61794408,4833.53718557,2738.86911399,53.0,23.0,74,3.0,0.336
898.897912235,2203,1019.88727352,582.792727725,582.792727725,2.0,0.0,74,3.0,0.336
738.380427907,2205,2430.36708976,2425.5104837,381.534972417,4.0,8.0,74,3.0,0.336
984.027306145,2301,3492.35685262,3723.55986955,2018.02909338,291.0,141.0,74,3.0,0.336
1123.64277347,2304,3011.09575991,3011.09575991,1165.58545545,36.0,23.0,74,3.0,0.336
1329.08477023,2305,3205.36000249,3205.36000249,,28.0,16.0,74,3.0,0.336
3494.78666878,2401,5249.78070266,5180.97878341,3788.15273021,85.0,68.0,74,3.0,0.336
847.53231725,2403,2404.02000186,2331.1709109,582.792727725,10.0,7.0,74,3.0,0.336
603.545741072,2404,1262.71757674,1253.00436461,,10.0,3.0,74,3.0,0.336
1560.75139255,2501,7820.85694483,8490.02310224,2017.1103854,3092.0,2146.0,74,3.0,0.336
1043.66939572,2502,1602.68000124,1602.68000124,1262.71757674,98.0,6.0,74,3.0,0.336
1219.34918095,2503,2331.1709109,2331.1709109,,11.0,6.0,74,3.0,0.336
747.838877521,2505,6228.59727756,6046.47455014,825.623030943,31.0,7.0,74,3.0,0.336
1191.7927787,2506,2562.99290704,2546.80422016,,162.0,14.0,74,3.0,0.336
1196.97431812,2507,2141.56901015,2125.09540238,,129.0,8.0,74,3.0,0.336
699.256966394,2601,3161.20903826,3117.94109333,1962.55451061,50.0,6.0,74,3.0,0.336
699.256966394,2602,1291.85721312,1290.88589191,849.906061265,50.0,6.0,74,3.0,0.336
699.256966394,2603,4516.64363987,4516.64363987,1019.88727352,50.0,6.0,74,3.0,0.336
1011.40362673,2701,3075.85050744,3058.69049934,3013.25425149,138.0,70.0,74,3.0,0.336
1022.87304329,2702,2936.84111001,3067.20898638,774.531535146,151.0,11.0,74,3.0,0.336
841.128839095,2703,5629.77774982,5616.95630981,4719.00222588,55.0,1.0,74,3.0,0.336
2947.9584748,2801,5651.05851457,6129.43509493,1414.71855409,154.5,76.5,74,3.0,0.336
1346.28085981,2802,3788.15273021,7518.02618765,,16.0,3.0,74,3.0,0.336
1346.28085981,2803,6340.78487764,8236.80388518,1410.30983503,16.0,3.0,74,3.0,0.336
756.544525709,2901,1165.58545545,1165.58545545,582.792727725,18.0,12.0,74,3.0,0.336
895.080199094,3001,1165.58545545,1165.58545545,145.698181931,37.0,6.0,74,3.0,0.336
891.115246328,3002,2278.96239571,2170.90291077,1456.98181931,11.0,4.0,74,3.0,0.336
891.115246328,3003,2258.32181993,2258.32181993,66.4383709606,11.0,4.0,74,3.0,0.336
588.564109201,3101,3727.44515441,3642.45454828,874.189091587,16.0,2.0,74,3.0,0.336
732.435335895,3102,3030.52218417,3007.21047506,,9.0,1.0,74,3.0,0.336
732.435335895,3103,9324.68364359,9324.68364359,,9.0,1.0,74,3.0,0.336
1827.68788045,3201,4443.49101102,4687.91994707,24898.6537066,1275.0,1289.0,74,3.0,0.336
2667.31076298,3202,7408.19217358,7262.49399165,679.924849012,404.0,392.0,74,3.0,0.336
1996.85764841,3203,4349.57639125,4306.83825789,2731.84091121,1490.0,1539.0,74,3.0,0.336
1040.41752475,3204,5439.3987921,5342.26667081,,101.0,69.0,74,3.0,0.336
1395.86872033,3206,3315.19401656,3514.96863909,2913.96363862,148.0,119.0,74,3.0,0.336
1030.18233001,3207,1981.49527426,1981.49527426,203.977454704,104.5,119.5,74,3.0,0.336
567.161777958,101,6323.30109581,6174.68895024,1918.35939543,2474.0,2528.0,92,20.0,5.65656565657
694.505648858,203,1165.58545545,1165.58545545,,4.0,43.0,92,20.0,5.65656565657
1930.67638541,205,1136.44581906,1127.70392815,,23.0,69.0,92,20.0,5.65656565657
296.880909109,301,2428.20590006,4856.41180013,1019.88727352,14.0,51.0,92,20.0,5.65656565657
326.871968085,401,954.323091649,954.323091649,2039.77454704,24.5,53.5,92,20.0,5.65656565657
326.871968085,406,2331.1709109,2331.1709109,,22.0,51.0,92,20.0,5.65656565657
623.249901973,601,1295.0949505,1262.71757674,5827.92727725,131.0,142.0,92,20.0,5.65656565657
683.704937509,604,1894.07636511,1748.37818317,947.038182553,86.0,91.0,92,20.0,5.65656565657
683.704937509,606,1262.71757674,1253.00436461,194.65277106,86.0,91.0,92,20.0,5.65656565657
601.011357942,901,1032.02878868,1019.88727352,631.358788368,119.0,235.0,92,20.0,5.65656565657
1826.00626772,1101,2799.02396177,2797.89075368,1894.07636511,333.0,535.0,92,20.0,5.65656565657
491.262707521,1201,2913.96363862,2913.96363862,2913.96363862,182.0,282.0,92,20.0,5.65656565657
567.881990713,1301,2404.02000186,2331.1709109,145770.739626,212.5,374.5,92,20.0,5.65656565657
539.818096419,1401,3909.56788182,3897.42636666,1165.58545545,52.5,187.5,92,20.0,5.65656565657
467.562099928,1501,1311.28363738,1311.28363738,,93.0,96.0,92,20.0,5.65656565657
912.26127786,1801,3326.77515409,3399.62424506,5245.13454952,440.0,479.0,92,20.0,5.65656565657
443.104834669,1807,1456.98181931,1456.98181931,8741.89091587,65.0,96.0,92,20.0,5.65656565657
349.850396257,1808,1748.37818317,1748.37818317,364.245454828,15.0,74.0,92,20.0,5.65656565657
374.362444004,2101,1019.88727352,1019.88727352,2525.43515347,22.0,78.0,92,20.0,5.65656565657
566.324295431,2105,11655.8545545,11655.8545545,11655.8545545,23.0,71.0,92,20.0,5.65656565657
336.546269638,2201,1456.98181931,1456.98181931,,133.0,349.0,92,20.0,5.65656565657
598.952916475,2301,1821.22727414,1821.22727414,793.245657181,59.5,118.5,92,20.0,5.65656565657
424.377653803,2304,1772.6612135,1770.23291046,291.396363862,35.0,42.0,92,20.0,5.65656565657
1141.13338858,2401,437.094545793,437.094545793,,103.5,151.5,92,20.0,5.65656565657
888.196746613,2403,1456.98181931,1456.98181931,9907.47637132,20.0,18.0,92,20.0,5.65656565657
1480.03415353,2501,3059.66182055,4079.54909407,2039.77454704,467.0,598.0,92,20.0,5.65656565657
417.791341153,2505,903.328727973,903.328727973,,24.0,153.0,92,20.0,5.65656565657
723.398796037,2507,1748.37818317,1748.37818317,3496.75636635,10.0,16.0,92,20.0,5.65656565657
378.515515424,2603,3156.79394184,2913.96363862,2039.77454704,21.0,63.0,92,20.0,5.65656565657
803.486195941,2701,1621.62076489,1621.62076489,,179.5,450.5,92,20.0,5.65656565657
621.159518679,2702,1962.06885001,1958.18356515,,174.0,260.0,92,20.0,5.65656565657
511.920708534,2703,4370.94545793,4370.94545793,2525.43515347,174.0,172.0,92,20.0,5.65656565657
771.806977977,3201,5536.53091338,5536.53091338,4895.45891289,373.5,392.5,92,20.0,5.65656565657
1895.81850157,3202,7090.64485398,7080.93164185,2913.96363862,23.5,25.5,92,20.0,5.65656565657
1218.20688644,3203,1107.30618268,1104.39221904,,143.5,222.5,92,20.0,5.65656565657
999.774233497,3206,3205.36000249,3205.36000249,445.253643982,3.0,14.0,92,20.0,5.65656565657
1676.07551222,101,3021.25416093,3102.49708604,947.463135583,1439.0,1760.0,93,0.0,0.0
868.866550167,201,1554.1139406,1503.60523753,1278.90626362,44.0,94.0,93,0.0,0.0
660.761306597,204,631.358788368,626.502182304,,12.0,21.0,93,0.0,0.0
813.28858726,205,582.792727725,582.792727725,,15.0,20.0,93,0.0,0.0
660.761306597,206,2428.20590006,2428.20590006,1092.73636448,12.0,21.0,93,0.0,0.0
1173.5611632,208,1456.98181931,1456.98181931,,12.0,13.0,93,0.0,0.0
690.58188813,301,1816.37066808,1813.06817595,1154.24528029,15.0,24.0,93,0.0,0.0
779.04485727,303,1121.87600087,1049.0269099,874.189091587,5.0,11.0,93,0.0,0.0
706.919000979,401,2128.95949476,2082.15947269,1151.01563726,36.0,79.0,93,0.0,0.0
947.053157533,403,1602.68000124,,,8.0,8.0,93,0.0,0.0
947.053157533,404,1748.37818317,1748.37818317,116.558545545,8.0,8.0,93,0.0,0.0
579.808610056,405,1894.07636511,1879.50654691,,11.0,17.0,93,0.0,0.0
706.919000979,407,757.630546042,751.802618765,,36.0,79.0,93,0.0,0.0
929.945560759,409,3788.15273021,3788.15273021,,15.0,14.0,93,0.0,0.0
8565.87149699,501,2671.1333354,2583.71442625,1070.15314628,13.0,35.0,93,0.0,0.0
567.161777958,502,7284.90909656,7284.90909656,2913.96363862,12.0,26.0,93,0.0,0.0
567.161777958,503,1456.98181931,,,12.0,26.0,93,0.0,0.0
854.215774277,601,3007.4047393,2715.8141112,1302.17750101,155.0,165.0,93,0.0,0.0
825.171990744,602,1456.98181931,1456.98181931,436.220356702,67.0,24.0,93,0.0,0.0
825.171990744,605,1238.43454641,1238.43454641,435.054771246,67.0,24.0,93,0.0,0.0
704.211793816,606,2195.1859411,2181.10178351,429.226843969,57.0,31.0,93,0.0,0.0
508.763988421,701,2161.18969865,2156.33309258,1165.58545545,7.0,10.0,93,0.0,0.0
552.739899366,801,3160.03167922,3012.06708112,,26.0,58.0,93,0.0,0.0
939.883175451,901,1529.83091028,1463.5382375,145.698181931,96.0,206.0,93,0.0,0.0
738.916120896,903,2525.43515347,2506.00872922,1894.07636511,39.0,28.0,93,0.0,0.0
532.680244287,1001,777.0569703,772.200364235,,9.0,30.0,93,0.0,0.0
532.680244287,1002,874.189091587,874.189091587,477.161545825,9.0,30.0,93,0.0,0.0
532.680244287,1005,3190.79018429,4545.78327625,3496.75636635,9.0,30.0,93,0.0,0.0
4851.68455537,1101,2587.57763562,2532.10194907,2816.83151734,92.5,176.5,93,0.0,0.0
1238.32518827,1201,2500.07287736,2449.02455139,548.796485274,130.0,153.0,93,0.0,0.0
1238.32518827,1202,2331.1709109,2331.1709109,,125.0,148.0,93,0.0,0.0
932.848858048,1301,1682.59324648,1678.17815006,973.749515907,179.0,262.0,93,0.0,0.0
722.460878835,1302,2156.33309258,2147.59120167,437.094545793,74.0,56.0,93,0.0,0.0
633.699876829,1303,1117.01939481,1114.59109177,2389.45018367,81.0,60.0,93,0.0,0.0
719.804709624,1304,1447.26860718,1439.49803748,517.228545856,62.0,61.0,93,0.0,0.0
739.593562848,1401,2986.81272959,2986.81272959,648.794004139,42.0,45.0,93,0.0,0.0
733.413709483,1402,2331.1709109,2331.1709109,,37.0,11.0,93,0.0,0.0
616.820604755,1403,2622.56727476,2622.56727476,436.220356702,27.0,11.0,93,0.0,0.0
733.413709483,1404,1845.51030446,1845.51030446,240.402000186,37.0,11.0,93,0.0,0.0
700.486370421,1501,1923.21600149,1923.21600149,1894.07636511,63.0,31.0,93,0.0,0.0
672.592692111,1502,1767.80460743,1754.20611045,631.358788368,77.0,24.0,93,0.0,0.0
855.006496198,1503,1641.53284976,1628.90567399,,71.0,149.0,93,0.0,0.0
855.006496198,1504,2841.11454766,2819.25982037,,71.0,149.0,93,0.0,0.0
672.592692111,1506,2642.80313336,2476.86909283,2331.1709109,77.0,24.0,93,0.0,0.0
655.767429307,1601,4079.54909407,4079.54909407,304.509200236,2.0,32.0,93,0.0,0.0
749.661131798,1701,2547.85025839,2490.76645788,411.077013306,77.0,139.0,93,0.0,0.0
1017.28700289,1702,2039.77454704,2039.77454704,757.630546042,29.0,22.0,93,0.0,0.0
1434.99391249,1801,2151.46569406,2100.38499072,121.415151609,122.0,168.0,93,0.0,0.0
736.170122037,1804,1291.85721312,1283.60098281,437.094545793,26.0,22.0,93,0.0,0.0
636.455531883,1806,1748.37818317,1748.37818317,437.094545793,17.0,15.0,93,0.0,0.0
1075.02816216,1807,2913.96363862,2913.96363862,,48.0,44.0,93,0.0,0.0
636.455531883,1808,1505.54787996,2258.32181993,242.830303219,17.0,15.0,93,0.0,0.0
863.427770684,1901,2601.92669899,3176.2203661,8628.01969235,27.0,20.0,93,0.0,0.0
803.644733387,1902,2768.26545669,2768.26545669,,21.0,14.0,93,0.0,0.0
929.311589001,1903,3142.22412365,3125.22600242,,18.0,14.0,93,0.0,0.0
910.1622971,2001,2648.46917377,2641.99369902,,34.0,34.0,93,0.0,0.0
897.421889391,2002,2136.90666832,2127.19345619,349.675636635,29.0,25.0,93,0.0,0.0
897.421889391,2003,2331.1709109,2331.1709109,,29.0,25.0,93,0.0,0.0
1225.47154479,2101,2615.00918157,2720.76784938,674.416070133,167.5,256.5,93,0.0,0.0
1183.35599535,2103,1468.31390013,1436.34124354,569.032343876,73.5,194.5,93,0.0,0.0
1085.18380338,2104,874.189091587,874.189091587,,25.0,25.0,93,0.0,0.0
929.426520575,2105,2375.85168669,2364.97288911,866.709918248,53.0,99.0,93,0.0,0.0
776.219749546,2106,378.815273021,375.901309382,233.11709109,45.0,38.0,93,0.0,0.0
940.33520356,2107,1851.98577921,1845.51030446,2732.94174192,36.0,52.0,93,0.0,0.0
2626.8091906,2201,1405.98745564,1376.84781925,1039.0916815,63.0,108.0,93,0.0,0.0
416.849378726,2203,1690.0989104,1690.0989104,72.8490909656,10.0,12.0,93,0.0,0.0
435.755591293,2205,2287.46145632,2287.46145632,1409.19281564,12.0,11.0,93,0.0,0.0
915.776689023,2301,2086.56607854,2049.12351371,1423.39353177,402.0,450.0,93,0.0,0.0
784.874444638,2304,2501.15212315,2400.37754732,,21.0,32.0,93,0.0,0.0
936.667394688,2305,1641.53284976,1628.90567399,,38.0,59.0,93,0.0,0.0
867.864531932,2401,1627.65683243,1655.13134674,1165.58545545,34.0,111.0,93,0.0,0.0
901.038145359,2403,1216.57981913,1211.48038276,598.981414606,20.0,17.0,93,0.0,0.0
668.599910415,2404,12602.892737,12595.6078279,233.11709109,48.0,76.0,93,0.0,0.0
1503.18203373,2501,2787.6271262,2514.85658245,1271.62135452,550.0,745.0,93,0.0,0.0
916.376482751,2502,1209.29491003,1207.83792821,315.679394184,48.0,81.0,93,0.0,0.0
1028.94964331,2503,2112.623638,2913.96363862,,23.0,26.0,93,0.0,0.0
694.964270242,2505,5536.53091338,5536.53091338,883.902303716,14.0,22.0,93,0.0,0.0
1047.1090561,2506,2331.1709109,2331.1709109,,60.0,61.0,93,0.0,0.0
1059.81051652,2507,1748.37818317,1748.37818317,,26.0,51.0,93,0.0,0.0
847.08481396,2601,1233.57794035,1229.6926555,,22.0,36.0,93,0.0,0.0
847.08481396,2602,947.038182553,874.189091587,,22.0,36.0,93,0.0,0.0
823.830520811,2701,3114.29863878,3059.66182055,378.815273021,116.5,133.5,93,0.0,0.0
944.602429443,2702,2155.36177137,2121.07413255,1712.40692092,97.0,84.0,93,0.0,0.0
714.918596461,2703,1932.92921362,2400.37754732,1456.98181931,71.0,48.0,93,0.0,0.0
792.409627725,2801,1766.5265532,1744.54402049,1864.93672872,86.5,141.5,93,0.0,0.0
748.325800926,2802,1262.71757674,1187.44018274,,56.0,56.0,93,0.0,0.0
690.3466553,3001,1044.17030384,1041.74200081,437.094545793,37.0,58.0,93,0.0,0.0
955.322240059,3101,663.736162131,631.358788368,801.340000621,22.0,22.0,93,0.0,0.0
655.446394338,3102,3496.75636635,3496.75636635,2913.96363862,16.0,10.0,93,0.0,0.0
1327.93243357,3201,2491.08275991,2714.78882769,615.574818659,371.0,603.0,93,0.0,0.0
1128.20062811,3202,1738.95065375,1790.81277866,842.31761429,401.5,592.5,93,0.0,0.0
1199.55301574,3203,2344.20706402,2364.4243783,1085.65651209,367.5,584.5,93,0.0,0.0
854.744902879,3204,2033.62284602,2141.34699387,450.450212471,40.0,86.0,93,0.0,0.0
1267.9291732,3206,2795.78622439,2751.42922234,1170.44206151,171.0,327.0,93,0.0,0.0
1146.97038801,3207,1063.5967281,1062.13974628,,44.0,109.0,93,0.0,0.0
